-Infini;+Infini;+Infini;32,25152;117,7036;6,821925
-Infini;+Infini;+Infini;24,5615;101,0976;359,909
-Infini;+Infini;+Infini;24,32749;101,4474;359,4938
-Infini;+Infini;+Infini;24,07521;101,3136;0,1653573
-Infini;+Infini;+Infini;24,3702;101,5294;359,9103
-Infini;+Infini;+Infini;24,43875;101,6001;-0,00448548
-Infini;+Infini;+Infini;24,45832;101,6178;-0,004398011
-Infini;+Infini;+Infini;24,46169;101,6715;0,01591168
-Infini;+Infini;+Infini;24,88945;101,7571;0,07503168
-Infini;+Infini;+Infini;24,4915;101,6999;0,005889952
-Infini;+Infini;+Infini;24,48724;101,7135;0,007982783
-Infini;+Infini;+Infini;24,26911;101,6876;359,9184
-Infini;+Infini;+Infini;24,44871;101,7384;0,01722118
-Infini;+Infini;+Infini;24,07668;101,7003;359,8935
0,02371;0,11938;1,51523;24,46561;101,7579;359,989
-Infini;+Infini;+Infini;24,39769;101,7525;0,03789996
0,05786;0,53622;1,99382;24,43307;101,7755;0,02042241
0,02989;0,27692;0,83355;24,47936;101,7757;0,0292396
0,0176;0,1553;0,4478;24,42097;101,7927;0,001078314
0,01644;0,14567;0,40835;24,86747;101,8459;0,0809449
0,01537;0,13339;0,37257;24,4683;101,8044;0,01183027
0,01546;0,12913;0,35986;24,45449;101,7925;0,01286255
0,01656;0,12983;0,36248;24,02643;101,7439;359,9244
0,02311;0,17192;0,47312;24,56992;101,7989;0,08880444
0,02823;0,20527;0,56028;24,36783;101,7976;359,9423
0,0277;0,19887;0,54298;24,45497;101,7921;-0,002421702
0,02799;0,19837;0,54009;24,55107;101,7928;0,02278066
0,02844;0,19883;0,53925;24,49002;101,7845;359,9802
0,02974;0,20632;0,55674;24,40002;101,7629;359,9452
0,0311;0,21196;0,56871;24,46204;101,8083;359,9938
0,02971;0,20305;0,54651;24,46169;101,8069;0,000426775
0,03036;0,20984;0,56078;24,4548;101,814;359,9909
0,0298;0,2074;0,55251;24,44644;101,8167;0,0007043281
0,02734;0,19312;0,51467;24,4465;101,8092;-0,003870524
0,02552;0,1822;0,48659;24,42593;101,7968;359,9854
0,02467;0,17763;0,4743;24,44377;101,7956;359,9861
0,02336;0,16899;0,45287;24,41413;101,7833;359,9744
0,0234;0,17036;0,45628;24,48209;101,8014;359,9914
0,02294;0,16691;0,44748;24,39816;101,7815;-0,003351544
0,02328;0,17076;0,45675;24,47857;101,7912;359,9708
0,02398;0,17691;0,47216;24,46521;101,7868;359,9894
0,02424;0,17861;0,47733;24,45091;101,7865;359,971
0,02441;0,17964;0,48084;24,44475;101,7779;-0,005623294
0,02586;0,19203;0,51178;24,44602;101,7713;0,01149336
0,02748;0,2039;0,54217;24,41984;101,7686;0,005880977
0,02954;0,2203;0,58423;24,43019;101,777;0
0,03284;0,24741;0,6532;24,42053;101,7465;0,005975712
0,03374;0,25497;0,67191;24,38931;101,7572;-0,001860797
0,03357;0,2542;0,67025;24,47357;101,7677;359,9813
0,03436;0,26035;0,68574;24,42087;101,7757;359,9843
0,03427;0,26258;0,69132;24,4386;101,7847;0,009171638
0,03479;0,26951;0,70781;24,43715;101,796;0,007942097
0,03396;0,26394;0,6923;24,43892;101,7986;0,005981274
0,03348;0,25658;0,67167;24,42347;101,8183;0,004871261
0,03042;0,22965;0,60373;24,43076;101,815;-0,001340964
0,03001;0,22339;0,58719;24,4224;101,8151;0,008845086
0,02778;0,20393;0,53964;24,43135;101,8114;0,01083091
0,02689;0,19689;0,5227;24,41177;101,8152;359,9937
0,02568;0,18741;0,50075;24,3858;101,8112;0,009434025
0,0254;0,1848;0,49499;24,4686;101,8211;359,9931
0,02474;0,17885;0,48126;24,4107;101,8214;-0,002073944
0,02439;0,17589;0,47535;24,45953;101,8202;-0,00114899
0,02379;0,17061;0,46407;24,42138;101,8275;-0,004525182
0,02311;0,16453;0,45099;24,45532;101,8218;359,9921
0,02344;0,16296;0,4497;24,41207;101,8308;-0,003934161
0,02404;0,1625;0,45152;24,4209;101,8495;359,9901
0,02515;0,16485;0,46069;24,43419;101,8408;-0,004650364
0,02652;0,16868;0,47241;24,43614;101,8483;-0,004191863
0,02791;0,17242;0,48332;24,44354;101,8423;359,9863
0,02846;0,16964;0,47767;24,43565;101,8272;359,9881
0,02888;0,16725;0,47295;24,40464;101,8258;359,9931
0,02839;0,15765;0,44925;24,45319;101,8422;359,9835
0,02973;0,16159;0,46049;24,44703;101,8301;359,9865
0,03195;0,17139;0,48641;24,45063;101,8308;359,9813
0,03146;0,16748;0,47659;24,36872;101,8049;359,9824
0,03062;0,16202;0,46155;24,42509;101,819;-0,005340174
0,0283;0,14914;0,42734;24,43798;101,8243;359,9834
0,02802;0,14718;0,42155;24,4089;101,7804;0,009677645
0,0274;0,14383;0,41242;24,45412;101,8189;359,9598
0,02764;0,146;0,41754;24,47691;101,7919;359,98
0,02509;0,13142;0,38067;24,40897;101,775;0,03265856
0,02622;0,13913;0,39974;24,38972;101,7879;359,9805
0,02627;0,14032;0,40204;24,44315;101,7839;0,009611812
0,02552;0,13639;0,39174;24,39087;101,7729;359,9924
0,02442;0,12949;0,37423;24,42696;101,7808;359,9699
0,0244;0,13011;0,37602;24,36918;101,746;0,03922892
0,02475;0,13332;0,38473;24,44184;101,7576;359,9786
0,02475;0,13377;0,38606;24,41371;101,7496;-0,005651915
0,02457;0,1326;0,38336;24,43026;101,7449;359,9829
0,0246;0,13322;0,38541;24,42157;101,7491;0,000169718
0,02453;0,13315;0,38549;24,40711;101,7494;-0,003567421
0,02353;0,12672;0,36882;24,41436;101,7533;359,9777
0,02277;0,1212;0,35484;24,38251;101,7225;-0,001926313
0,02611;0,1423;0,40673;24,40729;101,7501;359,9805
0,02393;0,12834;0,37141;24,38957;101,724;0,005482096
0,02255;0,11883;0,34616;24,43496;101,7618;359,9437
0,02258;0,11571;0,3375;24,40076;101,7385;0,01693338
0,02267;0,11625;0,33827;24,39922;101,7385;359,9848
0,0229;0,11712;0,33981;24,41319;101,732;359,9842
0,02437;0,12386;0,35519;24,41162;101,7263;359,9765
0,02459;0,12359;0,35433;24,36979;101,6959;-0,003977834
0,02562;0,12931;0,36815;24,40304;101,7245;0,0007669004
0,02589;0,13024;0,36981;24,39378;101,7223;359,9908
0,0264;0,13143;0,37216;24,63562;101,7631;0,06626352
0,02686;0,13296;0,37647;24,18309;101,6705;359,8962
0,02897;0,14411;0,40557;24,42391;101,7351;359,9758
0,02795;0,13621;0,38754;24,40803;101,7192;359,9854
0,0281;0,13719;0,38922;24,62989;101,7559;0,09805426
0,02816;0,13764;0,3901;24,33139;101,7016;359,9892
0,02768;0,13458;0,38333;24,4325;101,7006;0,00212119
0,02863;0,1412;0,40099;24,39189;101,699;-0,004988163
0,02848;0,14058;0,39974;24,41078;101,689;-0,002013002
0,02703;0,13163;0,378;24,41378;101,6937;0,009384545
0,02636;0,1276;0,36858;24,40129;101,69;359,9938
0,02714;0,13321;0,38275;24,46581;101,6935;0,003478096
0,02613;0,12768;0,36888;24,38103;101,6755;0,0002287177
0,02581;0,12696;0,36755;24,429;101,6839;359,9883
0,02772;0,13847;0,39679;24,44852;101,6932;359,9901
0,02765;0,13852;0,39822;24,37979;101,679;0,006482771
0,03006;0,15188;0,43194;24,40825;101,6844;-0,003718402
0,029;0,14486;0,41376;24,40909;101,6793;-0,00505916
0,02782;0,13818;0,39774;24,40747;101,6849;-0,002091705
0,02664;0,13215;0,38364;24,39907;101,6745;-0,002247191
0,02624;0,13032;0,37898;24,39817;101,6722;0,000731246
0,02678;0,13425;0,38975;24,45132;101,6782;359,9885
0,02879;0,14608;0,42001;24,35345;101,6617;0,009836468
0,03002;0,15378;0,44006;24,39166;101,6723;-0,0004546615
0,03043;0,15674;0,44748;24,38939;101,6783;0,009498975
0,03045;0,15737;0,44829;24,41241;101,6901;359,99
0,02918;0,15154;0,43272;24,40079;101,6901;0,0198303
0,03046;0,16084;0,45603;24,40559;101,6894;0,01475798
0,03097;0,16482;0,46665;24,39942;101,685;0,002939076
0,03096;0,1648;0,46686;24,16403;101,6476;359,895
0,03262;0,17491;0,49333;24,67113;101,7506;0,09725703
0,03212;0,17072;0,48321;24,1632;101,6474;359,9069
0,03224;0,17205;0,48729;24,46795;101,7359;0,001978271
0,03221;0,17195;0,48714;24,43004;101,7424;0,006654144
0,03232;0,17213;0,48885;24,36869;101,6786;0,1211627
0,03221;0,1714;0,48769;24,47228;101,7363;0,0006613225
0,03256;0,17307;0,49362;24,49797;101,7836;359,903
0,03207;0,16914;0,483;24,44696;101,7403;-0,005101944
0,0316;0,16516;0,47304;24,4521;101,7427;359,9809
0,03173;0,16485;0,47264;24,45345;101,7444;359,9667
0,03113;0,16108;0,46334;24,43134;101,7296;0,003730335
0,03047;0,15701;0,45186;24,44963;101,7338;-0,005588811
0,03004;0,15436;0,44386;24,43707;101,7306;359,9854
0,02918;0,1498;0,43147;24,44998;101,7295;0,001407758
0,0296;0,15242;0,43717;24,43999;101,7195;-0,003539279
0,02983;0,15302;0,43842;24,49782;101,7284;0,01493391
0,0295;0,15011;0,43122;24,40634;101,7228;359,9823
0,0298;0,1513;0,43466;24,42597;101,7344;0,001939166
0,03109;0,15843;0,45144;24,44427;101,7404;0,01113401
0,03112;0,15851;0,45101;24,45276;101,7445;-0,0001782011
0,03199;0,16281;0,46057;24,45275;101,7562;-0,0005646162
0,03298;0,16796;0,47399;24,4102;101,7506;0,007727568
0,03391;0,17257;0,48632;24,43924;101,7601;0,01175532
0,03583;0,18155;0,51015;24,48617;101,7685;359,9903
0,03608;0,18109;0,51024;24,44434;101,7525;-0,0003366839
0,0364;0,18063;0,50941;24,44774;101,7619;-0,001175142
0,03742;0,18493;0,51978;24,39688;101,7472;0,008262057
0,03926;0,19308;0,54002;24,4266;101,7547;-0,001209641
0,03968;0,19371;0,54144;24,44155;101,7549;2,813451E-06
0,03913;0,18937;0,53072;24,49334;101,7768;0,01478889
0,0392;0,18875;0,53059;24,43587;101,7484;-0,004427236
0,04034;0,19347;0,54344;24,44485;101,7444;359,9884
0,04117;0,19616;0,55093;24,41647;101,7358;359,9877
0,04072;0,1928;0,54286;24,42857;101,7266;-0,002735331
0,04059;0,19155;0,54065;24,44194;101,7446;0,01163459
0,04158;0,19762;0,55827;24,36031;101,7342;359,9821
0,04266;0,20375;0,57595;24,47187;101,7599;0,009638391
0,04289;0,20712;0,58789;24,42261;101,7448;-0,003718824
0,04287;0,2081;0,59388;24,44008;101,7378;3,751224E-06
0,04361;0,21423;0,61199;24,49628;101,7637;0,01983126
0,04461;0,22035;0,62839;24,66481;101,7685;0,09899486
0,04298;0,21342;0,61063;24,4199;101,705;359,9927
0,04247;0,2121;0,60736;24,40715;101,7055;-0,005636621
0,04208;0,21181;0,6066599;24,39648;101,6965;359,9766
0,04169;0,2113;0,60466;24,77984;101,7243;0,08934805
0,0407;0,20807;0,59552;24,43087;101,6712;359,9817
0,03871;0,19896;0,5717;24,45671;101,6673;359,9875
0,03604;0,18575;0,53706;24,01656;101,6199;359,9189
0,03515;0,18364;0,53112;24,46656;101,6805;359,9735
0,03589;0,18821;0,54333;24,37617;101,6455;0,001026378
0,03639;0,19184;0,55272;24,4317;101,6589;359,9912
0,03734;0,19793;0,56921;24,46859;101,6642;359,9934
0,03719;0,19783;0,5696599;24,40288;101,6521;0,005539864
0,03839;0,20544;0,59055;24,40303;101,653;0,001166288
0,04344;0,23191;0,65862;24,4272;101,6498;-0,003172274
0,05011;0,27332;0,76415;24,41106;101,6513;-0,001897683
0,04858;0,26165;0,73731;24,40205;101,6572;0,002867885
0,04795;0,25555;0,72272;24,40952;101,656;0,001700769
0,05001;0,26436;0,74601;24,40172;101,6595;0,01117338
0,05082;0,26625;0,75137;24,39482;101,6555;-0,003015841
0,05402;0,2803;0,78748;24,39259;101,6559;-0,003495764
0,05546;0,2869;0,8043;24,40828;101,6464;359,989
0,05635;0,29042;0,81368;24,41425;101,644;359,9872
0,05562;0,28537;0,79987;24,42446;101,6383;-0,004614373
0,05481;0,28062;0,78815;24,41355;101,6362;0,002080554
0,05363;0,27272;0,76843;24,40529;101,6366;0,006529083
0,05252;0,26636;0,7529;24,41034;101,6393;0,006937193
0,05289;0,26748;0,75505;24,40185;101,633;0,002380369
0,05217;0,26319;0,74468;24,39634;101,631;359,993
0,05288;0,26583;0,7522;24,42052;101,6263;359,9881
-Infini;+Infini;+Infini;24,40968;101,637;-0,004786348
0,0531;0,2669;0,75565;24,40634;101,643;0,0008588008
0,05274;0,26393;0,74862;24,41003;101,6438;0,004644786
0,051;0,25667;0,73115;24,44035;101,6502;0,02112507
0,04854;0,24164;0,69423;24,37165;101,6345;359,9883
0,05025;0,24846;0,71213;24,40274;101,6403;0,008781835
0,04988;0,24591;0,70529;24,44555;101,6316;0,009647631
0,05085;0,25076;0,7172;24,37568;101,6358;359,9825
0,05187;0,25521;0,72925;24,40136;101,635;359,9791
0,05195;0,25484;0,72808;24,39492;101,6367;359,993
0,05083;0,24837;0,71039;24,39384;101,6283;359,9861
0,04892;0,23788;0,68336;24,41847;101,6312;0,009969986
0,04823;0,23408;0,6741;24,3994;101,6325;-0,00512721
0,0488;0,23477;0,6759;24,39866;101,6229;0,01004998
0,04709;0,22708;0,65598;24,39595;101,6202;-0,003343048
0,04731;0,2277;0,6576599;24,40458;101,6056;-0,003914239
0,04722;0,22697;0,65537;24,39885;101,6116;359,9911
0,0477;0,22902;0,66;24,41708;101,6206;0,005765521
0,044;0,20918;0,60813;24,4;101,6193;0,003945036
0,04276;0,20301;0,59163;24,39991;101,6221;359,9921
0,04276;0,20294;0,59145;24,3914;101,6179;0,01273425
0,04322;0,20507;0,59632;24,42971;101,6258;359,9931
0,04229;0,19921;0,58061;24,40382;101,6176;0,01073574
0,0434;0,20458;0,59377;24,41152;101,6179;-0,002131151
0,04101;0,19496;0,56857;24,41485;101,6206;359,983
0,04354;0,20697;0,59821;24,38409;101,6081;0,007656605
0,0454;0,21696;0,62432;24,38757;101,6029;359,9911
0,04522;0,21815;0,62709;24,41154;101,5896;359,9774
0,04553;0,22215;0,63765;24,37451;101,5998;359,992
0,04294;0,21471;0,61728;24,41197;101,5993;359,967
0,04291;0,2138;0,61325;24,38383;101,592;0,03076322
0,04321;0,21638;0,61936;24,38815;101,589;0,002937876
0,04285;0,21554;0,61665;24,38066;101,5948;0,0145404
0,04031;0,20411;0,58732;24,38544;101,5875;0,0002887193
0,04121;0,20997;0,6017;24,39851;101,5649;0,01029653
0,03965;0,2021;0,58108;24,38303;101,5764;0,002369703
0,03719;0,18799;0,54309;24,39438;101,5714;-0,00273834
0,03653;0,18336;0,52958;24,39109;101,5741;359,9934
0,03656;0,18171;0,52428;24,38969;101,5588;0,009493371
0,03919;0,19414;0,55618;24,41512;101,5716;-0,003043517
0,04008;0,19886;0,56941;24,41448;101,5674;359,9877
0,04079;0,20228;0,57771;24,42566;101,5681;0,001632534
0,04265;0,21188;0,60292;24,44425;101,5605;359,9834
0,04489;0,22198;0,62875;24,19462;101,5518;359,8564
0,0455;0,22398;0,63473;24,3834;101,5739;359,9689
0,04639;0,22729;0,644;24,33875;101,5549;0,01028136
0,04677;0,22959;0,6502;24,43983;101,5796;359,9704
0,05131;0,24896;0,6999699;24,38641;101,5676;359,9858
0,05176;0,25107;0,70801;24,3659;101,5523;0,0009569379
0,0519;0,25044;0,70715;24,39486;101,5703;359,9889
0,05219;0,25278;0,71482;24,37783;101,557;359,9794
0,05247;0,25506;0,72283;24,37237;101,5409;359,9879
0,05292;0,25836;0,7327;24,41105;101,5549;0,001070728
0,05199;0,25414;0,7230901;24,38447;101,5224;9,373931E-07
0,0508;0,24934;0,71104;24,34526;101,5121;0,01276802
0,05126;0,2526;0,72094;24,39389;101,5208;0,009233075
0,05246;0,25818;0,73693;24,39572;101,5194;-0,001310592
0,05224;0,25488;0,72727;24,39235;101,5289;359,9843
0,05245;0,25441;0,72379;24,38514;101,5062;0,02682927
0,05303;0,25558;0,72601;24,36818;101,5035;-0,0007873088
0,05329;0,25707;0,72972;24,41017;101,5042;0,002634611
0,05442;0,26386;0,74564;24,32361;101,4862;359,9911
0,05301;0,2566;0,72564;24,39231;101,514;359,9363
0,05407;0,2586;0,72863;24,39713;101,4982;-0,0003084333
0,05631;0,27042;0,75875;24,36172;101,5031;359,9863
0,05615;0,26952;0,75484;24,61053;101,5234;0,08330018
0,05562;0,26584;0,74361;24,3294;101,4619;0,01262775
0,05503;0,26186;0,73334;24,3644;101,4656;-0,002297186
0,0557;0,26459;0,74073;24,36089;101,4571;-0,001744164
0,05624;0,26608;0,74532;24,37797;101,4548;0,004419581
0,0552;0,25997;0,72786;24,36751;101,4576;0,00124844
0,05425;0,25377;0,71177;24,36208;101,4563;0,01031419
0,05366;0,24974;0,70093;24,3639;101,4597;0,0105374
0,05264;0,24413;0,68612;24,34314;101,4707;0,004534565
0,05084;0,23477;0,6609;24,37283;101,4625;0,0007339113
0,05098;0,23451;0,6605901;24,36736;101,4641;-0,004631033
0,05078;0,2333;0,65802;24,43282;101,4816;359,963
0,05122;0,23536;0,66399;24,35938;101,4613;-0,001331772
0,05162;0,23665;0,66859;24,36267;101,4588;359,991
0,05021;0,23078;0,65396;24,31495;101,4569;-0,0007288916
0,05191;0,24263;0,68509;24,34543;101,469;0,003075575
0,05014;0,23336;0,66153;24,39015;101,4656;359,9913
0,05044;0,23491;0,6659099;24,31706;101,4544;-0,0006745638
0,05074;0,23649;0,67031;24,35488;101,462;359,9814
0,05123;0,23925;0,6783;24,39345;101,452;359,9832
0,05159;0,2409;0,68151;24,34664;101,4551;359,9842
0,05054;0,23569;0,66696;24,34885;101,4471;359,991
0,04953;0,23145;0,65556;24,35964;101,4392;359,9865
0,04636;0,21731;0,61736;24,33312;101,4264;0,02263355
0,04477;0,21064;0,59958;24,38694;101,453;359,976
0,04294;0,20093;0,57355;24,3527;101,4435;359,9891
0,04391;0,20552;0,58529;24,34703;101,4136;0,007394781
0,04338;0,20297;0,57851;24,34677;101,4402;359,9847
0,04386;0,2051;0,58358;24,36945;101,4259;359,9844
0,0438;0,20461;0,5811;24,34736;101,4274;0,007217687
0,04392;0,20528;0,58255;24,35192;101,4338;0,001240789
0,04634;0,21814;0,61738;24,35541;101,4457;0,004797414
0,04902;0,23117;0,65064;24,37916;101,4316;0,000715201
0,05094;0,24089;0,67595;24,35935;101,4446;359,9901
0,05304;0,2494;0,69618;24,33008;101,461;0,008485385
0,05362;0,25185;0,70153;24,34596;101,4261;359,98
0,05352;0,25107;0,69835;24,32373;101,4392;359,9937
0,05416;0,25472;0,70746;24,36896;101,4271;359,9773
0,05331;0,2514;0,69854;24,3377;101,4318;0,002570319
0,05213;0,24591;0,68473;24,33054;101,4215;0,01751242
0,05173;0,24467;0,68156;24,34115;101,4228;-0,003960068
0,0499;0,23557;0,65623;24,33801;101,4216;0,004864222
0,04932;0,23288;0,6493;24,3342;101,4105;-0,002489665
0,05004;0,2357;0,65677;24,32148;101,4244;359,9932
0,0489;0,23094;0,64471;24,29596;101,4081;0,02563198
0,04973;0,23669;0,6596;24,30907;101,4272;0,002702769
0,04966;0,23772;0,66239;24,36892;101,409;359,9752
0,04928;0,23565;0,65725;24,27976;101,4052;0,01979263
0,04862;0,23302;0,65046;24,36654;101,4221;0,002554972
0,04878;0,2352;0,65615;24,33471;101,4209;0,0003607545
0,0473;0,22945;0,64093;24,35007;101,4105;-0,005661252
0,04621;0,22507;0,6304;24,36085;101,4019;359,9865
0,04451;0,21838;0,61438;24,35512;101,4245;359,9908
0,04213;0,20712;0,58543;24,34093;101,4209;-0,003507456
0,04069;0,20113;0,57136;24,2888;101,4034;-0,003328044
0,03843;0,18902;0,54094;24,39671;101,4116;359,9885
0,03622;0,17852;0,51442;24,30934;101,4011;359,9937
0,03454;0,1709;0,49465;24,36288;101,409;359,9782
0,03238;0,16061;0,46823;24,35984;101,3948;359,9855
0,03066;0,15148;0,44475;24,33849;101,3749;359,9855
0,0293;0,14469;0,42782;24,33131;101,3985;359,9916
0,02861;0,14112;0,41886;24,3589;101,3891;359,9922
0,02918;0,14499;0,42819;24,35505;101,4108;359,9843
0,03274;0,16647;0,48271;24,34461;101,3991;359,9942
0,03705;0,19126;0,54487;24,35795;101,4026;359,9893
0,03798;0,19727;0,5601;24,35221;101,3943;0,004328715
0,03772;0,19564;0,55579;24,34221;101,3992;-0,0009998647
0,03812;0,19714;0,55977;24,35345;101,398;359,9937
0,03853;0,19983;0,56741;24,29683;101,3698;0,03014913
0,03903;0,20292;0,5759;24,38079;101,4078;359,974
0,04313;0,22667;0,63543;24,30272;101,3798;-0,00522728
0,04169;0,21777;0,61405;24,32325;101,3925;359,9938
0,04056;0,21219;0,60049;24,32863;101,3851;-0,002126007
0,04074;0,21432;0,60605;24,28078;101,3776;0,02316464
0,04143;0,21981;0,62014;24,35959;101,3846;0,008405826
0,04156;0,2208;0,6229;24,35034;101,3859;-0,001901458
0,04149;0,22085;0,6235901;24,31618;101,3723;0,02510765
0,04057;0,21536;0,60946;24,35594;101,3886;359,9757
0,04042;0,21444;0,60701;24,3101;101,3712;0,02447502
0,04159;0,221;0,62378;24,36241;101,3983;359,9859
0,04102;0,21732;0,61476;24,32992;101,3892;359,9836
0,04427;0,23445;0,65794;24,3187;101,3692;0,01097305
0,04975;0,26072;0,72371;24,31876;101,3766;0,00788782
0,04811;0,25213;0,70176;24,32483;101,3905;359,9847
0,04702;0,24278;0,6781;24,36334;101,3944;359,9823
0,04822;0,24699;0,68789;24,29959;101,3791;0,01762898
0,05043;0,25665;0,71128;24,35092;101,3888;359,974
0,05122;0,26089;0,72193;24,31153;101,3693;-7,21377E-05
0,053;0,27004;0,74456;24,35327;101,3927;359,9718
0,05306;0,26909;0,7399099;24,31987;101,378;-0,002432232
0,05324;0,26752;0,73449;24,32204;101,3777;359,9908
0,05273;0,26407;0,72413;24,35413;101,3874;0,005257515
0,05004;0,25192;0,69337;24,33266;101,3584;2,436225E-05
0,04865;0,24545;0,67687;24,33875;101,3528;359,9894
0,04864;0,24541;0,67619;24,32138;101,3433;-0,000711127
0,04781;0,2412;0,66549;24,33818;101,3392;359,9911
0,04762;0,24046;0,66432;24,30939;101,3325;0,0135195
0,04552;0,23151;0,64228;24,34166;101,3321;359,9873
0,04453;0,22611;0,62878;24,27665;101,3221;-0,001521968
0,04446;0,22837;0,63454;24,36973;101,319;359,9668
0,04409;0,22647;0,62977;24,34701;101,343;0,006326469
0,04336;0,2246;0,62619;24,85349;101,4118;0,010208
0,04254;0,22174;0,61893;24,33884;101,3471;0,008317303
0,04157;0,21603;0,60446;24,33046;101,3446;-0,004849876
0,04553;0,24132;0,66617;24,32383;101,3388;359,9929
0,04087;0,21515;0,60184;24,34031;101,3426;-0,001616439
0,03853;0,20243;0,5696;24,33169;101,3452;0,005802856
0,03717;0,19548;0,55193;24,34686;101,3338;359,9939
0,03651;0,1924;0,5438401;24,32418;101,3369;0,001223653
0,03481;0,18303;0,5198;24,32506;101,3394;359,9857
0,03388;0,17756;0,50493;24,30754;101,34;0,008090412
0,03113;0,16379;0,46824;24,32681;101,3366;359,985
0,03299;0,17341;0,49155;24,31103;101,3432;-0,004836018
0,03438;0,18203;0,51317;24,33062;101,349;-0,0002023908
0,03573;0,1893;0,53136;24,32124;101,3558;0,009603481
0,03664;0,19531;0,54586;24,33076;101,3484;-0,001799968
0,03881;0,20729;0,57574;24,32944;101,3462;-0,003100486
0,03962;0,21146;0,58515;24,32311;101,3393;-0,000122739
0,03909;0,21134;0,58327;24,33477;101,3399;-0,005240782
0,03874;0,20825;0,5755301;24,32202;101,334;-0,004034424
0,04039;0,21709;0,59733;24,3061;101,3326;-0,004064833
0,03794;0,20386;0,56464;24,31104;101,3344;359,9935
0,04292;0,2338;0,63669;24,30149;101,3293;0,001772386
0,04015;0,21885;0,59812;24,30729;101,3211;359,9868
0,03943;0,21545;0,58866;24,28562;101,3202;359,9618
0,03697;0,20131;0,5534;24,31707;101,3188;0,00474537
0,03508;0,19113;0,52736;24,07906;101,2694;359,889
0,03361;0,18281;0,50676;24,34157;101,3283;359,993
0,03205;0,17428;0,48546;24,33783;101,3384;359,9651
0,03024;0,16351;0,45856;24,33936;101,3211;359,9887
0,02838;0,15317;0,4328;24,3475;101,3248;-0,001087996
0,02709;0,14514;0,41298;24,33061;101,3127;359,9926
0,02534;0,13403;0,38596;24,31692;101,31;359,9882
0,02413;0,1257;0,36546;24,3028;101,3083;359,9866
0,02327;0,11961;0,35023;24,32375;101,305;0,02401574
0,02317;0,1186;0,34809;24,31789;101,3168;-0,002821007
0,02241;0,11358;0,33579;24,32601;101,3187;359,9894
0,02173;0,10906;0,32437;24,33542;101,3216;0
0,02204;0,11074;0,32833;24,31222;101,3345;0,007429287
0,02284;0,11641;0,34285;24,30612;101,3158;0,02906089
0,02374;0,1228;0,35947;24,38031;101,3203;359,9825
0,02157;0,10981;0,32662;24,32069;101,3081;359,9916
0,02218;0,11375;0,33522;24,55886;101,3046;0,08032115
0,02793;0,13772;0,3917;23,80413;101,2341;359,9539
0,03539;0,1343;0,3931;24,31584;101,3057;359,9751
0,03787;0,08463;0,40955;24,2657;101,2857;0,00110977
0,04922;0,04883;0,40347;24,28344;101,3142;359,9669
0,06309;0,03611;0,46901;24,29195;101,3198;359,9897
0,08569;0,07196;0,71694;24,29193;101,3186;0,01903673
0,0793;0,13553;0,8067;24,3093;101,3304;-0,005315613
0,04208;0,1104;0,46863;24,64144;101,3847;0,06422549
0,27036;1,27811;3,68843;24,31363;101,3599;0,00174445
0,1634;0,94286;2,54887;24,32236;101,3619;0,001202086
0,1196;0,69919;1,8656;24,33481;101,3659;0,002968496
0,09893;0,6634099;1,70425;23,95744;101,3198;359,9191
0,03286;0,21425;0,5717199;24,12945;101,3273;359,8848
0,03128;0,19823;0,52777;24,33975;101,3826;359,9855
0,02974;0,18388;0,49361;24,34493;101,3725;359,9903
0,03014;0,18529;0,49435;24,52753;101,4118;0,09136082
0,03057;0,18904;0,5039;24,11461;101,3313;359,8928
0,0336;0,20962;0,55562;24,33525;101,3814;-0,001414913
0,03544;0,22166;0,58695;24,35984;101,3786;359,9889
0,03546;0,21898;0,57979;24,31573;101,375;0,002119232
0,04087;0,24979;0,6607;24,35673;101,3898;0,0001743169
0,03995;0,23845;0,63253;24,66373;101,4142;0,05647778
0,03677;0,21455;0,57227;24,36782;101,3823;0,008729732
0,03416;0,19631;0,52523;24,35083;101,4017;0,01099645
0,03006;0,16963;0,45909;24,35765;101,3912;0,0131404
0,02657;0,14745;0,40363;24,36843;101,3831;0,00646813
0,02272;0,12109;0,3379;24,37671;101,3777;0,003772776
0,02093;0,10877;0,30693;24,38036;101,3683;0,001544774
0,01872;0,09405001;0,27033;24,39771;101,3494;359,9887
0,01671;0,08132;0,23834;24,38709;101,3495;359,9927
0,01318;0,05842;0,18294;24,41184;101,3262;359,9887
0,01443;0,06735;0,20508;24,65275;101,3617;0,08999526
0,01433;0,06717;0,20531;24,33947;101,2757;359,9795
0,0148;0,07124;0,21556;24,33579;101,2801;359,991
0,01461;0,07066;0,21438;23,94994;101,2465;359,9179
0,01524;0,07525;0,22643;24,1503;101,2507;359,8962
0,01593;0,08069;0,2405;24,36159;101,3017;359,9901
0,01632;0,08398;0,24898;24,35314;101,3043;359,9901
0,01663;0,08631;0,25512;24,34764;101,2944;0,00317965
0,01748;0,09189;0,26969;24,35863;101,3024;359,9931
0,01893;0,10169;0,29433;24,33846;101,2916;0,003539247
0,01889;0,10176;0,2939;24,34589;101,287;359,9916
0,01953;0,10615;0,30454;24,35737;101,2823;-0,004754376
0,02017;0,10997;0,31448;24,3639;101,2864;359,9833
0,02177;0,12047;0,3405;24,35189;101,2673;0,002492824
0,02358;0,131;0,36708;24,35149;101,2733;-0,002759903
0,02552;0,14187;0,39462;24,36618;101,287;359,9925
0,02614;0,14442;0,40195;24,35838;101,2723;359,9922
0,02926;0,16158;0,44541;24,33292;101,2576;359,9935
0,03132;0,17212;0,47174;24,37135;101,2655;359,968
0,0317;0,17281;0,47351;24,35332;101,2517;359,9859
0,03229;0,17436;0,47785;24,35688;101,2466;359,9738
0,03325;0,1773;0,48618;24,35246;101,2646;-0,002264169
0,0345;0,18221;0,49967;24,34768;101,2672;0,002146943
0,03449;0,18046;0,49762;24,33475;101,2752;0,00443775
0,03619;0,18904;0,51994;24,3649;101,2859;0,01381879
0,03792;0,19721;0,54022;24,34342;101,2861;0,01306209
0,03939;0,20351;0,5554;24,35762;101,2908;0,01099703
0,0398;0,20458;0,55778;24,3707;101,2825;0,02996239
0,03969;0,20321;0,55465;24,36163;101,2913;0,01874073
0,0389;0,19935;0,54656;24,38311;101,2819;0,02260687
0,03827;0,19606;0,53886;24,36643;101,3087;359,9783
0,03849;0,19865;0,54657;24,37208;101,2959;0,02516935
0,04083;0,21323;0,58357;24,38976;101,3183;359,9756
0,04219;0,22233;0,60787;24,55824;101,3389;0,1314061
0,04329;0,22932;0,62739;24,13814;101,2993;359,9258
0,04506;0,24239;0,66243;24,33566;101,3374;0,0363231
0,04687;0,25556;0,69891;24,38787;101,3658;359,9727
0,04652;0,25588;0,7036;24,36932;101,3439;0,01145264
0,05014;0,27768;0,76215;24,34632;101,3383;0,0247341
0,05131;0,28385;0,78085;24,37437;101,3425;0,004965912
0,05332;0,2931;0,80755;24,32718;101,3134;0,0236997
0,05503;0,302;0,83213;24,34857;101,3215;-0,002467456
0,05476;0,29909;0,82608;24,27912;101,2939;0,01715128
0,05275;0,28648;0,79411;24,36701;101,2957;359,9813
0,05151;0,27763;0,77121;24,36719;101,2971;359,9794
0,04909;0,26418;0,73853;24,33588;101,2946;359,994
0,04673;0,24995;0,70311;24,35369;101,2989;359,9887
0,0463;0,24696;0,69628;24,37654;101,2996;359,9751
0,04384;0,23226;0,65871;24,72263;101,3251;0,02465891
0,04177;0,21979;0,62546;24,38553;101,2858;359,9761
0,03997;0,20948;0,59897;24,4336;101,3033;359,9525
0,03784;0,19731;0,56662;24,3862;101,2853;359,9825
0,0365;0,1886;0,54393;24,36869;101,294;359,9926
0,03644;0,18767;0,54145;24,36789;101,2928;-0,001079735
0,03645;0,18677;0,53903;23,96812;101,2844;359,9024
0,03684;0,18636;0,5369;24,71798;101,3197;0,09018146
0,03663;0,18354;0,52907;24,36605;101,2966;0,003058269
0,03645;0,18139;0,52314;23,95642;101,2314;0,03554562
0,03687;0,18251;0,52621;24,30416;101,3215;359,9642
0,03777;0,18648;0,53711;24,33256;101,2912;0,001674435
0,03868;0,19089;0,54836;24,3613;101,2957;-0,004212811
0,04051;0,19983;0,57209;24,33291;101,3074;-0,002764184
0,0404;0,19926;0,57134;24,35146;101,2955;0,01134512
0,04013;0,19671;0,56461;24,35542;101,2609;0,08890355
0,0403;0,19655;0,56449;24,31636;101,3223;359,922
0,04074;0,19894;0,57146;24,37621;101,2527;0,07922988
0,0426;0,20812;0,59461;24,30114;101,3254;359,9193
0,04453;0,21789;0,61976;24,33414;101,2908;359,9932
0,04542;0,22268;0,63156;24,36092;101,2413;0,07971797
0,04796;0,23855;0,67191;24,36742;101,315;359,928
0,04951;0,24624;0,6918;24,27254;101,2863;359,9651
0,05198;0,26154;0,72952;24,3158;101,2679;-0,004542955
0,0539;0,2745;0,76051;24,31684;101,2226;0,1204095
0,05495;0,28467;0,78449;24,36817;101,3139;359,9106
0,05693;0,30032;0,82297;24,24613;101,2623;359,9785
0,05965;0,3202;0,87127;24,6799;101,309;0,0254416
0,06026;0,3301;0,89591;23,9447;101,2252;359,9666
0,05925;0,31099;0,84781;24,7007;101,3091;0,02650965
0,06214;0,33589;0,9085;24,33421;101,2664;359,9932
0,06442;0,35345;0,95147;24,33046;101,2671;0,006462444
0,0671;0,37331;1,00064;24,33378;101,2597;359,9898
0,06626999;0,37172;0,99665;24,34274;101,2564;-0,003668683
0,07067;0,39545;1,05756;24,34513;101,2522;0,00302965
0,06574;0,34916;0,94669;24,3506;101,2495;0,002052341
0,06974;0,37744;1,01781;24,33934;101,2432;0,04058309
0,06919;0,37549;1,01264;24,37064;101,2671;0,001142557
0,0731;0,39404;1,0592;24,35801;101,2639;0,006528515
0,07556;0,41192;1,1051;24,36108;101,2545;-0,001973785
0,06407;0,33525;0,91417;24,35855;101,2508;359,9917
0,05928;0,30172;0,83;24,40084;101,2583;359,9849
0,06248;0,32335;0,88269;24,3504;101,2427;359,993
0,06381;0,33059;0,9002;24,32388;101,243;-0,005120402
0,06145;0,31962;0,87147;23,92113;101,1977;359,9713
0,06276;0,32838;0,89087;24,30842;101,2395;359,9592
0,06295;0,32992;0,89256;24,29366;101,2614;0,03476641
0,06409;0,33663;0,90928;24,34254;101,2781;359,9903
0,06031;0,31887;0,86419;24,35832;101,2772;359,9903
0,05875;0,31339;0,84864;24,31832;101,2736;0,004914059
0,04874;0,2386;0,66509;24,3221;101,2616;0,008631948
0,05156;0,25507;0,70455;24,3112;101,2821;0,01051053
0,04685;0,22274;0,62387;24,32986;101,273;0,01751513
0,05003;0,25046;0,6903;24,30854;101,2632;0,01806398
0,05095;0,26117;0,71609;24,26628;101,2502;0,02113725
0,04937;0,25477;0,69976;24,31584;101,2839;359,9906
0,04776;0,24619;0,67803;24,28758;101,2752;0,009968112
0,04656;0,23793;0,65543;24,30268;101,2899;0,006724264
0,049;0,24935;0,68346;24,70598;101,3201;0,06501151
0,04595;0,22721;0,6286;23,91802;101,264;359,9474
0,04584;0,23021;0,63423;24,30571;101,3013;359,9928
0,04475;0,22749;0,62515;24,27942;101,2994;0,01237364
0,04818;0,24967;0,67896;24,68258;101,3351;0,05004522
0,04979;0,26009;0,70436;23,95036;101,257;359,9466
0,05251;0,27512;0,74071;24,30887;101,2852;359,9782
0,04172;0,20596;0,57373;24,29211;101,2651;-0,0009020517
0,04375;0,2101;0,58588;24,31354;101,2981;359,9819
0,04341;0,20643;0,57928;24,29667;101,2698;-0,005275739
0,03985;0,18873;0,53362;24,29112;101,2764;359,9942
0,04205;0,20455;0,57173;24,30121;101,2693;0,003959757
0,04485;0,21997;0,60864;24,31727;101,2828;0,004890596
0,04699;0,23033;0,6355399;24,29376;101,2866;0,001437869
0,04601;0,22158;0,6148;24,29015;101,2861;0,007819532
0,04714;0,22685;0,62816;24,30195;101,2855;0,01036082
0,04679;0,22363;0,61955;24,30098;101,2854;0,007559777
0,04644;0,22136;0,61336;24,2971;101,2846;0,001078195
0,04688;0,22496;0,62223;24,30218;101,2852;-0,005299389
0,04708;0,22705;0,62691;24,30571;101,288;359,9914
0,04758;0,23104;0,63614;24,67731;101,3312;0,03480495
0,04634;0,22702;0,62327;24,31061;101,2836;0,002998845
0,05147;0,25761;0,70524;24,30305;101,2863;-0,003544816
0,0521;0,26152;0,71753;24,30631;101,2772;359,9896
0,05139;0,26087;0,71483;24,30381;101,2771;359,9862
0,04909;0,24962;0,6854;24,31143;101,2753;-0,004905361
0,04934;0,25163;0,69146;24,30964;101,2743;-0,0007232399
0,04861;0,24865;0,68329;24,30899;101,2737;-0,001240369
0,04744;0,24215;0,66609;24,30258;101,2788;0,004259573
0,04557;0,23198;0,63826;24,30541;101,2764;0,008658919
0,04483;0,22673;0,62243;24,30258;101,2813;0,008358017
0,04508;0,2271;0,62289;24,31015;101,2836;0,006779936
0,04278;0,21295;0,58404;24,28907;101,2831;359,9894
0,04315;0,21365;0,58327;24,31875;101,2932;-0,004871914
0,04123;0,20177;0,55093;24,32537;101,3008;0,007084321
0,03972;0,19327;0,52776;24,32683;101,3051;0,00314446
0,03818;0,18594;0,50817;24,33475;101,3102;0,0160578
0,03747;0,18271;0,4993;24,30149;101,3149;0,01284137
0,03768;0,18419;0,50243;24,3038;101,3044;0,007169301
0,03739;0,18229;0,49766;24,27597;101,2933;359,9864
0,03679;0,17929;0,48982;24,30562;101,2898;-0,001534495
0,03664;0,17859;0,48799;24,28442;101,2877;359,9899
0,03789;0,18527;0,50544;24,28345;101,2965;359,9927
0,03657;0,17867;0,48894;24,29981;101,2883;-0,005074465
0,03753;0,18455;0,50443;24,28865;101,2934;359,9857
0,03939;0,19392;0,52788;24,27418;101,3023;359,9932
0,04104;0,20195;0,54839;24,29146;101,2825;-0,001115616
0,04256;0,20873;0,56527;24,29146;101,2823;0,0002660242
0,0433;0,21155;0,57276;24,27587;101,2645;0,01473163
0,04487;0,2199;0,59385;24,31945;101,2577;359,9942
0,04759;0,23486;0,63117;24,10105;101,2379;359,9814
0,04999;0,24719;0,66156;24,2732;101,2547;0,001796342
0,04812;0,23745;0,63615;24,30432;101,2459;-0,00283101
0,04713;0,23223;0,62279;24,30579;101,2322;0,00728464
0,04756;0,23349;0,62629;24,31618;101,2243;359,9794
0,04841;0,23766;0,63721;24,27965;101,2456;359,9924
0,04712;0,2306;0,61853;24,31139;101,2495;359,9912
0,04609;0,22453;0,60354;24,40417;101,2962;359,9438
0,0457;0,2226;0,59867;24,05859;101,1924;-0,001686736
0,04689;0,22841;0,61408;24,50864;101,2966;-0,004417597
0,04532;0,22072;0,59531;24,01507;101,1752;0,0244606
0,0423;0,20457;0,558;24,25146;101,2276;-0,004533162
0,04702;0,22804;0,6143;24,39174;101,226;0,02514889
0,04713;0,22757;0,61348;24,15211;101,2167;359,9325
0,04606;0,22282;0,60148;24,25383;101,2104;359,9918
0,045;0,21724;0,58753;24,36559;101,1982;0,06629006
0,04722;0,22667;0,6118;24,1697;101,2144;359,946
0,04761;0,22859;0,61717;24,43186;101,2184;0,0860597
0,04971;0,23872;0,64213;24,04859;101,1652;359,9424
0,05024;0,23956;0,64443;24,55207;101,2157;0,05429762
0,05196;0,24718;0,66345;24,30278;101,1957;-0,002499352
0,05207;0,25002;0,66935;24,11254;101,1826;0,09267862
0,05208;0,25034;0,67147;24,06674;101,1289;359,9078
0,05378;0,26259;0,70255;24,26974;101,1954;359,98
0,05236;0,25793;0,69016;24,23903;101,1759;0,01353917
0,05085;0,25396;0,68062;24,57713;101,199;0,002846531
0,05039;0,25556;0,68476;24,28283;101,1714;359,9901
0,04751;0,24572;0,66011;24,50878;101,2119;0,08833987
0,04677;0,24564;0,65738;24,22201;101,1504;359,9912
0,04761;0,25502;0,67976;24,17808;101,1521;-0,005568434
0,05362;0,27879;0,73997;24,23296;101,1565;0,01061079
0,05117;0,26411;0,70576;24,23511;101,128;-0,004258248
0,05027;0,25907;0,6929;24,31801;101,1518;359,968
0,04989;0,25202;0,67519;24,17848;101,1024;0,01503201
0,04828;0,24549;0,65731;24,28801;101,1201;359,9669
0,04688;0,23995;0,64295;24,25054;101,1019;359,9922
0,04663;0,23803;0,63725;24,1788;101,0874;0,009866009
0,04564;0,22677;0,61087;24,29608;101,1052;359,9829
0,04514;0,21767;0,59139;24,25469;101,1135;-0,004283249
0,04431;0,20732;0,56694;24,2479;101,1079;-0,0006498506
0,04307;0,19701;0,54115;24,2254;101,0935;0,006746392
0,0409;0,18338;0,50599;24,27187;101,1113;359,9925
0,04024;0,1772;0,4917;24,23625;101,1082;0,00547641
0,03886;0,16995;0,47309;24,2513;101,1127;0,004073379
0,04301;0,20444;0,55652;24,22688;101,103;0,01664523
0,04761;0,23349;0,62453;24,2484;101,1059;0,005741929
0,0484;0,24479;0,65143;24,2475;101,1202;359,9936
0,04788;0,2445;0,6503;24,23428;101,1182;-0,004566256
0,04513;0,21627;0,58386;24,25396;101,1095;-0,002813032
0,04394;0,20669;0,56158;24,24578;101,1158;-0,001090869
0,0448;0,20813;0,56469;24,23137;101,1001;-0,002441773
0,04344;0,20426;0,55557;24,23998;101,11;359,989
0,04351;0,20769;0,56308;24,24703;101,1011;-0,0003258595
0,04494;0,21976;0,59118;24,25866;101,1051;-0,0004925797
0,05223;0,25577;0,67454;24,23995;101,094;-0,005588927
0,04869;0,23455;0,62584;24,26112;101,0786;359,9914
0,056;0,26912;0,70369;24,24714;101,0769;-0,004517089
0,05904;0,28164;0,72972;24,25373;101,0806;-0,0003015295
0,04901;0,25123;0,6638401;24,26262;101,0766;-0,004532624
0,04324;0,23056;0,61322;24,23727;101,0807;0,003364148
0,05104;0,25986;0,67972;24,25123;101,0885;-0,001005703
0,05644;0,28431;0,73333;24,22736;101,0729;0,01543567
0,04878;0,26035;0,67968;24,28334;101,0776;359,9878
0,04272;0,23417;0,61732;24,27968;101,0889;359,9919
0,04193;0,2331;0,61472;24,24415;101,0693;0,00316114
0,04052;0,22598;0,59861;24,00025;101,0322;359,8948
0,04081;0,22901;0,60577;24,19487;101,0699;0,01708096
0,04035;0,22759;0,60232;24,25982;101,0934;-0,002052747
0,0418;0,2381;0,62782;24,26643;101,0858;-0,002222364
0,04295;0,24575;0,64771;24,25744;101,0909;0,006484009
0,04275;0,24555;0,64695;24,23002;101,087;0,01526279
0,04152;0,23813;0,62869;24,29323;101,0959;359,9893
0,03961;0,22617;0,59849;24,25168;101,0761;359,9912
0,03963;0,22498;0,59632;24,24885;101,0679;359,9926
0,03879;0,21917;0,58238;24,24185;101,0617;359,9892
0,03831;0,21672;0,57571;24,25574;101,0578;-0,003076211
0,03718;0,20963;0,55813;24,23682;101,0574;-0,004410922
0,03695;0,20834;0,55513;24,22837;101,0487;359,9932
0,0361;0,20247;0,54094;24,24417;101,0454;-0,002928924
0,03489;0,19562;0,5237;24,27376;101,03;359,9881
0,03471;0,1945;0,52143;24,21894;101,0464;359,989
0,03561;0,19919;0,53381;24,25074;101,0509;0,006918162
0,03734;0,21007;0,56215;24,24084;101,0563;0,006377359
0,03691;0,20792;0,5574;24,25084;101,0648;0,008842479
0,03739;0,21107;0,56567;24,24196;101,0666;-0,0003043106
0,03718;0,20867;0,56045;24,25483;101,0707;-0,002301757
0,03839;0,21565;0,5787801;24,24221;101,0619;-3,745369E-06
0,03773;0,21023;0,565;24,2393;101,0738;0,001944738
0,03822;0,21273;0,57124;24,23178;101,0632;0,004763719
0,03961;0,21993;0,58909;24,23781;101,0626;359,9908
0,04192;0,23298;0,62191;24,26494;101,06;0,004787437
0,0425;0,23684;0,6313;24,24103;101,0549;-0,0005496279
0,04368;0,24209;0,64367;24,22362;101,0579;359,976
0,04472;0,24802;0,65696;24,25223;101,0375;0,00418016
0,04544;0,25272;0,66798;24,22915;101,0441;0,003210388
0,04683;0,26136;0,68967;24,30959;101,045;359,9467
0,04686;0,26161;0,68953;24,15948;101,0031;0,02547444
0,049;0,27459;0,72244;24,32866;101,0535;359,9638
0,05105;0,28753;0,75482;24,26438;101,0264;0,006061063
0,05002;0,28206;0,74032;24,25896;101,0245;-6,8362E-05
0,05109;0,2884;0,75671;24,22919;101,0267;359,992
0,05137;0,29091;0,76311;24,14897;101,0004;0,02539095
0,04898;0,27915;0,73321;24,35007;101,0347;359,9716
0,04842;0,27709;0,72824;24,19435;101,0237;-0,004742663
0,05016;0,28748;0,75552;24,22061;101,0211;0,0005860507
0,05015;0,28914;0,7594;24,24495;101,0252;359,994
0,04881;0,28338;0,74477;24,25768;101,0201;0,01030196
0,04692;0,27527;0,72401;24,25684;101,0261;359,9844
0,04498;0,26501;0,69833;24,23336;101,0237;359,9938
0,04549;0,27046;0,71363;24,24878;101,0026;0,003513338
0,04184;0,24851;0,65661;24,23655;101,0076;359,9926
0,03832;0,22655;0,59979;24,21556;100,9981;359,9657
0,03642;0,21461;0,57072;24,23353;100,9985;359,9894
0,03549;0,20905;0,55649;24,23237;101,0009;-0,002644963
0,03219;0,18749;0,50083;24,23099;100,9918;359,9865
0,02968;0,1716;0,46019;24,24047;101,005;0,003911048
0,02831;0,16228;0,43598;24,23475;100,9924;-0,003641222
0,02723;0,15385;0,41479;24,22359;100,9928;-0,002862915
0,02561;0,14279;0,38715;24,22577;100,9905;359,9894
0,02313;0,1259;0,3483;24,23135;100,9873;-0,00416824
0,02658;0,14692;0,40069;24,23127;100,9843;0,0006029525
0,02659;0,1477;0,40478;24,22154;100,9802;-0,001475436
0,02986;0,16789;0,45331;24,24248;100,987;-0,003330576
0,02756;0,15352;0,42004;24,22914;100,9836;0,0003529648
0,031;0,17481;0,47415;24,23352;100,9829;0,002111307
0,03739;0,21389;0,57403;24,25639;100,9821;0,01423118
0,04095;0,23594;0,63084;24,22436;100,992;-0,0045116
0,04526;0,26261;0,70057;24,23702;100,9878;0,0008754442
0,05353;0,31379;0,83236;24,2357;100,9848;359,9894
0,05452;0,31967;0,84388;24,22765;100,9879;0,003515563
0,05467;0,32065;0,8454;24,22084;100,9823;0,001864881
0,06259;0,36687;0,96286;24,23631;100,9802;-0,003505503
0,0722;0,42299;1,10778;24,23034;100,9841;0,004173824
0,08562;0,49943;1,30363;24,26344;100,9922;359,988
0,09095;0,5298;1,38027;24,20339;100,9749;0,02110902
0,0954;0,55286;1,4351;24,23708;100,982;359,9886
0,10131;0,57921;1,50608;24,23585;100,9905;0,01676905
0,10003;0,56511;1,46949;24,23546;100,978;0,0003192758
0,09951;0,5647;1,47368;24,25376;100,9684;359,9941
0,09764;0,54711;1,43331;24,21828;100,9681;-0,003151135
0,09369;0,5225;1,36792;24,23849;100,9652;359,9914
0,08925;0,49069;1,28636;24,25533;100,9688;0,006727378
0,09101;0,5064;1,33111;24,24748;100,9696;0,0003099421
0,09118;0,51036;1,34326;24,2387;100,9704;0,01218709
0,09333;0,52999;1,40002;24,22381;100,9729;-0,004726909
0,09145;0,51833;1,37014;24,24161;100,9712;359,9918
0,09278;0,52976;1,40125;24,24218;100,9746;-0,004719164
0,09099;0,52093;1,37913;24,26308;100,966;-0,002163306
0,09126;0,52051;1,37799;24,21264;100,9772;-0,000727369
0,09096;0,51627;1,36655;24,24047;100,9692;-0,002726591
0,09029;0,51562;1,36994;24,24503;100,9736;-0,00288587
0,09097;0,52133;1,38503;24,23453;100,9693;359,9939
0,09209;0,52649;1,39761;24,19962;100,9654;0,02405127
0,08716001;0,52449;1,4101;24,26695;100,9904;359,979
0,09108999;0,5347199;1,42968;24,2213;100,9672;0,006682514
0,09133;0,53496;1,43023;24,22759;100,9595;359,9923
0,08933999;0,52739;1,41169;24,22242;100,9583;359,9929
0,08541001;0,50637;1,36245;24,22608;100,9409;0,02213326
0,08267;0,49299;1,32938;24,21486;100,9512;359,986
0,07743;0,46452;1,25988;24,24462;100,9478;359,9632
0,0754;0,4534;1,23146;24,41665;100,9804;0,09561694
0,06644;0,39916;1,09307;24,20945;100,9352;-0,00337839
0,06288;0,38192;1,05013;24,00675;100,8838;359,9047
0,06348;0,3861;1,06157;24,42975;100,9547;0,07290662
0,06556;0,40098;1,10083;24,21757;100,9095;359,9919
0,0595;0,36738;1,01586;24,21278;100,9087;359,9873
0,05713;0,35454;0,98313;24,21772;100,9112;0,006779687
0,05675;0,35441;0,98296;24,2156;100,9072;-0,0007554703
0,05712;0,35708;0,98916;24,21113;100,9061;0,01029444
0,05657;0,35386;0,98074;24,21016;100,9095;0,009464975
0,05643;0,35185;0,97607;24,21685;100,9145;359,989
0,05748;0,35875;0,99373;24,2171;100,8872;-0,004208965
0,0587;0,36748;1,01617;24,20828;100,8859;0,0009744728
0,05688;0,35541;0,98403;24,21693;100,8853;359,9861
0,06173;0,38616;1,06055;24,19395;100,8805;0,0006289836
0,0584;0,36397;1,00405;24,2312;100,8688;359,9927
0,05761;0,35843;0,9904;24,19748;100,8895;-0,00121869
0,05872;0,36499;1,00775;24,10437;100,8708;0,03570349
0,05993;0,37099;1,02375;24,1849;100,8785;-0,005728773
0,05894;0,36443;1,0061;24,20707;100,8732;0,009404835
0,05944;0,36937;1,01836;24,21426;100,9011;-0,002640842
0,05795;0,36324;1,00244;24,21591;100,8624;359,9917
0,05658;0,35296;0,97528;24,18897;100,8802;-0,0007899426
0,0581;0,36354;1,00237;24,20264;100,8607;0,002583502
0,05906;0,37107;1,02283;24,2065;100,8581;-0,002278418
0,05906;0,37356;1,02925;24,21636;100,8759;-0,002666162
0,06054;0,38516;1,05962;24,22378;100,8532;-0,001706705
0,06092;0,38802;1,06837;24,21452;100,8646;-0,001374251
0,0628;0,40214;1,10595;24,17197;100,8686;-0,001155746
0,0635;0,40881;1,12358;24,20286;100,857;0,001918909
0,06438;0,41412;1,13799;24,18547;100,8715;-0,003474155
0,06527;0,41502;1,14168;24,21936;100,8653;-0,002552947
0,06654;0,42246;1,16363;23,8492;100,8289;359,9608
0,06709;0,42468;1,17153;24,53948;100,9165;0,03700975
0,0681;0,43119;1,19009;24,19702;100,8621;0,007817556
0,07249;0,46206;1,27211;24,19496;100,8637;0,006660542
0,07641;0,48914;1,34441;23,84266;100,833;359,9588
0,08219;0,52997;1,45159;24,18955;100,8676;359,986
0,08533999;0,55381;1,5153;24,1757;100,8636;359,9942
0,08835;0,57763;1,57936;24,15921;100,8774;-0,004519589
0,09332;0,61156;1,66679;24,18919;100,8533;0,008654755
0,0948;0,62101;1,68988;24,16141;100,8579;0,00546571
0,09549;0,62277;1,69097;24,18598;100,8516;359,9828
0,09655;0,63162;1,71089;24,17789;100,8307;359,9942
0,09514;0,62187;1,68347;24,5495;100,8744;0,003844599
0,08932;0,57683;1,56352;24,19559;100,8301;359,9915
0,08399;0,53921;1,463;24,18526;100,8411;359,9877
0,07719;0,49275;1,33919;24,17906;100,8418;359,9887
0,07337;0,46858;1,27461;24,19403;100,8227;-0,004393529
0,07157;0,45769;1,24486;24,20452;100,8304;359,9939
0,07188;0,45905;1,24622;23,97645;100,8042;359,9169
0,06984;0,44591;1,21061;24,22002;100,8456;0,003301904
0,07112;0,45547;1,23436;24,21055;100,8362;0,006947804
0,0746;0,47888;1,29377;24,21598;100,8363;359,9921
0,07757;0,50063;1,34944;24,20345;100,8263;359,9857
0,07983;0,51845;1,39516;24,21367;100,8265;0,005011118
0,08424;0,54981;1,47549;24,21005;100,8234;0,003029238
0,08859999;0,58004;1,55212;24,19552;100,8248;-0,0007768791
0,09351999;0,61386;1,63705;24,20692;100,8209;0,009201693
0,09328;0,61456;1,63747;23,90321;100,7834;359,9893
0,09351;0,62087;1,65453;24,20007;100,8139;359,9897
0,09213;0,61467;1,63899;24,21964;100,8068;359,9681
0,09075;0,60306;1,60779;24,18093;100,7952;-0,0003696774
0,08502;0,56264;1,50233;24,18055;100,7926;0,001033222
0,0845;0,5557;1,48316;24,15467;100,7766;0,01921834
0,07158;0,47288;1,27067;24,19705;100,8127;359,9629
0,07357;0,48526;1,30096;24,217;100,795;359,9736
0,07291999;0,47956;1,28576;24,15507;100,7639;0,02284705
0,07444;0,48831;1,30706;24,20002;100,7859;0,00426269
0,07721;0,50526;1,35034;24,18939;100,7807;-0,002907073
0,07977;0,52237;1,39298;24,195;100,7775;0,006316095
0,08109;0,53209;1,41996;24,21366;100,7938;359,9734
0,08237001;0,54805;1,46169;24,41337;100,7827;0,04534834
0,08837;0,59252;1,57861;23,92727;100,7617;359,9753
0,0908;0,614;1,63496;24,44343;100,7926;0,03293101
0,09622;0,65296;1,73666;24,22085;100,7752;0,002590424
0,09987;0,68429;1,81806;24,18512;100,7846;-0,004387606
0,09783;0,6744;1,79164;24,20151;100,7817;0,003063669
0,08484;0,58972;1,57594;24,19256;100,7841;0,00310838
0,07448;0,51545;1,38426;24,20419;100,7785;-0,001951691
0,07182;0,4986;1,34081;23,91493;100,7576;359,9756
0,07482;0,5234;1,40418;24,19765;100,7839;359,9907
0,07618;0,53596;1,43645;24,18722;100,7804;359,9726
0,06816;0,47602;1,27912;24,17913;100,7656;0,002417375
0,06558999;0,45526;1,22469;24,16728;100,7677;359,9829
0,06612001;0,45918;1,23332;24,1742;100,7638;-0,005462513
0,06407;0,44522;1,19683;24,19006;100,7574;359,9914
0,05987;0,41425;1,11619;24,17799;100,7571;0,001098712
0,07044;0,49258;1,31641;24,17724;100,7555;359,9887
0,07573999;0,5355999;1,42515;24,17784;100,7501;359,9892
0,07575;0,53692;1,427;24,1923;100,7437;359,9886
0,06408;0,4473;1,1939;24,192;100,7465;359,988
0,05573;0,38268;1,02667;24,4197;100,7472;0,06732082
0,05124;0,35234;0,94754;23,94713;100,736;359,9497
0,04799;0,33065;0,88966;24,17532;100,7456;0,00982737
0,04414;0,30183;0,81393;24,1904;100,7547;359,9872
0,04187;0,28427;0,7678;24,17091;100,7474;0,009961789
0,04861;0,33611;0,89773;24,1838;100,746;0,002248999
0,04307;0,29319;0,78786;24,18737;100,7463;-0,0002077785
0,04288;0,29201;0,78478;24,19268;100,764;-0,004077122
0,04498;0,30727;0,82253;24,16663;100,7336;0,003772159
0,04632;0,31979;0,85299;24,16363;100,7431;0,01203675
0,04901;0,3416;0,9066;24,19938;100,7508;359,9722
0,05228;0,36638;0,9679;24,16303;100,7445;0,009868533
0,05785;0,40664;1,06867;24,17719;100,7471;0,0003752817
0,05673;0,39859;1,04836;24,17977;100,7498;-0,0001516131
0,0504;0,35278;0,93289;24,43942;100,7605;0,04839807
0,05309;0,3729;0,98191;24,22359;100,7362;-0,0038141
0,05329;0,37588;0,98759;23,95729;100,7394;359,939
0,05484;0,38764;1,01617;24,16661;100,7315;0,009586203
0,05452;0,38647;1,01223;24,17554;100,7352;0,003783652
0,05992;0,4281;1,11528;24,20247;100,7425;359,9836
0,06515;0,46762;1,21362;24,16858;100,7379;0,01690057
0,07365;0,53143;1,37477;24,17573;100,7493;0,00477847
0,07961;0,57209;1,4775;24,18371;100,7522;0,000503521
0,08925;0,63969;1,6468;24,17153;100,7556;-0,0003752651
0,09822;0,70507;1,80368;24,16615;100,7614;0,005076626
0,11974;0,86406;2,19733;24,17728;100,7573;0,006757883
0,12582;0,89775;2,2832;24,4387;100,7671;0,05683889
0,13482;0,95719;2,42657;24,2054;100,7584;-0,00101751
0,1456;1,02746;2,59539;24,198;100,7575;-0,002922246
0,14579;1,01596;2,56515;24,19597;100,7536;0,002122854
0,1454;1,01073;2,54912;24,20405;100,7496;0,009727553
0,14107;0,97449;2,45041;24,42605;100,7841;0,1023661
0,12231;0,8432;2,12352;24,16817;100,7553;359,9876
0,12191;0,84512;2,12456;24,16219;100,7221;0,01098389
0,11315;0,7816;1,97529;24,18558;100,726;359,9906
0,1027;0,70543;1,78845;24,20162;100,7178;-0,00500409
0,10418;0,7101;1,79972;24,18674;100,7135;-0,003673543
0,10325;0,70558;1,7926;23,84825;100,6757;359,9776
0,10569;0,72595;1,84384;24,53307;100,7214;0,01189548
0,10998;0,75896;1,92377;24,17557;100,7013;359,9939
0,1176;0,81409;2,05493;23,94819;100,6589;359,968
0,11771;0,81754;2,0696;24,2152;100,6726;359,9863
0,11288;0,77822;1,977;24,16807;100,6854;-0,00332021
0,12144;0,84129;2,13415;24,09896;100,6566;359,982
0,12866;0,89643;2,27222;24,54538;100,7164;0,03401738
0,12863;0,88739;2,25219;23,8513;100,6285;-0,002531641
0,12761;0,87923;2,23178;24,43846;100,7058;359,952
0,12756;0,87451;2,21666;24,31384;100,6471;0,05541402
0,12552;0,8584;2,17636;24,21034;100,6641;359,9784
0,13063;0,8906;2,25654;24,22106;100,6517;359,9875
0,15576;1,04649;2,6477;24,21858;100,6458;-0,001499742
0,15511;1,02719;2,59898;24,18244;100,6276;0,003656573
0,15805;1,02587;2,58574;24,21746;100,6394;0,006659844
0,14138;0,90362;2,27824;24,21263;100,6432;359,9888
0,13498;0,85173;2,14809;24,23419;100,6281;359,9885
0,12377;0,77707;1,96499;23,98331;100,5955;359,9075
0,11462;0,71478;1,81212;24,24752;100,6441;359,9911
0,12582;0,77419;1,95865;24,19727;100,634;0,01119002
0,12639;0,78489;1,98365;24,23339;100,6323;359,9934
0,12198;0,7592101;1,91991;24,48247;100,6706;0,07986235
0,11676;0,74447;1,87747;24,00097;100,5545;359,9239
0,10506;0,67352;1,70385;24,48211;100,6455;0,07559086
0,11244;0,73917;1,86961;24,0133;100,5558;359,9113
0,10569;0,69142;1,74661;24,23949;100,6126;-0,004399778
0,10608;0,70145;1,7702;24,22867;100,6121;0,0004690576
0,08064;0,50253;1,26705;24,22679;100,6125;359,9917
0,09115;0,57752;1,46063;24,3365;100,6459;0,04115096
0,09135;0,58238;1,47838;24,21158;100,5968;-0,003186543
0,09361;0,62124;1,57368;24,10021;100,547;359,9452
0,08259;0,55002;1,39767;24,2625;100,5959;359,991
0,07947;0,52774;1,34002;24,18636;100,6243;359,9645
0,07901999;0,53285;1,34703;24,28188;100,587;0,03525024
0,07245;0,49085;1,24057;24,24377;100,5983;0,001541238
0,05499;0,374;0,9574;24,18195;100,6045;359,9559
0,05307;0,36546;0,93506;24,25356;100,5745;0,04482014
0,05492;0,38093;0,97139;24,21973;100,6148;359,9402
0,05317;0,36954;0,94342;24,24137;100,5793;0,04496474
0,05135;0,35637;0,91336;24,23226;100,6173;359,9457
0,05304;0,36994;0,94837;24,25911;100,5938;0,04665758
0,05599;0,39186;1,00325;24,22735;100,5918;359,994
0,05768;0,40656;1,04118;24,19983;100,5811;0,01025702
0,05528;0,38951;1,00227;24,26417;100,5915;359,9871
0,05603;0,39284;1,01186;24,23175;100,6035;0,008904819
0,0614;0,43451;1,11512;24,21981;100,5838;359,9878
0,06235;0,44077;1,13046;24,23097;100,5919;359,9886
0,06115;0,42652;1,09563;24,22645;100,5898;0,003247769
0,07541;0,52051;1,32355;24,22092;100,6022;-0,0002059609
0,07458;0,5065;1,28902;24,24527;100,6025;-0,001304356
0,07582;0,51094;1,30047;24,47372;100,6357;0,08517746
0,07467;0,50082;1,27603;24,19584;100,6084;0,003572718
0,07391001;0,49538;1,26444;24,22275;100,5908;359,9911
0,07605001;0,50726;1,29439;24,20084;100,6041;-8,517947E-05
0,08053;0,53982;1,37709;24,20838;100,6055;0,01152705
0,0816;0,54731;1,39783;24,19799;100,6096;0,000925721
0,08426999;0,56646;1,44935;24,19442;100,6141;0,005871471
0,08295;0,56014;1,4387;24,19311;100,6151;0,01266851
0,08244999;0,56075;1,44471;24,20223;100,63;0,01357738
0,08354;0,5713;1,47661;24,19036;100,6184;-9,359613E-07
0,08334;0,56905;1,47466;24,17319;100,6265;-0,0004014733
0,08356;0,57286;1,4881;23,96157;100,6019;0,006297133
0,08262;0,57105;1,48626;24,09125;100,6067;359,9932
0,0786;0,54334;1,41889;24,53371;100,6556;0,01880481
0,07494;0,51761;1,35465;23,95791;100,6002;-0,002856986
0,07355;0,5054;1,32541;24,41635;100,6489;-0,001572405
0,07363;0,50817;1,33354;24,18128;100,6236;-0,002420223
0,07296;0,50659;1,3301;24,19787;100,6156;359,9866
0,07172;0,50021;1,31433;24,18623;100,6251;-0,005200032
0,07029;0,49237;1,29281;24,21471;100,6203;359,9835
0,06911;0,48891;1,28408;24,19222;100,6308;-0,00399006
0,06674;0,47345;1,2461;24,1993;100,6384;0,003462363
0,06481;0,45952;1,21176;24,18017;100,6392;0,0006598
0,06296;0,45013;1,18919;24,16803;100,6365;0,004433808
0,06182;0,44501;1,17665;24,16408;100,6362;359,99
0,06018;0,43537;1,15245;24,16088;100,6368;359,9936
0,0584;0,4218;1,11904;24,15084;100,6267;359,9895
0,05744;0,41388;1,09935;24,16509;100,6231;-0,0002264578
0,05723;0,40877;1,08711;24,13257;100,6112;-0,005663745
0,05613;0,39464;1,05252;24,184;100,6186;359,9891
0,05531;0,38689;1,03352;24,16892;100,607;359,989
0,05504;0,38131;1,01999;24,16879;100,6031;359,9908
0,05436;0,37306;0,99979;24,15301;100,5925;0,001731957
0,05623;0,3822;1,02264;24,15661;100,5992;359,9899
0,05735;0,38645;1,03367;24,19335;100,5797;-0,003581072
0,05765;0,38461;1,0294;23,95572;100,548;359,8958
0,05794;0,38414;1,02841;23,96148;100,5999;359,9213
0,05912;0,38744;1,0369;24,38111;100,5849;0,04019623
0,05873;0,38445;1,02995;24,20122;100,5818;-0,001258039
0,06031;0,39844;1,06685;24,17508;100,5817;359,9908
0,0608;0,40475;1,08341;24,16655;100,5838;359,9911
0,06141;0,41305;1,10545;24,18015;100,6071;-0,003745418
0,06198;0,4208;1,12516;24,15111;100,5717;359,9667
0,06257;0,42648;1,14047;24,18145;100,6033;-0,002254573
0,06223;0,42436;1,13641;24,1388;100,5878;359,9924
0,06241;0,4311;1,15322;24,17176;100,5855;0,007110398
0,06272;0,43435;1,16137;24,18197;100,5598;0,007739891
0,06172;0,42931;1,14908;24,1529;100,5396;359,9823
0,0615;0,43001;1,15066;24,17178;100,5702;0,0009713865
0,06518;0,45224;1,20316;24,1466;100,5416;359,9837
0,06555;0,45505;1,20756;24,17812;100,5691;0,006648431
0,06546;0,45423;1,20377;24,14832;100,5406;0,002087442
0,06459;0,4496;1,19067;24,17877;100,5706;0,01146729
0,06387;0,44839;1,18676;24,16165;100,5586;-0,004272637
0,06273;0,44511;1,1762;24,16973;100,5522;0,009608896
0,06249;0,44736;1,18127;24,16225;100,5362;0,003879641
0,06267;0,45229;1,19301;24,15654;100,5409;359,9897
0,0624;0,45552;1,19959;23,87982;100,5217;359,9785
0,06271;0,46205;1,21312;24,41578;100,557;-0,00143363
0,05792;0,43616;1,1486;23,89454;100,5184;359,9587
0,05928;0,45014;1,18166;24,40264;100,5708;0,0354845
0,06044;0,46383;1,21146;24,14294;100,5572;0,01263359
0,06029;0,46736;1,21783;24,16221;100,5561;0,003726176
0,06278;0,48539;1,25766;24,14656;100,5635;-0,005306951
0,06344;0,49459;1,27754;24,15203;100,5592;0,003970091
0,06594;0,51265;1,31777;24,16981;100,5635;359,9892
0,06921;0,53756;1,37188;24,10684;100,5473;0,008041201
0,07321;0,56902;1,44137;24,17897;100,5527;359,9827
0,07338;0,56885;1,43326;24,12854;100,5293;0,006834823
0,07171;0,55483;1,40612;24,13096;100,5297;359,9873
0,07096;0,55119;1,39049;24,17429;100,5359;359,9764
0,07104;0,55364;1,39369;24,13832;100,5311;-0,001884258
0,06986;0,5433;1,36628;24,16053;100,5313;-0,001538361
0,06885;0,5414;1,36118;24,13812;100,5169;0,009628036
0,06791;0,53117;1,33308;24,1775;100,5447;359,9876
0,06746;0,5333;1,33695;24,1566;100,5307;-0,005117418
0,06667;0,53405;1,33092;24,15592;100,5304;0,003150532
0,06569;0,53933;1,3354;24,15006;100,528;0,00735901
0,06585;0,54375;1,3421;24,15413;100,5286;0,001250089
0,06685;0,55856;1,37598;24,14563;100,5253;0,001985414
0,06688;0,56378;1,38991;24,13532;100,5156;0,009624084
0,06846;0,58157;1,43312;24,14176;100,5189;-0,002975225
0,06941999;0,58677;1,43083;24,1802;100,5375;359,9849
0,08467;0,68943;1,65477;24,14235;100,5267;0,001416513
0,02257;0,1429;0,40699;24,15018;100,5298;0,005890957
0,01672;0,10072;0,42223;24,14278;100,5271;0,00634626
-0,00431;0,07017;0,43143;24,14635;100,5213;-0,004773628
-Infini;+Infini;+Infini;24,14158;100,5209;0,002764709
0,04442;0,15675;1,01011;24,15636;100,5162;0,01658924
0,06258;0,13776;1,01161;24,15058;100,5114;0,001527949
0,06493;0,19194;1,00095;24,14758;100,5085;0,01403098
0,05713;0,26775;0,98213;23,88181;100,5032;359,979
0,05249;0,43415;1,22634;24,11881;100,5039;0,01271914
0,06912;0,66689;1,66493;24,17701;100,5067;359,9886
0,09079;1,00685;2,42529;24,13908;100,5372;0,002272537
0,11612;1,31493;3,13329;24,16143;100,5238;359,9791
0,06598;0,64126;1,51678;24,42652;100,5688;0,00750352
0,09691001;0,9238;2,14653;24,13524;100,5541;359,9937
0,07612;0,7315;1,71142;24,15872;100,5596;0,01325554
0,07646;0,74495;1,75116;24,14147;100,5555;0,002588813
0,06451;0,61776;1,4571;24,1409;100,544;0,001922656
0,06906;0,65133;1,53547;24,15375;100,5448;-0,001158388
0,07364;0,67813;1,59649;24,13635;100,5376;359,9889
0,08618;0,79037;1,85978;24,14028;100,5405;-0,005704319
0,08732;0,79088;1,85958;24,14331;100,545;359,9899
0,09427;0,85593;2,01161;24,15297;100,5424;8,70189E-05
0,09280001;0,85483;2,01681;24,14394;100,5368;0,007642152
0,10226;0,94497;2,22713;24,1525;100,5303;359,9875
0,09702;0,88666;2,09603;24,14465;100,5211;-0,001701904
0,10042;0,90481;2,14294;24,14592;100,5063;359,992
0,10692;0,96429;2,28716;24,1631;100,4987;359,9816
-Infini;+Infini;+Infini;24,14973;100,4957;-0,005079717
0,11067;1,00084;2,37384;24,13077;100,4965;0,003419343
0,10459;0,95553;2,27493;24,13637;100,4985;-0,001902005
0,09869999;0,91058;2,17045;24,14465;100,4981;0,0133018
0,09197;0,85328;2,0377;24,13591;100,4973;0,01143351
0,08681;0,81024;1,93506;24,14412;100,4915;0,007278207
0,0828;0,77027;1,83681;24,13257;100,4931;0,002246227
0,08244;0,75842;1,80843;24,12643;100,4901;-0,003472549
0,08041999;0,74981;1,78831;23,85168;100,464;359,9823
0,07833;0,73855;1,75988;24,11933;100,4732;359,9874
0,07855;0,76187;1,81427;24,10142;100,4711;0,002846149
0,07991;0,78868;1,87484;24,11543;100,4654;359,9909
0,07656;0,76875;1,82448;24,10759;100,4607;359,9911
0,07527;0,76108;1,80474;24,39059;100,4818;359,992
0,07594001;0,78021;1,85124;24,13052;100,4604;359,9924
0,07397;0,7739699;1,838;24,14199;100,4584;0,0004696747
0,07165;0,7546;1,79429;24,14242;100,4576;0,005973869
0,06686;0,71493;1,70148;24,1421;100,4557;0,001063786
0,06532;0,7051;1,67834;24,1366;100,4547;0,002357629
0,06412;0,70082;1,66877;24,12716;100,4455;0,004217226
0,05728;0,6132801;1,46088;24,1298;100,4493;-0,001218979
0,05519;0,59079;1,40626;24,12335;100,451;0,004609998
0,06247;0,6862;1,63351;24,11788;100,4537;0,001731482
0,0655;0,73518;1,75045;24,11964;100,4571;0,001337684
0,06314;0,71042;1,69065;24,11417;100,4674;0,009238045
0,06157;0,68855;1,64122;24,1402;100,4688;0,003580517
0,06841;0,78267;1,86669;23,85201;100,4498;359,9831
0,07548001;0,85205;2,0302;24,37663;100,4825;0,01331766
0,07385;0,84215;2,00999;24,14117;100,4712;-0,001932951
0,07036;0,81568;1,94978;23,83705;100,449;-0,002148672
0,07022;0,82065;1,96479;24,40495;100,4797;0,0009094188
0,07219;0,83663;2,00424;24,11586;100,4679;-0,001483569
0,07416;0,84883;2,03369;24,13034;100,4586;-0,0008307431
0,07511;0,85303;2,04378;24,12883;100,4537;-0,001339651
0,07517;0,84831;2,03185;24,11942;100,4514;359,9907
0,07971;0,89347;2,13697;24,11828;100,4478;-0,001687522
0,07294;0,79781;1,9052;24,13704;100,4418;359,9811
0,07101;0,7733;1,84559;24,12748;100,442;0,0001412606
0,06903;0,74222;1,77004;24,13048;100,445;359,9894
0,06652;0,70164;1,67096;24,15248;100,4515;0,007828864
0,0705;0,73652;1,75305;24,1269;100,4791;0,02695913
0,07306;0,7643;1,82067;24,14185;100,4688;0,004989586
0,06674;0,68225;1,6243;23,84558;100,4483;-0,003200817
0,06861;0,70204;1,67248;24,40394;100,4866;0,01497716
0,06753;0,67908;1,61845;24,13479;100,4691;0,00578266
0,06815;0,67387;1,60432;24,14109;100,4697;0,007273357
0,0663;0,64733;1,53994;24,37356;100,5027;0,1036049
0,06648;0,64839;1,54188;23,90314;100,4032;359,9047
0,06468;0,62967;1,49812;24,38916;100,5044;0,1020129
0,06361;0,62262;1,48182;24,13122;100,4347;0,0007867789
0,06036;0,58467;1,39211;24,12748;100,427;359,993
0,05929;0,56946;1,35616;24,1189;100,4217;359,9913
0,05913;0,56994;1,35965;24,12139;100,4302;0,005421903
0,058;0,55624;1,32777;24,12591;100,4173;-0,0005388417
0,05938;0,56963;1,36249;24,127;100,4293;0,02162495
0,05891;0,5672899;1,36068;24,14537;100,4231;-0,0008626523
0,06056;0,58095;1,3971;24,1634;100,4419;0,005428365
0,0622;0,60018;1,44638;24,1369;100,4238;0,02004644
0,06375;0,6219;1,5012;24,145;100,4069;0,01408402
0,06704;0,65312;1,57785;23,70847;100,3623;0,02914812
0,06876;0,66681;1,60863;24,08863;100,3723;0,01862297
0,06923001;0,67123;1,61885;24,09435;100,3885;359,9942
0,07036;0,67406;1,62496;24,11145;100,3692;0,008640137
0,07269999;0,69203;1,66689;24,12507;100,3825;359,9818
0,07338;0,6948;1,6758;24,10201;100,3978;359,984
0,07676;0,72275;1,73877;24,11298;100,3674;0,01538631
0,07657;0,72672;1,74579;24,13937;100,3765;359,9885
0,07748999;0,7337199;1,76037;24,14112;100,3377;0,006137538
0,08243;0,77388;1,85461;24,1304;100,3458;359,9841
0,08316001;0,78204;1,87207;24,50375;100,3533;359,9929
0,08305001;0,78903;1,88594;23,93644;100,2941;359,8956
0,08642;0,81931;1,95933;24,18943;100,3405;359,9828
0,08599;0,8141;1,9496;24,16007;100,3397;359,9482
0,08627;0,81948;1,96388;24,20589;100,3254;-0,002975783
0,08717;0,82838;1,9851;24,19966;100,3109;-0,001852402
0,08758;0,83463;2,00256;24,2013;100,3103;359,9891
0,08703;0,83055;1,99598;24,22977;100,309;359,9895
0,08725;0,82825;1,99506;24,18316;100,2738;0,006277137
0,08637001;0,8144;1,96469;24,23671;100,2867;359,9662
0,08654;0,80965;1,95566;24,1636;100,2523;0,001079873
0,08644;0,80938;1,95801;24,23399;100,2624;359,992
0,08611;0,80759;1,95612;24,17993;100,2644;0,01223482
0,08494;0,79698;1,93381;24,20134;100,2657;0,005454316
0,08587001;0,81156;1,97139;24,19691;100,272;0,004280371
0,08684;0,82946;2,01698;24,20935;100,2654;359,9937
0,08968;0,85299;2,07428;24,20179;100,2737;-0,0004961039
0,09226;0,88485;2,1537;24,23375;100,2686;0,005633597
0,09395;0,90904;2,21265;24,20092;100,265;359,993
0,09621;0,9360999;2,27814;24,45493;100,2983;0,09664954
0,09792;0,9595399;2,33468;24,03136;100,2287;359,9739
0,10135;0,99751;2,42555;24,28191;100,2265;0,03842732
0,10514;1,03421;2,51572;23,9278;100,1934;0,003370046
0,10859;1,06508;2,58603;24,14006;100,2178;359,9935
0,11013;1,07785;2,61286;24,15546;100,2163;-0,003687615
0,10859;1,06565;2,58448;24,15609;100,2096;-0,002171783
0,10844;1,07515;2,60688;24,15704;100,2057;0,005925895
0,10799;1,06136;2,56771;24,3708;100,2112;0,05001765
0,10445;1,01731;2,4586;24,15702;100,1923;0,01661927
0,10194;0,99344;2,39904;24,03952;100,2011;359,982
0,10194;1,0023;2,41638;24,2484;100,1926;0,05843903
0,10265;1,01201;2,43372;24,064;100,1951;359,9759
0,10086;1,01519;2,44102;24,26874;100,191;0,03787452
0,10046;1,03385;2,47415;24,10083;100,2186;359,949
0,10433;1,10463;2,64468;24,08163;100,197;0,01406022
0,1006;1,0542;2,52314;24,10723;100,2154;359,9355
0,09913;1,04832;2,50681;24,57071;100,4833;0,2427658
0,09772;1,05963;2,52322;24,20102;100,0581;9,360395E-07
0,09667;1,06787;2,54137;23,90024;100,1217;0,09264719
0,09513;1,05522;2,50922;24,31577;100,0938;0,06843288
0,09302;1,06245;2,55411;24,38295;100,1019;0,1587158
0,08943;1,0096;2,42795;24,06801;99,96054;359,9487
0,0665;0,7654099;1,86796;24,03591;99,99175;359,8226
0,06239;0,71767;1,75842;24,2859;99,94711;359,9879
0,05371;0,6391;1,57077;24,7268;99,94141;0,03746381
0,04761;0,58965;1,45219;24,23512;99,80757;359,95
0,04055;0,62564;1,53711;24,33192;99,7323;359,9734
0,03436;0,60328;1,46528;24,39347;99,75474;359,9659
0,03647;0,63292;1,54452;24,04451;99,67919;-0,002420444
0,03283;0,53736;1,3104;24,54219;99,67066;359,8764
0,03132;0,54828;1,34075;24,66144;99,75111;0,07908964
0,03263;0,52927;1,29735;24,49076;99,67593;359,9774
0,0322;0,55541;1,37678;24,10354;99,62547;0,06376209
0,03032;0,53355;1,33684;24,56427;99,63895;0,1047739
0,02163;0,40553;1,01896;24,37899;99,64594;0,03141069
0,02031;0,36746;0,92574;24,81198;99,59708;0,04486478
0,02098;0,3674;0,93232;24,64772;99,59176;0,04263095
0,02792;0,43559;1,11639;24,70901;99,60942;359,9847
0,03323;0,47913;1,23985;24,759;99,51391;359,9619
0,02937;0,41521;1,07449;24,71327;99,50932;0,008020709
0,02384;0,3195;0,83444;24,43123;99,45821;0,03581231
0,03034;0,36297;0,94486;25,64655;99,56474;0,1007967
0,03487;0,36329;0,9658;24,59875;99,37653;0,07195963
0,04216;0,4185;1,1183;24,59012;99,3742;0,08931921
0,02651;0,25206;0,69675;25,25572;99,36115;359,9386
0,01664;0,1457;0,40932;24,9061;99,33957;359,9468
0,01885;0,16989;0,47978;25,13325;99,3533;0,06847184
0,01476;0,13535;0,3875;24,59158;99,27818;0,08767616
0,01465;0,15282;0,43619;25,26668;99,27534;0,1563073
0,02446;0,24151;0,66676;25,28387;99,50581;0,3743494
0,02585;0,26276;0,7305;25,14106;99,03527;359,9817
0,02002;0,20293;0,5686;24,91759;98,97129;-0,003708192
0,01859;0,18833;0,53217;24,66417;98,888;0,02897649
0,02172;0,23511;0,6541;25,32792;99,03728;0,03465538
0,0243;0,28876;0,79591;24,53453;98,69244;0,0459401
0,02403;0,35897;0,97166;25,27506;98,94986;0,003927703
0,01376;0,27998;0,76492;24,9302;98,76446;359,9625
0,01235;0,4718;1,22563;24,87675;98,87787;0,02647765
0,00568;0,7037801;1,79;24,38703;98,66888;0,1715673
0,00096;1,02152;2,55877;25,32011;98,83627;359,8935
-0,0084;1,22485;3,03254;24,42772;98,59597;0,1968426
-0,02036;1,29205;3,15804;24,86522;98,73603;0,1103602
-0,02109;1,03261;2,50386;25,60263;98,80122;359,9727
-0,02192;0,80108;1,93771;24,02869;98,5031;0,2826151
-0,02721;0,90518;2,1818;25,2372;98,74095;359,9886
-0,03123;0,94082;2,25128;24,10935;98,65027;0,538505
-0,05342;1,28731;3,01349;24,93218;98,39124;0,2286459
-0,0448;0,96546;2,25305;25,36585;98,47971;0,0592706
-0,04598;0,9082;2,12097;24,6303;98,20315;0,3066211
-0,01846;0,36583;0,8673;25,49688;98,30889;0,1562262
-0,05026;0,72002;1,73053;24,914;98,25234;0,2301889
-0,09642;1,21435;2,90916;25,29322;98,27563;0,2691022
-0,10243;1,18775;2,9204;25,91299;98,15306;0,14181
-0,06628;0,81823;2,06995;25,44976;98,57125;0,3979605
-0,08309;1,01559;2,67542;26,1204;97,71454;359,9862
-0,05313;0,68084;1,82414;25,4099;97,60081;0,006807419
-0,03161;0,33157;0,91263;26,28072;97,56055;359,8358
-0,03069;0,29643;0,82892;25,48758;97,24596;0,04224989
-0,02426;0,21484;0,63739;25,90137;97,26758;359,9641
-0,01884;0,1463;0,45441;25,96282;97,13824;359,9172
-0,01705;0,11985;0,38874;26,0367;96,976;359,8778
-0,02092;0,14925;0,47964;25,90488;96,85044;0,1070045
-0,02625;0,16546;0,52598;26,18231;96,53252;359,6083
-0,02433;0,14973;0,48041;26,1906;96,48615;359,8655
-0,02126;0,13271;0,43382;26,58926;96,51399;359,8694
-0,01892;0,11889;0,3965;25,84316;96,28646;0,1887091
-0,01252;0,07999;0,28478;26,7198;96,30504;359,9593
-0,00882;0,05602;0,21737;25,99961;96,02393;0,1929958
-0,00859;0,05287;0,21215;26,43692;95,98246;0,02964478
-0,01525;0,08608;0,30945;26,37629;95,79917;0,3067039
-0,01579;0,08692;0,31247;26,65833;95,43581;359,7578
-0,01772;0,09427;0,3361;26,72222;95,37652;359,9366
-0,01211;0,06897;0,26301;26,76137;95,20329;359,9128
-0,01029;0,0637;0,24934;26,82051;95,05122;359,9294
-0,01414;0,10036;0,36378;27,31209;95,01042;359,7956
-0,01552;0,11842;0,42092;27,48158;94,80134;359,8368
-0,01645;0,13085;0,46146;26,69357;94,59613;359,9054
-0,01652;0,13552;0,47797;26,7784;94,34683;359,9376
-0,01613;0,13612;0,48221;27,44489;94,20473;359,7998
-0,01398;0,12247;0,44528;26,88182;93,73114;359,8122
-0,01179;0,10848;0,40688;27,63217;93,62621;359,7342
-0,00709;0,07606;0,30507;27,76797;93,36754;359,6569
-0,00625;0,07054;0,2902;26,91933;93,23136;0,04958935
-0,00503;0,06295;0,2648;27,11807;92,90014;359,9636
-0,00562;0,06924;0,28478;27,70466;92,85999;359,8026
-0,00325;0,05017;0,22182;27,57943;92,21041;359,9037
-0,00323;0,05357;0,23303;27,42173;91,78518;359,6539
-0,00308;0,05873;0,24982;27,87812;91,72832;0,0660992
-0,00266;0,06676999;0,27551;28,21706;91,26583;359,455
-0,00297;0,08443;0,33099;27,14188;91,04592;0,1760415
-0,00321;0,08437;0,3308;28,31971;90,43069;0,08601516
-0,00395;0,0855;0,33378;28,43685;90,07411;0,1035917
-0,00395;0,08686;0,3376;28,52431;89,67294;0,06817057
-0,00516;0,09832;0,37775;29,32903;89,41769;359,81
-0,00768;0,11102;0,4273;28,22466;89,05405;0,2726485
-0,00808;0,10574;0,41887;28,97614;88,73971;0,1129574
-0,00701;0,08607;0,35167;29,10758;88,4222;0,09196383
-0,00585;0,06839;0,29511;29,23397;87,97372;0,01368961
-0,00573;0,0644;0,29264;29,50507;87,27922;0,0877767
-0,00716;0,06692;0,3138;29,69053;86,94805;0,05341139
-0,00472;0,05168;0,26577;30,50319;86,56577;359,7316
-0,00623;0,05767;0,29733;29,77967;86,21927;0,07467481
-0,00745;0,06232;0,32097;29,9901;85,83891;359,9891
-0,00673;0,07201;0,36395;30,02345;85,33355;359,7863
-0,00419;0,07568;0,37835;30,11211;84,66149;359,8745
-0,00473;0,07328;0,36909;29,85159;84,2027;0,0654645
-0,00395;0,07846;0,39331;30,46585;83,84208;359,6549
-0,00036;0,07778;0,39209;29,99731;83,32613;0,02728865
-0,00512;0,0831;0,41635;30,46292;82,92033;359,7233
-0,00769;0,08257;0,4141;30,2805;82,49472;0,08579685
-0,00906;0,07691;0,38785;30,74205;82,08524;359,8323
-0,009520001;0,06963;0,35661;30,7319;81,61152;359,9041
-0,01059;0,06089;0,32063;30,72897;80,77169;0,001847406
-0,01045;0,05299;0,28652;30,90399;80,2217;359,943
-0,01157;0,05681;0,3054;30,96093;79,77651;359,9297
-0,01004;0,06694999;0,34511;30,8297;79,28755;359,9572
-0,00873;0,06653;0,34478;30,98816;78,74207;359,8398
-0,01114;0,06795;0,35116;30,91965;78,25519;359,9497
-0,01337;0,06971;0,35869;31,02072;77,70463;359,8406
-0,01495;0,07025;0,36116;31,02282;77,18811;359,8842
-0,01963;0,07821;0,38988;30,88309;76,28737;359,976
-0,02063;0,07772;0,38962;30,88728;75,84668;359,9403
-0,02276;0,07807;0,3922;30,97209;75,41248;359,8805
-0,02531;0,07823;0,3921;30,83809;75,01303;0,005445096
-0,02854;0,08533;0,41114;30,91645;74,62032;359,9613
-0,03164;0,08755;0,41904;30,94299;74,22887;-0,002581192
-0,03409;0,08831;0,42021;30,99028;73,84016;0,005953725
-0,04386;0,10635;0,48049;31,15504;73,40553;359,993
-0,05033;0,11623;0,5158;31,16052;72,31516;359,9503
-0,04839;0,10856;0,48949;31,12925;72,01185;359,9406
-0,04812;0,10596;0,48201;31,11061;71,67068;359,9145
-0,05121;0,11235;0,50272;31,09306;71,35064;359,8585
-0,05283;0,1147;0,51124;31,09691;71,07217;359,9153
-0,06014;0,12909;0,55952;31,0699;70,7635;359,8389
-0,06828;0,14546;0,62397;31,05306;70,52043;359,8845
-0,06907;0,14543;0,62568;31,01596;70,18185;359,8081
-0,06958;0,14548;0,62346;30,99525;69,84581;359,9153
-0,06548;0,13409;0,58063;30,99581;69,61163;359,899
-0,06191;0,12882;0,55412;30,97481;69,38645;359,8851
-0,05791;0,11982;0,51718;30,97498;69,17083;359,8849
-0,05271;0,10807;0,46583;30,96333;68,97942;359,8898
-0,05136;0,10542;0,45157;30,94467;68,80893;359,9171
-0,05508;0,11304;0,47159;30,93592;68,65643;359,9339
-0,05549;0,11421;0,4656;30,93923;68,50565;359,8975
-0,05267;0,11004;0,44899;30,88615;68,23599;359,9738
-0,05136;0,10714;0,43792;30,85812;68,13689;0,02722421
-0,05173;0,1083;0,44188;30,82852;68,04975;-0,002297729
-0,0522;0,10946;0,44457;30,82417;67,90742;359,9752
-0,0528;0,11014;0,44552;30,80221;67,80651;359,9714
-0,05325;0,11099;0,44459;30,78637;67,67984;359,9575
-0,05247;0,10827;0,4335;30,74625;67,57375;359,9666
-0,05291;0,10889;0,43429;30,762;67,41201;359,8716
-0,05407;0,10943;0,43541;30,64884;67,31892;359,9567
-0,0549;0,10845;0,43033;30,6392;67,23502;359,953
-0,05566;0,10815;0,42582;30,64311;67,19282;359,9416
-0,05687;0,11024;0,43135;30,60808;67,17192;359,9614
-0,05779;0,1131;0,43868;30,60803;67,17048;359,9832
-0,0588;0,11763;0,45137;30,59431;67,18124;0,01021601
-0,06019;0,12447;0,46632;30,61094;67,12936;359,984
-0,05905;0,12295;0,45503;30,62218;67,18191;0,01388984
-0,05738;0,11909;0,44086;30,519;67,12127;-0,002144689
-0,05578;0,11483;0,4256;30,55433;67,11531;359,9842
-0,05554;0,11392;0,42231;30,52386;67,09041;359,9727
-0,05607;0,11467;0,42528;30,50525;67,09232;359,9921
-0,05682;0,11636;0,43136;30,49924;67,06329;359,9903
-0,05783;0,11867;0,4389;30,49668;67,04601;-0,004037709
-0,05874;0,12053;0,44554;30,49212;67,01526;359,9815
-0,06007;0,12365;0,45495;30,54061;67,0015;359,9559
-0,05987;0,12209;0,44917;30,42354;66,95716;359,9864
-0,05892;0,11902;0,43795;30,42801;66,9245;359,9801
-0,05868;0,118;0,43362;30,42369;66,86794;359,935
-0,05895;0,11831;0,4334;30,40011;66,88784;359,9932
-0,05917;0,11889;0,43379;30,38908;66,87666;-0,005417925
-0,05925;0,11876;0,43187;30,38309;66,84512;359,957
-0,05948;0,11935;0,43194;30,36341;66,8325;359,9709
-0,05958;0,11971;0,43161;30,36619;66,79504;359,9392
-0,05923;0,11929;0,42819;30,38368;66,83037;0,001285622
-0,0587;0,11834;0,42331;30,36939;66,82718;359,9904
-0,05838;0,11829;0,42121;30,3597;66,83528;-0,001546524
-0,05842;0,11945;0,42326;30,36653;66,81802;359,9916
