-Infini;+Infini;+Infini;24,46986;101,5496;1,876056E-06
-Infini;+Infini;+Infini;24,43912;101,6777;9,377991E-07
-Infini;+Infini;+Infini;24,39976;101,5429;3,750026E-06
-Infini;+Infini;+Infini;24,47932;101,5997;9,380984E-07
-Infini;+Infini;+Infini;24,4716;101,6459;9,38041E-07
-Infini;+Infini;+Infini;24,47171;101,6554;-1,876084E-06
-Infini;+Infini;+Infini;24,46446;101,6803;-9,379876E-07
-Infini;+Infini;+Infini;24,46422;101,6864;4,689929E-06
-Infini;+Infini;+Infini;24,47867;101,6853;2,814281E-06
-Infini;+Infini;+Infini;24,47447;101,6911;-1,876124E-06
-Infini;+Infini;+Infini;24,47014;101,6973;0
-Infini;+Infini;+Infini;24,4847;101,7294;-9,381384E-07
-Infini;+Infini;+Infini;24,47656;101,7374;0
-Infini;+Infini;+Infini;24,45283;101,7547;1,875802E-06
0,02371;0,11938;1,51523;24,44238;101,7587;-9,378232E-07
-Infini;+Infini;+Infini;24,44623;101,7686;-9,378522E-07
0,05786;0,53622;1,99382;24,44595;101,7767;-1,8757E-06
0,02989;0,27692;0,83355;24,44593;101,7806;1,8757E-06
0,0176;0,1553;0,4478;24,45202;101,7898;9,378952E-07
0,01644;0,14567;0,40835;24,47062;101,784;-9,380337E-07
0,01537;0,13339;0,37257;24,47359;101,7924;2,814167E-06
0,01546;0,12913;0,35986;24,47252;101,794;-2,814143E-06
0,01656;0,12983;0,36248;24,45315;101,8058;-9,379035E-07
0,02311;0,17192;0,47312;24,4652;101,7965;9,379932E-07
0,02823;0,20527;0,56028;24,45363;101,8099;-4,689535E-06
0,0277;0,19887;0,54298;24,45385;101,8134;9,379086E-07
0,02799;0,19837;0,54009;24,46154;101,8108;9,379659E-07
0,02844;0,19883;0,53925;24,46015;101,8135;0
0,02974;0,20632;0,55674;24,45029;101,8241;-2,813647E-06
0,0311;0,21196;0,56871;24,44868;101,8243;1,87574E-06
0,02971;0,20305;0,54651;24,44909;101,8227;0
0,03036;0,20984;0,56078;24,44785;101,8196;-3,751457E-06
0,0298;0,2074;0,55251;24,44575;101,814;-4,689242E-06
0,02734;0,19312;0,51467;24,44403;101,8084;3,751342E-06
0,02552;0,1822;0,48659;24,44368;101,8049;-1,875666E-06
0,02467;0,17763;0,4743;24,44418;101,8014;-1,875674E-06
0,02336;0,16899;0,45287;24,44647;101,7964;-3,751415E-06
0,0234;0,17036;0,45628;24,4473;101,7929;-1,87572E-06
0,02294;0,16691;0,44748;24,446;101,7904;-9,378504E-07
0,02328;0,17076;0,45675;24,44571;101,785;1,875696E-06
0,02398;0,17691;0,47216;24,44394;101,7814;1,87567E-06
0,02424;0,17861;0,47733;24,4366;101,7777;-9,377803E-07
0,02441;0,17964;0,48084;24,43452;101,7754;-2,813295E-06
0,02586;0,19203;0,51178;24,43434;101,7741;9,377635E-07
0,02748;0,2039;0,54217;24,43019;101,777;0
0,02954;0,2203;0,58423;24,43019;101,777;0
0,03284;0,24741;0,6532;24,43493;101,7845;9,37768E-07
0,03374;0,25497;0,67191;24,43299;101,7888;-9,377536E-07
0,03357;0,2542;0,67025;24,43728;101,7909;0
0,03436;0,26035;0,68574;24,43511;101,7954;-1,875538E-06
0,03427;0,26258;0,69132;24,43701;101,7995;3,751134E-06
0,03479;0,26951;0,70781;24,43686;101,8027;3,751129E-06
0,03396;0,26394;0,6923;24,43651;101,8108;-1,875559E-06
0,03348;0,25658;0,67167;24,43697;101,8118;0
0,03042;0,22965;0,60373;24,43674;101,814;-9,377814E-07
0,03001;0,22339;0,58719;24,43568;101,8158;9,377736E-07
0,02778;0,20393;0,53964;24,43486;101,8182;-3,75107E-06
0,02689;0,19689;0,5227;24,43497;101,8206;3,751073E-06
0,02568;0,18741;0,50075;24,43382;101,8256;-9,377596E-07
0,0254;0,1848;0,49499;24,4356;101,8274;3,751092E-06
0,02474;0,17885;0,48126;24,43405;101,8346;1,875523E-06
0,02439;0,17589;0,47535;24,43472;101,8372;-3,751067E-06
0,02379;0,17061;0,46407;24,43357;101,841;2,813273E-06
0,02311;0,16453;0,45099;24,43494;101,8458;-3,751072E-06
0,02344;0,16296;0,4497;24,43531;101,8484;-2,813312E-06
0,02404;0,1625;0,45152;24,43298;101,8488;0
0,02515;0,16485;0,46069;24,43276;101,8492;2,813256E-06
0,02652;0,16868;0,47241;24,43247;101,8482;-2,813249E-06
0,02791;0,17242;0,48332;24,43093;101,8405;-9,377383E-07
0,02846;0,16964;0,47767;24,43206;101,838;9,377468E-07
0,02888;0,16725;0,47295;24,43172;101,8362;1,875488E-06
0,02839;0,15765;0,44925;24,43069;101,8338;-2,813209E-06
0,02973;0,16159;0,46049;24,42895;101,8308;-3,750894E-06
0,03195;0,17139;0,48641;24,42429;101,8269;-2,813067E-06
0,03146;0,16748;0,47659;24,42505;101,826;-9,376945E-07
0,03062;0,16202;0,46155;24,42921;101,8244;0
0,0283;0,14914;0,42734;24,42607;101,8115;-1,875404E-06
0,02802;0,14718;0,42155;24,42793;101,8021;9,377157E-07
0,0274;0,14383;0,41242;24,42115;101,8042;-2,812997E-06
0,02764;0,146;0,41754;24,41952;101,7976;9,376535E-07
0,02509;0,13142;0,38067;24,42092;101,7889;-4,68832E-06
0,02622;0,13913;0,39974;24,41464;101,7858;0
0,02627;0,14032;0,40204;24,41992;101,7819;0
0,02552;0,13639;0,39174;24,4181;101,7794;2,812929E-06
0,02442;0,12949;0,37423;24,41428;101,7693;-2,812843E-06
0,0244;0,13011;0,37602;24,4205;101,7635;-4,688303E-06
0,02475;0,13332;0,38473;24,42062;101,7601;-1,875323E-06
0,02475;0,13377;0,38606;24,41829;101,7577;2,812933E-06
0,02457;0,1326;0,38336;24,41891;101,7556;2,812947E-06
0,0246;0,13322;0,38541;24,41836;101,7536;3,750579E-06
0,02453;0,13315;0,38549;24,41934;101,7526;-9,376521E-07
0,02353;0,12672;0,36882;24,41166;101,7487;0
0,02277;0,1212;0,35484;24,41811;101,7451;9,376428E-07
0,02611;0,1423;0,40673;24,41421;101,7435;-1,875228E-06
0,02393;0,12834;0,37141;24,41992;101,7423;1,875313E-06
0,02255;0,11883;0,34616;24,40986;101,7431;2,812745E-06
0,02258;0,11571;0,3375;24,41722;101,7407;2,812908E-06
0,02267;0,11625;0,33827;24,41678;101,74;5,625798E-06
0,0229;0,11712;0,33981;24,41501;101,7369;2,81286E-06
0,02437;0,12386;0,35519;24,41564;101,7368;3,750498E-06
0,02459;0,12359;0,35433;24,42459;101,7384;9,37691E-07
0,02562;0,12931;0,36815;24,42663;101,7389;9,377063E-07
0,02589;0,13024;0,36981;24,43021;101,739;0
0,0264;0,13143;0,37216;24,4076;101,7168;1,87513E-06
0,02686;0,13296;0,37647;24,4348;101,7346;9,37767E-07
0,02897;0,14411;0,40557;24,43078;101,7309;9,377371E-07
0,02795;0,13621;0,38754;24,43119;101,7262;-9,377401E-07
0,0281;0,13719;0,38922;24,41209;101,7024;9,375981E-07
0,02816;0,13764;0,3901;24,41357;101,699;1,875218E-06
0,02768;0,13458;0,38333;24,41491;101,694;9,376191E-07
0,02863;0,1412;0,40099;24,414;101,6916;9,376122E-07
0,02848;0,14058;0,39974;24,41968;101,6905;-9,376544E-07
0,02703;0,13163;0,378;24,4207;101,6893;2,812987E-06
0,02636;0,1276;0,36858;24,41606;101,6886;9,376275E-07
0,02714;0,13321;0,38275;24,41526;101,6876;4,688108E-06
0,02613;0,12768;0,36888;24,41791;101,6895;0
0,02581;0,12696;0,36755;24,41397;101,6877;5,625672E-06
0,02772;0,13847;0,39679;24,41088;101,6832;1,875178E-06
0,02765;0,13852;0,39822;24,41083;101,6842;-3,750356E-06
0,03006;0,15188;0,43194;24,41041;101,6832;3,750344E-06
0,029;0,14486;0,41376;24,409;101,6812;3,7503E-06
0,02782;0,13818;0,39774;24,40823;101,6798;-1,875139E-06
0,02664;0,13215;0,38364;24,40812;101,6803;-9,375687E-07
0,02624;0,13032;0,37898;24,40757;101,6802;-9,375647E-07
0,02678;0,13425;0,38975;24,40445;101,6789;0
0,02879;0,14608;0,42001;24,40891;101,684;-6,563022E-06
0,03002;0,15378;0,44006;24,40866;101,6873;-5,625435E-06
0,03043;0,15674;0,44748;24,41242;101,6893;9,376008E-07
0,03045;0,15737;0,44829;24,40998;101,6904;2,812748E-06
0,02918;0,15154;0,43272;24,41356;101,6933;2,812828E-06
0,03046;0,16084;0,45603;24,41566;101,6973;1,87525E-06
0,03097;0,16482;0,46665;24,41373;101,6999;-9,376103E-07
0,03096;0,1648;0,46686;24,43234;101,7247;-1,875497E-06
0,03262;0,17491;0,49333;24,40924;101,7059;9,375769E-07
0,03212;0,17072;0,48321;24,44379;101,7354;-9,378339E-07
0,03224;0,17205;0,48729;24,4453;101,7412;2,813535E-06
0,03221;0,17195;0,48714;24,44627;101,7418;9,378525E-07
0,03232;0,17213;0,48885;24,46576;101,7302;9,379976E-07
0,03221;0,1714;0,48769;24,46608;101,7296;2,813999E-06
0,03256;0,17307;0,49362;24,45026;101,7398;1,875764E-06
0,03207;0,16914;0,483;24,44996;101,739;0
0,0316;0,16516;0,47304;24,44355;101,7368;-9,37832E-07
0,03173;0,16485;0,47264;24,44132;101,7374;2,813446E-06
0,03113;0,16108;0,46334;24,44369;101,7333;9,378331E-07
0,03047;0,15701;0,45186;24,44208;101,7329;-4,689105E-06
0,03004;0,15436;0,44386;24,44237;101,7328;2,81347E-06
0,02918;0,1498;0,43147;24,44209;101,7327;-1,875642E-06
0,0296;0,15242;0,43717;24,44546;101,7357;-9,378462E-07
0,02983;0,15302;0,43842;24,44757;101,7354;9,378618E-07
0,0295;0,15011;0,43122;24,44419;101,7422;-1,875674E-06
0,0298;0,1513;0,43466;24,44722;101,7488;-3,751437E-06
0,03109;0,15843;0,45144;24,44692;101,7543;2,813571E-06
0,03112;0,15851;0,45101;24,44832;101,7563;0
0,03199;0,16281;0,46057;24,44647;101,7576;9,378537E-07
0,03298;0,16796;0,47399;24,44317;101,7592;0
0,03391;0,17257;0,48632;24,44393;101,7605;-2,813504E-06
0,03583;0,18155;0,51015;24,44448;101,7593;-5,627035E-06
0,03608;0,18109;0,51024;24,44469;101,7578;3,751362E-06
0,0364;0,18063;0,50941;24,44405;101,7566;1,875672E-06
0,03742;0,18493;0,51978;24,4426;101,7579;-2,813475E-06
0,03926;0,19308;0,54002;24,44155;101,7549;2,813451E-06
0,03968;0,19371;0,54144;24,44155;101,7549;2,813451E-06
0,03913;0,18937;0,53072;24,44377;101,7493;9,378336E-07
0,0392;0,18875;0,53059;24,44406;101,7477;0
0,04034;0,19347;0,54344;24,44274;101,746;4,68913E-06
0,04117;0,19616;0,55093;24,43558;101,7449;2,813318E-06
0,04072;0,1928;0,54286;24,44024;101,7443;9,378074E-07
0,04059;0,19155;0,54065;24,43964;101,7441;1,875606E-06
0,04158;0,19762;0,55827;24,44103;101,7467;-4,689067E-06
0,04266;0,20375;0,57595;24,44144;101,7414;-1,875633E-06
0,04289;0,20712;0,58789;24,44008;101,7378;3,751224E-06
0,04287;0,2081;0,59388;24,44008;101,7378;3,751224E-06
0,04361;0,21423;0,61199;24,43545;101,7281;9,377716E-07
0,04461;0,22035;0,62839;24,40735;101,7007;1,875126E-06
0,04298;0,21342;0,61063;24,40904;101,6978;-2,812727E-06
0,04247;0,2121;0,60736;24,40981;101,6945;-3,750326E-06
0,04208;0,21181;0,6066599;24,4099;101,6865;-2,812746E-06
0,04169;0,2113;0,60466;24,43497;101,6675;1,875536E-06
0,0407;0,20807;0,59552;24,43471;101,6629;0
0,03871;0,19896;0,5717;24,43567;101,6581;-1,875547E-06
0,03604;0,18575;0,53706;24,41558;101,6672;3,750497E-06
0,03515;0,18364;0,53112;24,41002;101,6657;-4,687914E-06
0,03589;0,18821;0,54333;24,41212;101,6606;2,812795E-06
0,03639;0,19184;0,55272;24,41126;101,6583;0
0,03734;0,19793;0,56921;24,40876;101,6542;-2,812721E-06
0,03719;0,19783;0,5696599;24,40943;101,6529;9,375786E-07
0,03839;0,20544;0,59055;24,40923;101,6529;-3,750308E-06
0,04344;0,23191;0,65862;24,40838;101,6521;-9,375706E-07
0,05011;0,27332;0,76415;24,40874;101,6528;-9,375732E-07
0,04858;0,26165;0,73731;24,40894;101,6521;9,375747E-07
0,04795;0,25555;0,72272;24,40818;101,6499;3,750278E-06
0,05001;0,26436;0,74601;24,4094;101,6495;5,62547E-06
0,05082;0,26625;0,75137;24,41022;101,6488;1,875169E-06
0,05402;0,2803;0,78748;24,41093;101,6439;9,375897E-07
0,05546;0,2869;0,8043;24,40879;101,6419;9,375737E-07
0,05635;0,29042;0,81368;24,41234;101,6409;9,376001E-07
0,05562;0,28537;0,79987;24,40969;101,6395;-9,375804E-07
0,05481;0,28062;0,78815;24,41022;101,638;-3,750338E-06
0,05363;0,27272;0,76843;24,41059;101,6385;0
0,05252;0,26636;0,7529;24,41008;101,6395;-3,750333E-06
0,05289;0,26748;0,75505;24,41007;101,6398;2,812749E-06
0,05217;0,26319;0,74468;24,40975;101,6408;-4,687905E-06
0,05288;0,26583;0,7522;24,40722;101,6418;1,875124E-06
-Infini;+Infini;+Infini;24,40565;101,6408;5,625302E-06
0,0531;0,2669;0,75565;24,40411;101,64;0
0,05274;0,26393;0,74862;24,40309;101,6399;0
0,051;0,25667;0,73115;24,40399;101,6367;-1,875076E-06
0,04854;0,24164;0,69423;24,4017;101,6372;2,812563E-06
0,05025;0,24846;0,71213;24,39982;101,6377;2,812521E-06
0,04988;0,24591;0,70529;24,4043;101,6318;2,812621E-06
0,05085;0,25076;0,7172;24,39854;101,6334;-1,874995E-06
0,05187;0,25521;0,72925;24,40035;101,6312;4,687555E-06
0,05195;0,25484;0,72808;24,40043;101,6281;0
0,05083;0,24837;0,71039;24,39995;101,6257;0
0,04892;0,23788;0,68336;24,40164;101,6225;-1,875042E-06
0,04823;0,23408;0,6741;24,40003;101,6194;-1,875017E-06
0,0488;0,23477;0,6759;24,40218;101,6167;9,375246E-07
0,04709;0,22708;0,65598;24,40294;101,6158;-1,87506E-06
0,04731;0,2277;0,6576599;24,40323;101,6154;-1,875065E-06
0,04722;0,22697;0,65537;24,40403;101,6166;1,875077E-06
0,0477;0,22902;0,66;24,40397;101,6162;9,375379E-07
0,044;0,20918;0,60813;24,40284;101,6161;9,375295E-07
0,04276;0,20301;0,59163;24,39822;101,6159;0
0,04276;0,20294;0,59145;24,40256;101,6164;2,812582E-06
0,04322;0,20507;0,59632;24,40175;101,6145;1,875043E-06
0,04229;0,19921;0,58061;24,39753;101,6135;-1,874981E-06
0,0434;0,20458;0,59377;24,39531;101,6116;9,374737E-07
0,04101;0,19496;0,56857;24,38714;101,6063;9,374129E-07
0,04354;0,20697;0,59821;24,39021;101,6036;-6,562051E-06
0,0454;0,21696;0,62432;24,38989;101,6003;0
0,04522;0,21815;0,62709;24,38967;101,5954;-1,874864E-06
0,04553;0,22215;0,63765;24,38838;101,5926;-9,374222E-07
0,04294;0,21471;0,61728;24,38461;101,5891;1,874788E-06
0,04291;0,2138;0,61325;24,38836;101,5875;-2,812267E-06
0,04321;0,21638;0,61936;24,38541;101,5839;0
0,04285;0,21554;0,61665;24,3947;101,5858;2,812407E-06
0,04031;0,20411;0,58732;24,38917;101,5801;-1,874856E-06
0,04121;0,20997;0,6017;24,39318;101,5801;-9,374579E-07
0,03965;0,2021;0,58108;24,39312;101,5794;-9,374573E-07
0,03719;0,18799;0,54309;24,39277;101,579;9,374546E-07
0,03653;0,18336;0,52958;24,38745;101,5774;-1,874831E-06
0,03656;0,18171;0,52428;24,38892;101,5761;-9,374263E-07
0,03919;0,19414;0,55618;24,38597;101,5745;0
0,04008;0,19886;0,56941;24,38025;101,5723;0
0,04079;0,20228;0,57771;24,3767;101,5654;-9,373358E-07
0,04265;0,21188;0,60292;24,37423;101,561;9,373172E-07
0,04489;0,22198;0,62875;24,38132;101,5796;1,874739E-06
0,0455;0,22398;0,63473;24,37465;101,5752;0
0,04639;0,22729;0,644;24,37905;101,568;0
0,04677;0,22959;0,6502;24,37672;101,5638;2,812007E-06
0,05131;0,24896;0,6999699;24,37653;101,5582;1,874669E-06
0,05176;0,25107;0,70801;24,37786;101,5495;-1,874688E-06
0,0519;0,25044;0,70715;24,37809;101,5462;-1,874692E-06
0,05219;0,25278;0,71482;24,38135;101,5368;9,373699E-07
0,05247;0,25506;0,72283;24,38106;101,5331;2,812104E-06
0,05292;0,25836;0,7327;24,38447;101,5224;9,373931E-07
0,05199;0,25414;0,7230901;24,38447;101,5224;9,373931E-07
0,0508;0,24934;0,71104;24,39342;101,5165;0
0,05126;0,2526;0,72094;24,39611;101,5141;1,874959E-06
0,05246;0,25818;0,73693;24,3914;101,5123;0
0,05224;0,25488;0,72727;24,38796;101,5145;0
0,05245;0,25441;0,72379;24,39066;101,5076;0
0,05303;0,25558;0,72601;24,38938;101,5028;0
0,05329;0,25707;0,72972;24,38567;101,4986;4,68701E-06
0,05442;0,26386;0,74564;24,38904;101,4977;1,874854E-06
0,05301;0,2566;0,72564;24,38019;101,5008;1,874723E-06
0,05407;0,2586;0,72863;24,38173;101,4975;-9,373729E-07
0,05631;0,27042;0,75875;24,37815;101,4937;1,874693E-06
0,05615;0,26952;0,75484;24,35861;101,4697;9,372017E-07
0,05562;0,26584;0,74361;24,36392;101,464;1,874482E-06
0,05503;0,26186;0,73334;24,3634;101,4601;1,874474E-06
0,0557;0,26459;0,74073;24,36408;101,4598;3,748968E-06
0,05624;0,26608;0,74532;24,36412;101,4598;0
0,0552;0,25997;0,72786;24,36258;101,4622;3,748924E-06
0,05425;0,25377;0,71177;24,3628;101,4637;0
0,05366;0,24974;0,70093;24,36465;101,4648;0
0,05264;0,24413;0,68612;24,36343;101,4665;-9,372374E-07
0,05084;0,23477;0,6609;24,36428;101,4673;2,81173E-06
0,05098;0,23451;0,6605901;24,36249;101,466;9,372304E-07
0,05078;0,2333;0,65802;24,35246;101,4653;9,371561E-07
0,05122;0,23536;0,66399;24,35297;101,4641;9,371599E-07
0,05162;0,23665;0,66859;24,35144;101,4631;2,811445E-06
0,05021;0,23078;0,65396;24,35489;101,4651;3,748696E-06
0,05191;0,24263;0,68509;24,35614;101,4637;3,748733E-06
0,05014;0,23336;0,66153;24,35328;101,4584;-3,748648E-06
0,05044;0,23491;0,6659099;24,35754;101,4597;9,371936E-07
0,05074;0,23649;0,67031;24,3575;101,4551;1,874386E-06
0,05123;0,23925;0,6783;24,35446;101,4479;1,874341E-06
0,05159;0,2409;0,68151;24,35174;101,4455;3,748602E-06
0,05054;0,23569;0,66696;24,35276;101,4436;9,371581E-07
0,04953;0,23145;0,65556;24,35318;101,4398;9,371614E-07
0,04636;0,21731;0,61736;24,3584;101,4355;1,8744E-06
0,04477;0,21064;0,59958;24,35302;101,4368;3,748641E-06
0,04294;0,20093;0,57355;24,3486;101,4359;1,874255E-06
0,04391;0,20552;0,58529;24,35377;101,4321;-9,371657E-07
0,04338;0,20297;0,57851;24,35312;101,4375;9,37161E-07
0,04386;0,2051;0,58358;24,34925;101,4362;-9,371323E-07
0,0438;0,20461;0,5811;24,35314;101,4379;1,874322E-06
0,04392;0,20528;0,58255;24,35339;101,4387;-9,371629E-07
0,04634;0,21814;0,61738;24,35272;101,4396;1,874316E-06
0,04902;0,23117;0,65064;24,35004;101,4384;3,748552E-06
0,05094;0,24089;0,67595;24,34717;101,4363;3,748468E-06
0,05304;0,2494;0,69618;24,34542;101,4332;2,811312E-06
0,05362;0,25185;0,70153;24,34648;101,4294;9,371118E-07
0,05352;0,25107;0,69835;24,34662;101,427;3,748451E-06
0,05416;0,25472;0,70746;24,34164;101,4226;0
0,05331;0,2514;0,69854;24,33875;101,421;4,685272E-06
0,05213;0,24591;0,68473;24,3455;101,4215;1,874209E-06
0,05173;0,24467;0,68156;24,3394;101,4181;-1,874118E-06
0,0499;0,23557;0,65623;24,33943;101,4182;5,622357E-06
0,04932;0,23288;0,6493;24,3404;101,417;2,8112E-06
0,05004;0,2357;0,65677;24,34136;101,4203;-9,370738E-07
0,0489;0,23094;0,64471;24,34679;101,4175;1,874228E-06
0,04973;0,23669;0,6596;24,34636;101,4176;-3,748443E-06
0,04966;0,23772;0,66239;24,34321;101,4159;-9,370875E-07
0,04928;0,23565;0,65725;24,34649;101,4173;2,811335E-06
0,04862;0,23302;0,65046;24,34518;101,4159;-9,37102E-07
0,04878;0,2352;0,65615;24,34495;101,4194;-3,748402E-06
0,0473;0,22945;0,64093;24,34368;101,4199;0
0,04621;0,22507;0,6304;24,34361;101,4181;-9,370905E-07
0,04451;0,21838;0,61438;24,34037;101,418;-1,874133E-06
0,04213;0,20712;0,58543;24,33851;101,4162;4,685263E-06
0,04069;0,20113;0,57136;24,34216;101,4153;-2,81124E-06
0,03843;0,18902;0,54094;24,33892;101,4086;0
0,03622;0,17852;0,51442;24,3403;101,4042;-1,874132E-06
0,03454;0,1709;0,49465;24,33835;101,4053;-3,748206E-06
0,03238;0,16061;0,46823;24,33786;101,4033;-2,811144E-06
0,03066;0,15148;0,44475;24,33962;101,3985;9,370611E-07
0,0293;0,14469;0,42782;24,33702;101,397;2,811126E-06
0,02861;0,14112;0,41886;24,33716;101,3957;9,370428E-07
0,02918;0,14499;0,42819;24,3348;101,3981;9,370254E-07
0,03274;0,16647;0,48271;24,33727;101,399;0
0,03705;0,19126;0,54487;24,33259;101,3948;0
0,03798;0,19727;0,5601;24,33354;101,3939;-9,37016E-07
0,03772;0,19564;0,55579;24,33109;101,3932;-1,873996E-06
0,03812;0,19714;0,55977;24,33047;101,3911;9,369933E-07
0,03853;0,19983;0,56741;24,33644;101,3879;-1,874075E-06
0,03903;0,20292;0,5759;24,33089;101,391;2,810989E-06
0,04313;0,22667;0,63543;24,3315;101,3929;0
0,04169;0,21777;0,61405;24,33225;101,3931;0
0,04056;0,21219;0,60049;24,33459;101,3928;1,874047E-06
0,04074;0,21432;0,60605;24,33993;101,3892;0
0,04143;0,21981;0,62014;24,33718;101,3882;9,370431E-07
0,04156;0,2208;0,6229;24,33544;101,3869;0
0,04149;0,22085;0,6235901;24,33819;101,3837;-2,811151E-06
0,04057;0,21536;0,60946;24,33477;101,3877;0
0,04042;0,21444;0,60701;24,3377;101,3857;1,874094E-06
0,04159;0,221;0,62378;24,33292;101,3883;0
0,04102;0,21732;0,61476;24,32845;101,387;9,369784E-07
0,04427;0,23445;0,65794;24,33028;101,3814;-1,873984E-06
0,04975;0,26072;0,72371;24,33113;101,3811;1,873996E-06
0,04811;0,25213;0,70176;24,3274;101,3774;-1,873941E-06
0,04702;0,24278;0,6781;24,3254;101,3797;-9,369559E-07
0,04822;0,24699;0,68789;24,32776;101,3746;3,747893E-06
0,05043;0,25665;0,71128;24,32381;101,375;-9,369441E-07
0,05122;0,26089;0,72193;24,32859;101,3692;1,873959E-06
0,053;0,27004;0,74456;24,32523;101,3688;-1,873909E-06
0,05306;0,26909;0,7399099;24,32752;101,3659;9,369718E-07
0,05324;0,26752;0,73449;24,3284;101,3619;-9,369779E-07
0,05273;0,26407;0,72413;24,32694;101,353;0
0,05004;0,25192;0,69337;24,32646;101,3503;-9,369637E-07
0,04865;0,24545;0,67687;24,32584;101,3489;-1,873919E-06
0,04864;0,24541;0,67619;24,3265;101,3486;-1,873928E-06
0,04781;0,2412;0,66549;24,32493;101,3477;9,369525E-07
0,04762;0,24046;0,66432;24,32668;101,3453;0
0,04552;0,23151;0,64228;24,32662;101,3465;2,810894E-06
0,04453;0,22611;0,62878;24,32634;101,3498;4,684814E-06
0,04446;0,22837;0,63454;24,32239;101,3535;-1,873867E-06
0,04409;0,22647;0,62977;24,31761;101,3522;0
0,04336;0,2246;0,62619;24,33236;101,3463;-1,874014E-06
0,04254;0,22174;0,61893;24,32885;101,3452;9,369813E-07
0,04157;0,21603;0,60446;24,32804;101,3449;2,810926E-06
0,04553;0,24132;0,66617;24,32652;101,343;-2,810893E-06
0,04087;0,21515;0,60184;24,32468;101,343;-9,369505E-07
0,03853;0,20243;0,5696;24,32377;101,3429;-1,873887E-06
0,03717;0,19548;0,55193;24,3234;101,3444;1,873882E-06
0,03651;0,1924;0,5438401;24,32383;101,3446;0
0,03481;0,18303;0,5198;24,32441;101,3473;9,369487E-07
0,03388;0,17756;0,50493;24,32504;101,3478;0
0,03113;0,16379;0,46824;24,32641;101,3498;0
0,03299;0,17341;0,49155;24,32591;101,3498;0
0,03438;0,18203;0,51317;24,32522;101,3486;-3,747819E-06
0,03573;0,1893;0,53136;24,3213;101,3446;4,684627E-06
0,03664;0,19531;0,54586;24,31969;101,3428;0
0,03881;0,20729;0,57574;24,31771;101,341;0
0,03962;0,21146;0,58515;24,31689;101,3393;-9,36893E-07
0,03909;0,21134;0,58327;24,31495;101,3375;9,368786E-07
0,03874;0,20825;0,5755301;24,31348;101,3357;9,368678E-07
0,04039;0,21709;0,59733;24,31191;101,3333;9,368563E-07
0,03794;0,20386;0,56464;24,3119;101,3307;2,810569E-06
0,04292;0,2338;0,63669;24,31125;101,3261;0
0,04015;0,21885;0,59812;24,31055;101,3227;2,810538E-06
0,03943;0,21545;0,58866;24,30926;101,3164;-1,873673E-06
0,03697;0,20131;0,5534;24,31169;101,312;-5,621127E-06
0,03508;0,19113;0,52736;24,33202;101,3313;2,811014E-06
0,03361;0,18281;0,50676;24,33167;101,3275;9,370023E-07
0,03205;0,17428;0,48546;24,32913;101,3295;0
0,03024;0,16351;0,45856;24,33087;101,3261;5,621978E-06
0,02838;0,15317;0,4328;24,3288;101,3225;9,369809E-07
0,02709;0,14514;0,41298;24,32986;101,3219;1,873978E-06
0,02534;0,13403;0,38596;24,33137;101,3235;9,370001E-07
0,02413;0,1257;0,36546;24,33147;101,3259;-1,874002E-06
0,02327;0,11961;0,35023;24,33448;101,3225;-1,874046E-06
0,02317;0,1186;0,34809;24,33442;101,3218;2,811068E-06
0,02241;0,11358;0,33579;24,33542;101,3216;0
0,02173;0,10906;0,32437;24,33542;101,3216;0
0,02204;0,11074;0,32833;24,33317;101,3259;-1,874026E-06
0,02284;0,11641;0,34285;24,33332;101,3222;-3,748057E-06
0,02374;0,1228;0,35947;24,33321;101,3236;1,874027E-06
0,02157;0,10981;0,32662;24,33056;101,3302;1,873988E-06
0,02218;0,11375;0,33522;24,31034;101,3159;1,873689E-06
0,02793;0,13772;0,3917;24,29702;101,3297;-2,810239E-06
0,03539;0,1343;0,3931;24,29333;101,3321;1,873438E-06
0,03787;0,08463;0,40955;24,30395;101,336;-9,367972E-07
0,04922;0,04883;0,40347;24,30227;101,3444;9,367848E-07
0,06309;0,03611;0,46901;24,3051;101,3497;-3,747223E-06
0,08569;0,07196;0,71694;24,31536;101,3509;0
0,0793;0,13553;0,8067;24,31767;101,3541;9,368987E-07
0,04208;0,1104;0,46863;24,33989;101,3523;1,874126E-06
0,27036;1,27811;3,68843;24,3421;101,3534;9,370793E-07
0,1634;0,94286;2,54887;24,34462;101,3544;3,748392E-06
0,1196;0,69919;1,8656;24,3446;101,3554;9,37098E-07
0,09893;0,6634099;1,70425;24,32241;101,3649;1,873867E-06
0,03286;0,21425;0,5717199;24,34222;101,3842;0
0,03128;0,19823;0,52777;24,34025;101,3853;-2,811197E-06
0,02974;0,18388;0,49361;24,33948;101,3861;-9,370598E-07
0,03014;0,18529;0,49435;24,31807;101,3662;-9,369016E-07
0,03057;0,18904;0,5039;24,33779;101,3839;-2,811142E-06
0,0336;0,20962;0,55562;24,33933;101,3832;5,622353E-06
0,03544;0,22166;0,58695;24,34016;101,3827;-9,37065E-07
0,03546;0,21898;0,57979;24,34253;101,3816;-3,748331E-06
0,04087;0,24979;0,6607;24,3445;101,3816;-1,874194E-06
0,03995;0,23845;0,63253;24,37123;101,3769;0
0,03677;0,21455;0,57227;24,37297;101,3746;9,37308E-07
0,03416;0,19631;0,52523;24,37959;101,3697;-1,874714E-06
0,03006;0,16963;0,45909;24,3826;101,3666;-1,874759E-06
0,02657;0,14745;0,40363;24,38515;101,363;1,874796E-06
0,02272;0,12109;0,3379;24,38568;101,3577;-2,812207E-06
0,02093;0,10877;0,30693;24,38619;101,353;1,874812E-06
0,01872;0,09405001;0,27033;24,38324;101,3454;-1,874768E-06
0,01671;0,08132;0,23834;24,38178;101,3402;1,874746E-06
0,01318;0,05842;0,18294;24,38061;101,3333;1,874729E-06
0,01443;0,06735;0,20508;24,35887;101,3037;0
0,01433;0,06717;0,20531;24,36011;101,2955;2,811638E-06
0,0148;0,07124;0,21556;24,3597;101,291;-1,874419E-06
0,01461;0,07066;0,21438;24,33511;101,2945;-9,370277E-07
0,01524;0,07525;0,22643;24,35866;101,3083;3,748808E-06
0,01593;0,08069;0,2405;24,35633;101,3033;0
0,01632;0,08398;0,24898;24,3549;101,2982;-1,874348E-06
0,01663;0,08631;0,25512;24,35745;101,2937;0
0,01748;0,09189;0,26969;24,3551;101,2897;9,371756E-07
0,01893;0,10169;0,29433;24,35477;101,2802;-9,371732E-07
0,01889;0,10176;0,2939;24,35434;101,2781;-1,87434E-06
0,01953;0,10615;0,30454;24,35324;101,2753;-1,874324E-06
0,02017;0,10997;0,31448;24,35007;101,2749;0
0,02177;0,12047;0,3405;24,34985;101,2696;9,371369E-07
0,02358;0,131;0,36708;24,34919;101,2668;-1,874263E-06
0,02552;0,14187;0,39462;24,34753;101,2665;-2,811358E-06
0,02614;0,14442;0,40195;24,34725;101,2633;-9,371175E-07
0,02926;0,16158;0,44541;24,34849;101,2581;9,371268E-07
0,03132;0,17212;0,47174;24,34849;101,2597;1,874253E-06
0,0317;0,17281;0,47351;24,34846;101,2601;9,371264E-07
0,03229;0,17436;0,47785;24,35065;101,2637;-1,874285E-06
0,03325;0,1773;0,48618;24,35162;101,2664;3,748599E-06
0,0345;0,18221;0,49967;24,35361;101,2689;2,811493E-06
0,03449;0,18046;0,49762;24,35501;101,2724;9,37175E-07
0,03619;0,18904;0,51994;24,35811;101,277;-1,874396E-06
0,03792;0,19721;0,54022;24,36037;101,2812;-9,372145E-07
0,03939;0,20351;0,5554;24,36206;101,2903;-9,372272E-07
0,0398;0,20458;0,55778;24,36323;101,2941;1,874471E-06
0,03969;0,20321;0,55465;24,36375;101,3005;9,372396E-07
0,0389;0,19935;0,54656;24,36711;101,3058;0
0,03827;0,19606;0,53886;24,36055;101,3154;1,874432E-06
0,03849;0,19865;0,54657;24,36431;101,3185;1,874487E-06
0,04083;0,21323;0,58357;24,35833;101,3259;9,371994E-07
0,04219;0,22233;0,60787;24,33684;101,3051;-9,370404E-07
0,04329;0,22932;0,62739;24,34992;101,3291;-1,874275E-06
0,04506;0,24239;0,66243;24,35218;101,3252;4,685769E-06
0,04687;0,25556;0,69891;24,3432;101,3235;1,874175E-06
0,04652;0,25588;0,7036;24,34348;101,3194;-3,748358E-06
0,05014;0,27768;0,76215;24,35306;101,3153;-9,371605E-07
0,05131;0,28385;0,78085;24,35214;101,3156;9,371535E-07
0,05332;0,2931;0,80755;24,35312;101,3111;0
0,05503;0,302;0,83213;24,35046;101,3099;0
0,05476;0,29909;0,82608;24,35494;101,3098;-2,811524E-06
0,05275;0,28648;0,79411;24,35482;101,3097;2,81152E-06
0,05151;0,27763;0,77121;24,34953;101,3088;3,748538E-06
0,04909;0,26418;0,73853;24,35016;101,3091;0
0,04673;0,24995;0,70311;24,34899;101,3091;9,371302E-07
0,0463;0,24696;0,69628;24,35264;101,3079;-2,811472E-06
0,04384;0,23226;0,65871;24,369;101,3026;-2,811835E-06
0,04177;0,21979;0,62546;24,36567;101,2995;1,874507E-06
0,03997;0,20948;0,59897;24,35711;101,3006;-2,811571E-06
0,03784;0,19731;0,56662;24,35392;101,2969;-1,874334E-06
0,0365;0,1886;0,54393;24,35112;101,2947;9,37146E-07
0,03644;0,18767;0,54145;24,34876;101,2925;-1,874258E-06
0,03645;0,18677;0,53903;24,31823;101,3023;-2,810708E-06
0,03684;0,18636;0,5369;24,34818;101,2909;-9,371244E-07
0,03663;0,18354;0,52907;24,34835;101,2906;2,811377E-06
0,03645;0,18139;0,52314;24,34102;101,2852;2,811214E-06
0,03687;0,18251;0,52621;24,33618;101,2895;3,748142E-06
0,03777;0,18648;0,53711;24,33734;101,2902;-9,37044E-07
0,03868;0,19089;0,54836;24,33444;101,2917;1,874045E-06
0,04051;0,19983;0,57209;24,3327;101,2961;2,811029E-06
0,0404;0,19926;0,57134;24,33315;101,2965;-9,370132E-07
0,04013;0,19671;0,56461;24,34875;101,2862;-1,874258E-06
0,0403;0,19655;0,56449;24,33164;101,2963;1,874004E-06
0,04074;0,19894;0,57146;24,34626;101,2854;9,3711E-07
0,0426;0,20812;0,59461;24,32894;101,2948;-1,873964E-06
0,04453;0,21789;0,61976;24,32378;101,2902;-3,747776E-06
0,04542;0,22268;0,63156;24,33767;101,2755;-9,370465E-07
0,04796;0,23855;0,67191;24,32277;101,2766;9,369365E-07
0,04951;0,24624;0,6918;24,31609;101,2807;5,621321E-06
0,05198;0,26154;0,72952;24,31555;101,2747;0
0,0539;0,2745;0,76051;24,33892;101,2611;-9,370559E-07
0,05495;0,28467;0,78449;24,32025;101,2665;-1,873836E-06
0,05693;0,30032;0,82297;24,31809;101,2672;9,36902E-07
0,05965;0,3202;0,87127;24,33813;101,2618;9,370498E-07
0,06026;0,3301;0,89591;24,32106;101,2576;0
0,05925;0,31099;0,84781;24,34006;101,2566;-9,370644E-07
0,06214;0,33589;0,9085;24,34121;101,2539;9,370729E-07
0,06442;0,35345;0,95147;24,34287;101,252;0
0,0671;0,37331;1,00064;24,34414;101,2496;-9,370943E-07
0,06626999;0,37172;0,99665;24,34596;101,2493;-1,874216E-06
0,07067;0,39545;1,05756;24,34521;101,2482;-1,874204E-06
0,06574;0,34916;0,94669;24,34608;101,2492;6,559761E-06
0,06974;0,37744;1,01781;24,34651;101,2468;9,37112E-07
0,06919;0,37549;1,01264;24,34437;101,251;-9,370962E-07
0,0731;0,39404;1,0592;24,34396;101,2516;1,874186E-06
0,07556;0,41192;1,1051;24,34272;101,2526;-1,874168E-06
0,06407;0,33525;0,91417;24,34113;101,253;1,874144E-06
0,05928;0,30172;0,83;24,33957;101,2524;0
0,06248;0,32335;0,88269;24,33773;101,254;-9,370472E-07
0,06381;0,33059;0,9002;24,33691;101,2564;0
0,06145;0,31962;0,87147;24,31507;101,2592;-2,810639E-06
0,06276;0,32838;0,89087;24,31084;101,2624;1,873696E-06
0,06295;0,32992;0,89256;24,31466;101,263;9,368765E-07
0,06409;0,33663;0,90928;24,30924;101,268;0
0,06031;0,31887;0,86419;24,30912;101,2685;9,368355E-07
0,05875;0,31339;0,84864;24,30778;101,2687;0
0,04874;0,2386;0,66509;24,30644;101,2671;-9,368159E-07
0,05156;0,25507;0,70455;24,3067;101,2721;-1,873636E-06
0,04685;0,22274;0,62387;24,30269;101,2727;1,873577E-06
0,05003;0,25046;0,6903;24,30155;101,2744;-9,367798E-07
0,05095;0,26117;0,71609;24,30063;101,2831;0
0,04937;0,25477;0,69976;24,29521;101,286;1,873466E-06
0,04776;0,24619;0,67803;24,29929;101,2885;-1,873526E-06
0,04656;0,23793;0,65543;24,29877;101,2899;-2,810277E-06
0,049;0,24935;0,68346;24,32309;101,287;4,684694E-06
0,04595;0,22721;0,6286;24,30082;101,2918;-9,367741E-07
0,04584;0,23021;0,63423;24,29795;101,2902;-9,367532E-07
0,04475;0,22749;0,62515;24,30143;101,2896;0
0,04818;0,24967;0,67896;24,32191;101,2816;9,369302E-07
0,04979;0,26009;0,70436;24,29969;101,2832;9,367658E-07
0,05251;0,27512;0,74071;24,29653;101,2813;3,746971E-06
0,04172;0,20596;0,57373;24,2995;101,2778;-1,873529E-06
0,04375;0,2101;0,58588;24,29607;101,2803;0
0,04341;0,20643;0,57928;24,29658;101,2795;1,873486E-06
0,03985;0,18873;0,53362;24,29725;101,2805;-9,367479E-07
0,04205;0,20455;0,57173;24,2987;101,2815;-4,683793E-06
0,04485;0,21997;0,60864;24,29645;101,283;3,746969E-06
0,04699;0,23033;0,6355399;24,2964;101,2847;-2,810225E-06
0,04601;0,22158;0,6148;24,29638;101,2857;-1,873483E-06
0,04714;0,22685;0,62816;24,29539;101,2872;-5,620406E-06
0,04679;0,22363;0,61955;24,29461;101,2894;2,810185E-06
0,04644;0,22136;0,61336;24,29387;101,2904;-9,367229E-07
0,04688;0,22496;0,62223;24,29065;101,2905;-9,366992E-07
0,04708;0,22705;0,62691;24,28923;101,2896;-3,746756E-06
0,04758;0,23104;0,63614;24,30613;101,286;0
0,04634;0,22702;0,62327;24,30744;101,2849;9,368231E-07
0,05147;0,25761;0,70524;24,30486;101,2849;9,368043E-07
0,0521;0,26152;0,71753;24,30511;101,2823;4,68403E-06
0,05139;0,26087;0,71483;24,30437;101,2812;0
0,04909;0,24962;0,6854;24,30317;101,2813;2,810375E-06
0,04934;0,25163;0,69146;24,30278;101,2818;0
0,04861;0,24865;0,68329;24,30371;101,2834;5,620773E-06
0,04744;0,24215;0,66609;24,30452;101,2856;-2,810405E-06
0,04557;0,23198;0,63826;24,30589;101,2892;9,368117E-07
0,04483;0,22673;0,62243;24,30747;101,2924;-6,557764E-06
0,04508;0,2271;0,62289;24,30706;101,295;9,368202E-07
0,04278;0,21295;0,58404;24,3077;101,2991;9,368251E-07
0,04315;0,21365;0,58327;24,30605;101,3008;0
0,04123;0,20177;0,55093;24,30293;101,3016;-1,873579E-06
0,03972;0,19327;0,52776;24,30091;101,3026;2,810325E-06
0,03818;0,18594;0,50817;24,29664;101,3007;-2,810231E-06
0,03747;0,18271;0,4993;24,29526;101,3005;-9,367332E-07
0,03768;0,18419;0,50243;24,2937;101,298;2,810165E-06
0,03739;0,18229;0,49766;24,29456;101,2981;3,746912E-06
0,03679;0,17929;0,48982;24,29281;101,2949;-9,367152E-07
0,03664;0,17859;0,48799;24,29262;101,2937;-9,367139E-07
0,03789;0,18527;0,50544;24,29059;101,2925;2,810096E-06
0,03657;0,17867;0,48894;24,29081;101,2869;0
0,03753;0,18455;0,50443;24,29206;101,2833;0
0,03939;0,19392;0,52788;24,29262;101,2729;1,873427E-06
0,04104;0,20195;0,54839;24,29357;101,2689;9,367207E-07
0,04256;0,20873;0,56527;24,29346;101,2649;9,367199E-07
0,0433;0,21155;0,57276;24,29264;101,2557;-3,746856E-06
0,04487;0,2199;0,59385;24,2919;101,2501;1,873417E-06
0,04759;0,23486;0,63117;24,28487;101,2467;9,366568E-07
0,04999;0,24719;0,66156;24,28291;101,2444;1,873284E-06
0,04812;0,23745;0,63615;24,28137;101,2422;-1,873262E-06
0,04713;0,23223;0,62279;24,28172;101,2403;-3,746533E-06
0,04756;0,23349;0,62629;24,27831;101,2386;0
0,04841;0,23766;0,63721;24,27553;101,2373;9,365876E-07
0,04712;0,2306;0,61853;24,27473;101,2339;9,365818E-07
0,04609;0,22453;0,60354;24,27232;101,2442;2,809692E-06
0,0457;0,2226;0,59867;24,25874;101,2262;1,872928E-06
0,04689;0,22841;0,61408;24,27046;101,2316;-1,8731E-06
0,04532;0,22072;0,59531;24,26115;101,2169;-9,364816E-07
0,0423;0,20457;0,558;24,25886;101,2133;-9,364649E-07
0,04702;0,22804;0,6143;24,27077;101,2098;3,74621E-06
0,04713;0,22757;0,61348;24,25263;101,2047;-3,745676E-06
0,04606;0,22282;0,60148;24,2534;101,2011;1,872849E-06
0,045;0,21724;0,58753;24,26849;101,1922;0
0,04722;0,22667;0,6118;24,25221;101,1938;1,872831E-06
0,04761;0,22859;0,61717;24,23133;101,1727;9,362621E-07
0,04971;0,23872;0,64213;24,25239;101,1865;-1,872834E-06
0,05024;0,23956;0,64443;24,27203;101,1815;9,365617E-07
0,05196;0,24718;0,66345;24,27253;101,185;0
0,05207;0,25002;0,66935;24,2368;101,1652;2,808908E-06
0,05208;0,25034;0,67147;24,25516;101,1806;-2,809313E-06
0,05378;0,26259;0,70255;24,24873;101,1802;-1,87278E-06
0,05236;0,25793;0,69016;24,25056;101,1794;-9,364036E-07
0,05085;0,25396;0,68062;24,26558;101,1759;9,365144E-07
0,05039;0,25556;0,68476;24,26329;101,174;-2,809492E-06
0,04751;0,24572;0,66011;24,24503;101,1545;4,681816E-06
0,04677;0,24564;0,65738;24,24452;101,1437;2,809078E-06
0,04761;0,25502;0,67976;24,24098;101,1325;1,872666E-06
0,05362;0,27879;0,73997;24,24404;101,1277;-9,363557E-07
0,05117;0,26411;0,70576;24,24399;101,1189;-9,363554E-07
0,05027;0,25907;0,6929;24,24454;101,1168;9,363593E-07
0,04989;0,25202;0,67519;24,24019;101,1104;9,363275E-07
0,04828;0,24549;0,65731;24,24185;101,1072;2,809018E-06
0,04688;0,23995;0,64295;24,24227;101,1058;4,681714E-06
0,04663;0,23803;0,63725;24,24119;101,105;-1,87267E-06
0,04564;0,22677;0,61087;24,24442;101,1047;9,363584E-07
0,04514;0,21767;0,59139;24,24526;101,1082;-9,363646E-07
0,04431;0,20732;0,56694;24,24528;101,1082;-9,36365E-07
0,04307;0,19701;0,54115;24,2459;101,1047;-9,363696E-07
0,0409;0,18338;0,50599;24,24611;101,1094;-2,809114E-06
0,04024;0,1772;0,4917;24,24683;101,111;2,809129E-06
0,03886;0,16995;0,47309;24,24722;101,1119;9,36379E-07
0,04301;0,20444;0,55652;24,24764;101,1088;0
0,04761;0,23349;0,62453;24,24716;101,1088;2,809136E-06
0,0484;0,24479;0,65143;24,24832;101,112;-9,363872E-07
0,04788;0,2445;0,6503;24,24679;101,1111;-1,872752E-06
0,04513;0,21627;0,58386;24,24821;101,1097;2,809159E-06
0,04394;0,20669;0,56158;24,24801;101,1072;9,363849E-07
0,0448;0,20813;0,56469;24,2479;101,1008;6,554688E-06
0,04344;0,20426;0,55557;24,2466;101,0981;-9,363745E-07
0,04351;0,20769;0,56308;24,24697;101,0944;4,681885E-06
0,04494;0,21976;0,59118;24,247;101,0911;-1,872755E-06
0,05223;0,25577;0,67454;24,24696;101,0878;-9,363772E-07
0,04869;0,23455;0,62584;24,24569;101,0804;0
0,056;0,26912;0,70369;24,24502;101,0797;9,363628E-07
0,05904;0,28164;0,72972;24,24251;101,0805;1,872689E-06
0,04901;0,25123;0,6638401;24,2441;101,082;0
0,04324;0,23056;0,61322;24,24089;101,0795;3,745331E-06
0,05104;0,25986;0,67972;24,24143;101,0834;-9,363365E-07
0,05644;0,28431;0,73333;24,24055;101,0785;-9,363301E-07
0,04878;0,26035;0,67968;24,24196;101,076;1,872681E-06
0,04272;0,23417;0,61732;24,23797;101,0732;-1,872622E-06
0,04193;0,2331;0,61472;24,23569;101,0696;1,872589E-06
0,04052;0,22598;0,59861;24,25773;101,089;1,872913E-06
0,04081;0,22901;0,60577;24,25406;101,0855;3,745718E-06
0,04035;0,22759;0,60232;24,2536;101,0845;1,872852E-06
0,0418;0,2381;0,62782;24,25306;101,0815;1,872844E-06
0,04295;0,24575;0,64771;24,25214;101,0789;0
0,04275;0,24555;0,64695;24,24928;101,0734;1,872789E-06
0,04152;0,23813;0,62869;24,24436;101,0667;9,36358E-07
0,03961;0,22617;0,59849;24,24337;101,0636;-2,809052E-06
0,03963;0,22498;0,59632;24,24246;101,0612;3,745376E-06
0,03879;0,21917;0,58238;24,24254;101,0587;1,872689E-06
0,03831;0,21672;0,57571;24,24121;101,0561;-9,363349E-07
0,03718;0,20963;0,55813;24,24186;101,0551;-2,809019E-06
0,03695;0,20834;0,55513;24,24327;101,0556;3,7454E-06
0,0361;0,20247;0,54094;24,24393;101,0552;0
0,03489;0,19562;0,5237;24,2419;101,0549;9,363399E-07
0,03471;0,1945;0,52143;24,24396;101,0588;-9,363552E-07
0,03561;0,19919;0,53381;24,24399;101,0602;-2,809066E-06
0,03734;0,21007;0,56215;24,24472;101,0621;-9,363608E-07
0,03691;0,20792;0,5574;24,24436;101,0627;-1,872716E-06
0,03739;0,21107;0,56567;24,2448;101,0634;-9,363614E-07
0,03718;0,20867;0,56045;24,24221;101,0619;-3,745369E-06
0,03839;0,21565;0,5787801;24,24221;101,0619;-3,745369E-06
0,03773;0,21023;0,565;24,24208;101,0595;0
0,03822;0,21273;0,57124;24,24098;101,0564;1,872666E-06
0,03961;0,21993;0,58909;24,24224;101,0548;-3,74537E-06
0,04192;0,23298;0,62191;24,23861;101,0493;9,363156E-07
0,0425;0,23684;0,6313;24,23921;101,0464;9,363201E-07
0,04368;0,24209;0,64367;24,23698;101,0442;-1,872607E-06
0,04472;0,24802;0,65696;24,23892;101,0392;9,363183E-07
0,04544;0,25272;0,66798;24,24001;101,0384;-1,872652E-06
0,04683;0,26136;0,68967;24,24387;101,0316;4,681773E-06
0,04686;0,26161;0,68953;24,23917;101,0294;-3,74528E-06
0,049;0,27459;0,72244;24,23833;101,0287;5,617882E-06
0,05105;0,28753;0,75482;24,24;101,0283;-3,745304E-06
0,05002;0,28206;0,74032;24,23965;101,0255;1,872647E-06
0,05109;0,2884;0,75671;24,23649;101,0252;0
0,05137;0,29091;0,76311;24,23241;101,0243;0
0,04898;0,27915;0,73321;24,2371;101,0232;4,681523E-06
0,04842;0,27709;0,72824;24,23691;101,0225;-9,363032E-07
0,05016;0,28748;0,75552;24,237;101,0215;-9,363038E-07
0,05015;0,28914;0,7594;24,2383;101,019;-1,872627E-06
0,04881;0,28338;0,74477;24,23953;101,0161;3,74529E-06
0,04692;0,27527;0,72401;24,23757;101,0134;-2,808924E-06
0,04498;0,26501;0,69833;24,23575;101,0116;0
0,04549;0,27046;0,71363;24,2386;101,0088;9,363156E-07
0,04184;0,24851;0,65661;24,23791;101,0063;0
0,03832;0,22655;0,59979;24,23457;101,0031;-1,872572E-06
0,03642;0,21461;0,57072;24,23349;101,001;-1,872556E-06
0,03549;0,20905;0,55649;24,23351;100,9991;2,808835E-06
0,03219;0,18749;0,50083;24,23266;100,9968;3,745087E-06
0,02968;0,1716;0,46019;24,23194;100,994;1,872534E-06
0,02831;0,16228;0,43598;24,23203;100,9913;1,872535E-06
0,02723;0,15385;0,41479;24,23349;100,9906;-9,362781E-07
0,02561;0,14279;0,38715;24,23438;100,9888;-3,745139E-06
0,02313;0,1259;0,3483;24,23352;100,9857;4,681392E-06
0,02658;0,14692;0,40069;24,23425;100,9851;-4,681419E-06
0,02659;0,1477;0,40478;24,23442;100,984;-1,87257E-06
0,02986;0,16789;0,45331;24,23512;100,9847;1,87258E-06
0,02756;0,15352;0,42004;24,23548;100,9852;0
0,031;0,17481;0,47415;24,23546;100,9859;-2,808878E-06
0,03739;0,21389;0,57403;24,23772;100,9854;-2,808928E-06
0,04095;0,23594;0,63084;24,23509;100,9854;-9,3629E-07
0,04526;0,26261;0,70057;24,2344;100,9848;-1,87257E-06
0,05353;0,31379;0,83236;24,23454;100,9832;-9,362859E-07
0,05452;0,31967;0,84388;24,23495;100,9823;0
0,05467;0,32065;0,8454;24,23593;100,9808;1,872592E-06
0,06259;0,36687;0,96286;24,23585;100,9797;1,872591E-06
0,0722;0,42299;1,10778;24,23575;100,9791;-1,872589E-06
0,08562;0,49943;1,30363;24,2348;100,9814;3,745151E-06
0,09095;0,5298;1,38027;24,23608;100,9753;-4,681486E-06
0,0954;0,55286;1,4351;24,2377;100,9745;1,872618E-06
0,10131;0,57921;1,50608;24,23685;100,9706;-3,745211E-06
0,10003;0,56511;1,46949;24,23697;100,9699;9,363038E-07
0,09951;0,5647;1,47368;24,23962;100,9698;9,363231E-07
0,09764;0,54711;1,43331;24,23703;100,9693;-2,808912E-06
0,09369;0,5225;1,36792;24,23535;100,9708;-1,872584E-06
0,08925;0,49069;1,28636;24,23474;100,9721;0
0,09101;0,5064;1,33111;24,23436;100,9733;-9,362845E-07
0,09118;0,51036;1,34326;24,23518;100,9746;-9,362903E-07
0,09333;0,52999;1,40002;24,23562;100,9728;9,362936E-07
0,09145;0,51833;1,37014;24,2345;100,9736;-9,362855E-07
0,09278;0,52976;1,40125;24,2344;100,9735;0
0,09099;0,52093;1,37913;24,23294;100,9741;-9,362741E-07
0,09126;0,52051;1,37799;24,23084;100,9717;9,362588E-07
0,09096;0,51627;1,36655;24,22953;100,9697;2,808747E-06
0,09029;0,51562;1,36994;24,22716;100,9694;9,362316E-07
0,09097;0,52133;1,38503;24,22919;100,9698;-9,362464E-07
0,09209;0,52649;1,39761;24,22808;100,9627;-3,744954E-06
0,08716001;0,52449;1,4101;24,22769;100,9643;-3,744942E-06
0,09108999;0,5347199;1,42968;24,22643;100,9608;3,744905E-06
0,09133;0,53496;1,43023;24,22643;100,9587;-9,362263E-07
0,08933999;0,52739;1,41169;24,22711;100,956;0
0,08541001;0,50637;1,36245;24,23091;100,9492;0
0,08267;0,49299;1,32938;24,22852;100,9468;-3,744966E-06
0,07743;0,46452;1,25988;24,22652;100,9486;4,681135E-06
0,0754;0,4534;1,23146;24,20997;100,9226;-2,808316E-06
0,06644;0,39916;1,09307;24,21083;100,9161;0
0,06288;0,38192;1,05013;24,22936;100,9356;2,808743E-06
0,06348;0,3861;1,06157;24,21022;100,9118;-1,872214E-06
0,06556;0,40098;1,10083;24,20917;100,9096;2,808298E-06
0,0595;0,36738;1,01586;24,20938;100,908;2,808303E-06
0,05713;0,35454;0,98313;24,20839;100,9057;1,872187E-06
0,05675;0,35441;0,98296;24,2087;100,9037;1,872192E-06
0,05712;0,35708;0,98916;24,21058;100,9004;5,616658E-06
0,05657;0,35386;0,98074;24,20953;100,8971;-1,872204E-06
0,05643;0,35185;0,97607;24,207;100,8922;2,80825E-06
0,05748;0,35875;0,99373;24,20722;100,8892;9,36085E-07
0,0587;0,36748;1,01617;24,20589;100,8861;9,360751E-07
0,05688;0,35541;0,98403;24,20636;100,8848;-9,360787E-07
0,06173;0,38616;1,06055;24,20531;100,8825;2,808212E-06
0,0584;0,36397;1,00405;24,20638;100,8805;1,872158E-06
0,05761;0,35843;0,9904;24,20475;100,8801;0
0,05872;0,36499;1,00775;24,20162;100,8792;3,744175E-06
0,05993;0,37099;1,02375;24,20243;100,8752;2,808149E-06
0,05894;0,36443;1,0061;24,20297;100,8717;-2,808162E-06
0,05944;0,36937;1,01836;24,20164;100,871;-9,36044E-07
0,05795;0,36324;1,00244;24,20218;100,8673;-3,744193E-06
0,05658;0,35296;0,97528;24,20069;100,8673;-2,808111E-06
0,0581;0,36354;1,00237;24,19907;100,8659;-1,87205E-06
0,05906;0,37107;1,02283;24,19837;100,8645;4,680101E-06
0,05906;0,37356;1,02925;24,19791;100,8668;1,872033E-06
0,06054;0,38516;1,05962;24,19882;100,8662;9,360233E-07
0,06092;0,38802;1,06837;24,19916;100,8668;-1,872052E-06
0,0628;0,40214;1,10595;24,19724;100,8672;-1,872023E-06
0,0635;0,40881;1,12358;24,19739;100,8657;-1,872026E-06
0,06438;0,41412;1,13799;24,19722;100,8678;-1,872023E-06
0,06527;0,41502;1,14168;24,19726;100,8662;0
0,06654;0,42246;1,16363;24,17873;100,8693;0
0,06709;0,42468;1,17153;24,19602;100,8649;-2,808009E-06
0,0681;0,43119;1,19009;24,19551;100,8639;3,743995E-06
0,07249;0,46206;1,27211;24,19539;100,8637;0
0,07641;0,48914;1,34441;24,17721;100,8669;-9,358648E-07
0,08219;0,52997;1,45159;24,17624;100,8648;-9,358577E-07
0,08533999;0,55381;1,5153;24,17621;100,8621;-1,871715E-06
0,08835;0,57763;1,57936;24,1744;100,8602;9,358443E-07
0,09332;0,61156;1,66679;24,17915;100,856;0
0,0948;0,62101;1,68988;24,17924;100,8511;-9,358798E-07
0,09549;0,62277;1,69097;24,17821;100,8446;-2,807616E-06
0,09655;0,63162;1,71089;24,1795;100,8416;-9,358815E-07
0,09514;0,62187;1,68347;24,19312;100,8388;3,743927E-06
0,08932;0,57683;1,56352;24,19354;100,8359;-9,359844E-07
0,08399;0,53921;1,463;24,19331;100,8337;0
0,07719;0,49275;1,33919;24,19234;100,8312;2,807927E-06
0,07337;0,46858;1,27461;24,19333;100,8267;2,807949E-06
0,07157;0,45769;1,24486;24,19416;100,8247;2,807968E-06
0,07188;0,45905;1,24622;24,21344;100,8413;-9,361308E-07
0,06984;0,44591;1,21061;24,21177;100,838;9,361184E-07
0,07112;0,45547;1,23436;24,20969;100,833;2,80831E-06
0,0746;0,47888;1,29377;24,2093;100,8303;-9,361003E-07
0,07757;0,50063;1,34944;24,20798;100,8279;-9,360904E-07
0,07983;0,51845;1,39516;24,209;100,826;0
0,08424;0,54981;1,47549;24,20821;100,8229;-9,360922E-07
0,08859999;0,58004;1,55212;24,20986;100,8213;-2,808313E-06
0,09351999;0,61386;1,63705;24,20682;100,8074;-9,360821E-07
0,09328;0,61456;1,63747;24,19129;100,8016;-9,35968E-07
0,09351;0,62087;1,65453;24,19096;100,8018;9,359656E-07
0,09213;0,61467;1,63899;24,18491;100,7977;1,871843E-06
0,09075;0,60306;1,60779;24,18437;100,7948;9,359175E-07
0,08502;0,56264;1,50233;24,18432;100,7928;2,80775E-06
0,0845;0,5557;1,48316;24,1903;100,7882;-2,807883E-06
0,07158;0,47288;1,27067;24,18334;100,7878;-2,80773E-06
0,07357;0,48526;1,30096;24,17985;100,7845;-1,871768E-06
0,07291999;0,47956;1,28576;24,18547;100,7813;-2,807776E-06
0,07444;0,48831;1,30706;24,18444;100,7804;2,807753E-06
0,07721;0,50526;1,35034;24,18239;100,7816;-4,679515E-06
0,07977;0,52237;1,39298;24,1827;100,7802;9,359051E-07
0,08109;0,53209;1,41996;24,17577;100,7825;0
0,08237001;0,54805;1,46169;24,19915;100,7798;-2,808077E-06
0,08837;0,59252;1,57861;24,18091;100,7797;0
0,0908;0,614;1,63496;24,19749;100,7789;-1,872027E-06
0,09622;0,65296;1,73666;24,19856;100,7785;0
0,09987;0,68429;1,81806;24,19739;100,7785;-9,360128E-07
0,09783;0,6744;1,79164;24,19806;100,7767;1,872035E-06
0,08484;0,58972;1,57594;24,19907;100,7756;4,680126E-06
0,07448;0,51545;1,38426;24,19875;100,773;-9,360229E-07
0,07182;0,4986;1,34081;24,18286;100,771;-1,871812E-06
0,07482;0,5234;1,40418;24,18309;100,7721;-9,359078E-07
0,07618;0,53596;1,43645;24,17914;100,7656;-2,807637E-06
0,06816;0,47602;1,27912;24,17937;100,7624;-1,871761E-06
0,06558999;0,45526;1,22469;24,17966;100,7608;-1,871766E-06
0,06612001;0,45918;1,23332;24,17981;100,7571;-9,35884E-07
0,06407;0,44522;1,19683;24,18004;100,755;1,871771E-06
0,05987;0,41425;1,11619;24,18215;100,7529;-1,871802E-06
0,07044;0,49258;1,31641;24,18112;100,7507;2,80768E-06
0,07573999;0,5355999;1,42515;24,18142;100,7486;0
0,07575;0,53692;1,427;24,18098;100,7464;-1,871785E-06
0,06408;0,4473;1,1939;24,17824;100,7477;-1,871745E-06
0,05573;0,38268;1,02667;24,20218;100,7437;0
0,05124;0,35234;0,94754;24,18113;100,7473;-9,358935E-07
0,04799;0,33065;0,88966;24,18148;100,7479;-1,871792E-06
0,04414;0,30183;0,81393;24,17868;100,749;9,358755E-07
0,04187;0,28427;0,7678;24,18109;100,7478;-1,871786E-06
0,04861;0,33611;0,89773;24,18063;100,7469;0
0,04307;0,29319;0,78786;24,17987;100,7468;-9,358843E-07
0,04288;0,29201;0,78478;24,17994;100,7488;1,871769E-06
0,04498;0,30727;0,82253;24,17947;100,7459;0
0,04632;0,31979;0,85299;24,17376;100,7424;1,871679E-06
0,04901;0,3416;0,9066;24,17788;100,7469;-1,871739E-06
0,05228;0,36638;0,9679;24,18091;100,7451;0
0,05785;0,40664;1,06867;24,18206;100,7442;0
0,05673;0,39859;1,04836;24,18237;100,7429;0
0,0504;0,35278;0,93289;24,20148;100,7389;-1,872086E-06
0,05309;0,3729;0,98191;24,20273;100,7393;-9,36052E-07
0,05329;0,37588;0,98759;24,17776;100,7445;9,358689E-07
0,05484;0,38764;1,01617;24,17938;100,7451;1,871761E-06
0,05452;0,38647;1,01223;24,17961;100,747;9,358824E-07
0,05992;0,4281;1,11528;24,17536;100,7512;-9,358513E-07
0,06515;0,46762;1,21362;24,17908;100,7518;-9,358784E-07
0,07365;0,53143;1,37477;24,1795;100,7529;4,679409E-06
0,07961;0,57209;1,4775;24,17952;100,7542;-9,358818E-07
0,08925;0,63969;1,6468;24,1812;100,7543;0
0,09822;0,70507;1,80368;24,18184;100,7551;-1,871797E-06
0,11974;0,86406;2,19733;24,18176;100,754;9,358982E-07
0,12582;0,89775;2,2832;24,20388;100,7507;-1,872121E-06
0,13482;0,95719;2,42657;24,20491;100,7504;2,808204E-06
0,1456;1,02746;2,59539;24,20542;100,7486;9,360717E-07
0,14579;1,01596;2,56515;24,20666;100,7468;3,744323E-06
0,1454;1,01073;2,54912;24,21011;100,7458;0
0,14107;0,97449;2,45041;24,19178;100,7221;-9,359719E-07
0,12231;0,8432;2,12352;24,19371;100,7212;1,871972E-06
0,12191;0,84512;2,12456;24,19491;100,7138;3,743979E-06
0,11315;0,7816;1,97529;24,19629;100,7106;9,360048E-07
0,1027;0,70543;1,78845;24,19661;100,7047;9,360072E-07
0,10418;0,7101;1,79972;24,19723;100,6994;-2,808035E-06
0,10325;0,70558;1,7926;24,18221;100,6964;9,359013E-07
0,10569;0,72595;1,84384;24,20108;100,6885;-9,3604E-07
0,10998;0,75896;1,92377;24,2003;100,6867;2,808102E-06
0,1176;0,81409;2,05493;24,19474;100,6798;9,359935E-07
0,11771;0,81754;2,0696;24,1972;100,6743;2,808034E-06
0,11288;0,77822;1,977;24,19767;100,6729;-1,87203E-06
0,12144;0,84129;2,13415;24,19121;100,6673;-9,359676E-07
0,12866;0,89643;2,27222;24,2075;100,6628;-2,808261E-06
0,12863;0,88739;2,25219;24,1952;100,6605;4,679983E-06
0,12761;0,87923;2,23178;24,20274;100,6672;-5,616313E-06
0,12756;0,87451;2,21666;24,21192;100,6498;-9,361195E-07
0,12552;0,8584;2,17636;24,21274;100,646;-1,872251E-06
0,13063;0,8906;2,25654;24,21354;100,6424;2,808394E-06
0,15576;1,04649;2,6477;24,21518;100,6365;1,872287E-06
0,15511;1,02719;2,59898;24,21748;100,6289;-3,744642E-06
0,15805;1,02587;2,58574;24,21917;100,6263;1,872345E-06
0,14138;0,90362;2,27824;24,21824;100,6246;-9,361659E-07
0,13498;0,85173;2,14809;24,21962;100,6212;3,744704E-06
0,12377;0,77707;1,96499;24,23945;100,6379;4,681609E-06
0,11462;0,71478;1,81212;24,2406;100,6345;2,808991E-06
0,12582;0,77419;1,95865;24,24043;100,6221;0
0,12639;0,78489;1,98365;24,24039;100,6182;3,745315E-06
0,12198;0,7592101;1,91991;24,22013;100,5971;-2,80854E-06
0,11676;0,74447;1,87747;24,23851;100,6128;9,363151E-07
0,10506;0,67352;1,70385;24,21777;100,5923;-1,872325E-06
0,11244;0,73917;1,86961;24,23816;100,6143;-9,363122E-07
0,10569;0,69142;1,74661;24,23913;100,6138;-1,872639E-06
0,10608;0,70145;1,7702;24,23989;100,6119;2,808976E-06
0,08064;0,50253;1,26705;24,24009;100,6079;2,80898E-06
0,09115;0,57752;1,46063;24,21233;100,5938;0
0,09135;0,58238;1,47838;24,21089;100,5921;-9,36112E-07
0,09361;0,62124;1,57368;24,2399;100,6042;9,363253E-07
0,08259;0,55002;1,39767;24,24034;100,6014;2,808985E-06
0,07947;0,52774;1,34002;24,22887;100,6059;0
0,07901999;0,53285;1,34703;24,23647;100,6007;3,7452E-06
0,07245;0,49085;1,24057;24,23603;100,6003;-1,872594E-06
0,05499;0,374;0,9574;24,22511;100,6046;-1,872433E-06
0,05307;0,36546;0,93506;24,23257;100,5956;0
0,05492;0,38093;0,97139;24,22261;100,6037;0
0,05317;0,36954;0,94342;24,2299;100,5947;1,872503E-06
0,05135;0,35637;0,91336;24,22022;100,602;9,361805E-07
0,05304;0,36994;0,94837;24,2277;100,5981;-9,362355E-07
0,05599;0,39186;1,00325;24,22755;100,5986;-1,872469E-06
0,05768;0,40656;1,04118;24,2278;100,5958;-1,872472E-06
0,05528;0,38951;1,00227;24,22803;100,5994;-9,362379E-07
0,05603;0,39284;1,01186;24,2249;100,6009;-9,362149E-07
0,0614;0,43451;1,11512;24,22539;100,6035;-9,362186E-07
0,06235;0,44077;1,13046;24,2245;100,6074;-1,872424E-06
0,06115;0,42652;1,09563;24,22471;100,6101;-9,362136E-07
0,07541;0,52051;1,32355;24,22338;100,6134;-9,362038E-07
0,07458;0,5065;1,28902;24,22106;100,6191;-9,361866E-07
0,07582;0,51094;1,30047;24,19893;100,5978;-9,360242E-07
0,07467;0,50082;1,27603;24,19605;100,6013;4,680014E-06
0,07391001;0,49538;1,26444;24,19393;100,6028;-9,359876E-07
0,07605001;0,50726;1,29439;24,19418;100,6061;2,807968E-06
0,08053;0,53982;1,37709;24,1913;100,6073;2,807905E-06
0,0816;0,54731;1,39783;24,19077;100,6107;3,743857E-06
0,08426999;0,56646;1,44935;24,18985;100,6126;-1,871915E-06
0,08295;0,56014;1,4387;24,18983;100,6149;9,359571E-07
0,08244999;0,56075;1,44471;24,19036;100,6184;-9,359613E-07
0,08354;0,5713;1,47661;24,19036;100,6184;-9,359613E-07
0,08334;0,56905;1,47466;24,19026;100,6197;0
0,08356;0,57286;1,4881;24,18304;100,6276;-1,871815E-06
0,08262;0,57105;1,48626;24,17328;100,6289;3,743343E-06
0,0786;0,54334;1,41889;24,18774;100,6303;-1,871884E-06
0,07494;0,51761;1,35465;24,1802;100,6343;-2,80766E-06
0,07355;0,5054;1,32541;24,18695;100,6334;0
0,07363;0,50817;1,33354;24,18603;100,635;-9,359296E-07
0,07296;0,50659;1,3301;24,18372;100,6357;4,679563E-06
0,07172;0,50021;1,31433;24,18112;100,6369;-1,871787E-06
0,07029;0,49237;1,29281;24,17599;100,638;-2,807567E-06
0,06911;0,48891;1,28408;24,17348;100,6375;-9,358375E-07
0,06674;0,47345;1,2461;24,16877;100,6362;1,871606E-06
0,06481;0,45952;1,21176;24,16769;100,6344;9,357948E-07
0,06296;0,45013;1,18919;24,16708;100,6327;-3,743162E-06
0,06182;0,44501;1,17665;24,16616;100,629;0
0,06018;0,43537;1,15245;24,16522;100,625;1,871554E-06
0,0584;0,4218;1,11904;24,16537;100,6213;0
0,05744;0,41388;1,09935;24,16545;100,6172;-2,807336E-06
0,05723;0,40877;1,08711;24,16729;100,607;0
0,05613;0,39464;1,05252;24,16657;100,6064;1,871573E-06
0,05531;0,38689;1,03352;24,16699;100,6031;1,871579E-06
0,05504;0,38131;1,01999;24,1663;100,598;-1,871569E-06
0,05436;0,37306;0,99979;24,16534;100,5897;9,357776E-07
0,05623;0,3822;1,02264;24,16156;100,5857;2,80725E-06
0,05735;0,38645;1,03367;24,16179;100,5809;-9,357516E-07
0,05765;0,38461;1,0294;24,18051;100,5992;2,807667E-06
0,05794;0,38414;1,02841;24,15054;100,597;9,356693E-07
0,05912;0,38744;1,0369;24,17022;100,5914;-2,807441E-06
0,05873;0,38445;1,02995;24,17055;100,5892;9,358161E-07
0,06031;0,39844;1,06685;24,16808;100,5872;-3,743192E-06
0,0608;0,40475;1,08341;24,16838;100,5859;-2,8074E-06
0,06141;0,41305;1,10545;24,16491;100,582;3,743098E-06
0,06198;0,4208;1,12516;24,16525;100,5774;2,807331E-06
0,06257;0,42648;1,14047;24,16467;100,5728;0
0,06223;0,42436;1,13641;24,1619;100,5635;-1,871505E-06
0,06241;0,4311;1,15322;24,16257;100,561;0
0,06272;0,43435;1,16137;24,16179;100,5589;-2,807255E-06
0,06172;0,42931;1,14908;24,16153;100,5565;-3,742999E-06
0,0615;0,43001;1,15066;24,16224;100,5562;-3,74302E-06
0,06518;0,45224;1,20316;24,16179;100,5552;-9,357519E-07
0,06555;0,45505;1,20756;24,16033;100,5534;-9,357411E-07
0,06546;0,45423;1,20377;24,15885;100,5511;9,357304E-07
0,06459;0,4496;1,19067;24,15866;100,549;-9,357288E-07
0,06387;0,44839;1,18676;24,15716;100,5497;1,871436E-06
0,06273;0,44511;1,1762;24,15574;100,5492;-1,871415E-06
0,06249;0,44736;1,18127;24,15524;100,5481;-2,807112E-06
0,06267;0,45229;1,19301;24,15427;100,5485;1,871393E-06
0,0624;0,45552;1,19959;24,13765;100,5483;9,355751E-07
0,06271;0,46205;1,21312;24,15429;100,5517;-9,356967E-07
0,05792;0,43616;1,1486;24,1341;100,5524;0
0,05928;0,45014;1,18166;24,15246;100,5544;3,742734E-06
0,06044;0,46383;1,21146;24,15201;100,5557;0
0,06029;0,46736;1,21783;24,15254;100,5533;9,35684E-07
0,06278;0,48539;1,25766;24,15099;100,5498;-3,742691E-06
0,06344;0,49459;1,27754;24,14942;100,5451;1,871322E-06
0,06594;0,51265;1,31777;24,14812;100,5448;-2,806955E-06
0,06921;0,53756;1,37188;24,14882;100,5403;-9,356566E-07
0,07321;0,56902;1,44137;24,14931;100,5399;-9,356603E-07
0,07338;0,56885;1,43326;24,14968;100,5336;-3,742652E-06
0,07171;0,55483;1,40612;24,15083;100,5293;0
0,07096;0,55119;1,39049;24,15098;100,5316;9,356724E-07
0,07104;0,55364;1,39369;24,15135;100,5304;-9,356754E-07
0,06986;0,5433;1,36628;24,15176;100,5297;-9,356783E-07
0,06885;0,5414;1,36118;24,15118;100,5249;1,871348E-06
0,06791;0,53117;1,33308;24,1501;100,527;-1,871332E-06
0,06746;0,5333;1,33695;24,14952;100,5256;1,871324E-06
0,06667;0,53405;1,33092;24,1485;100,5246;4,678272E-06
0,06569;0,53933;1,3354;24,14895;100,5253;2,806973E-06
0,06585;0,54375;1,3421;24,14843;100,5249;1,871308E-06
0,06685;0,55856;1,37598;24,14802;100,5246;0
0,06688;0,56378;1,38991;24,1476;100,5201;-9,356478E-07
0,06846;0,58157;1,43312;24,14799;100,5192;9,356506E-07
0,06941999;0,58677;1,43083;24,14687;100,5229;9,356424E-07
0,08467;0,68943;1,65477;24,14724;100,5227;-3,74258E-06
0,02257;0,1429;0,40699;24,14724;100,5214;3,74258E-06
0,01672;0,10072;0,42223;24,14599;100,5199;9,35636E-07
-0,00431;0,07017;0,43143;24,14627;100,5193;0
-Infini;+Infini;+Infini;24,14679;100,5201;-1,871284E-06
0,04442;0,15675;1,01011;24,14553;100,5222;9,356329E-07
0,06258;0,13776;1,01161;24,14523;100,5257;0
0,06493;0,19194;1,00095;24,14505;100,5251;0
0,05713;0,26775;0,98213;24,12658;100,5295;1,870988E-06
0,05249;0,43415;1,22634;24,12617;100,5315;4,677455E-06
0,06912;0,66689;1,66493;24,12547;100,5419;9,354858E-07
0,09079;1,00685;2,42529;24,12222;100,5447;-2,806386E-06
0,11612;1,31493;3,13329;24,12253;100,5458;-1,870929E-06
0,06598;0,64126;1,51678;24,13591;100,5473;-9,355624E-07
0,09691001;0,9238;2,14653;24,13873;100,5494;-2,806749E-06
0,07612;0,7315;1,71142;24,13721;100,5466;2,806716E-06
0,07646;0,74495;1,75116;24,14157;100,5486;-3,742416E-06
0,06451;0,61776;1,4571;24,13976;100,5449;3,742362E-06
0,06906;0,65133;1,53547;24,14185;100,5418;0
0,07364;0,67813;1,59649;24,14503;100,5411;-1,871258E-06
0,08618;0,79037;1,85978;24,14437;100,5368;-9,356241E-07
0,08732;0,79088;1,85958;24,14584;100,5333;-2,806905E-06
0,09427;0,85593;2,01161;24,14573;100,5277;-1,871268E-06
0,09280001;0,85483;2,01681;24,1442;100,5208;-1,871246E-06
0,10226;0,94497;2,22713;24,14342;100,5156;-2,806851E-06
0,09702;0,88666;2,09603;24,14164;100,5092;9,356041E-07
0,10042;0,90481;2,14294;24,14023;100,5051;-1,871188E-06
0,10692;0,96429;2,28716;24,13713;100,5011;9,355714E-07
-Infini;+Infini;+Infini;24,1354;100,4989;1,871117E-06
0,11067;1,00084;2,37384;24,13349;100,4953;9,355446E-07
0,10459;0,95553;2,27493;24,1337;100,4946;-9,355461E-07
0,09869999;0,91058;2,17045;24,13248;100,4922;3,742149E-06
0,09197;0,85328;2,0377;24,13147;100,4901;-9,355299E-07
0,08681;0,81024;1,93506;24,13044;100,4875;-9,355222E-07
0,0828;0,77027;1,83681;24,13026;100,4856;9,355209E-07
0,08244;0,75842;1,80843;24,13033;100,4804;-9,355214E-07
0,08041999;0,74981;1,78831;24,11298;100,4737;-1,870789E-06
0,07833;0,73855;1,75988;24,11341;100,4705;9,353978E-07
0,07855;0,76187;1,81427;24,11316;100,4662;-2,806188E-06
0,07991;0,78868;1,87484;24,11417;100,4647;-1,870807E-06
0,07656;0,76875;1,82448;24,11614;100,462;-1,870835E-06
0,07527;0,76108;1,80474;24,13256;100,4623;-1,871076E-06
0,07594001;0,78021;1,85124;24,13246;100,4595;1,871074E-06
0,07397;0,7739699;1,838;24,13112;100,4567;9,355273E-07
0,07165;0,7546;1,79429;24,13083;100,4566;1,87105E-06
0,06686;0,71493;1,70148;24,1299;100,4557;0
0,06532;0,7051;1,67834;24,12993;100,4563;1,871037E-06
0,06412;0,70082;1,66877;24,13014;100,4574;-2,806559E-06
0,05728;0,6132801;1,46088;24,12983;100,4592;-9,355178E-07
0,05519;0,59079;1,40626;24,13047;100,4613;-2,806567E-06
0,06247;0,6862;1,63351;24,13074;100,4631;-1,871049E-06
0,0655;0,73518;1,75045;24,1313;100,4653;1,871057E-06
0,06314;0,71042;1,69065;24,13087;100,4655;1,871051E-06
0,06157;0,68855;1,64122;24,13191;100,4661;3,742131E-06
0,06841;0,78267;1,86669;24,11467;100,4627;-9,354069E-07
0,07548001;0,85205;2,0302;24,1326;100,4639;-6,548766E-06
0,07385;0,84215;2,00999;24,13182;100,4621;-9,355323E-07
0,07036;0,81568;1,94978;24,11462;100,4581;0
0,07022;0,82065;1,96479;24,13098;100,4595;-1,871052E-06
0,07219;0,83663;2,00424;24,13041;100,4562;2,806566E-06
0,07416;0,84883;2,03369;24,13008;100,4543;0
0,07511;0,85303;2,04378;24,13009;100,4528;2,806559E-06
0,07517;0,84831;2,03185;24,13051;100,4519;1,871046E-06
0,07971;0,89347;2,13697;24,12761;100,4486;9,355016E-07
0,07294;0,79781;1,9052;24,13026;100,4498;0
0,07101;0,7733;1,84559;24,12808;100,4481;1,87101E-06
0,06903;0,74222;1,77004;24,12995;100,451;-3,742075E-06
0,06652;0,70164;1,67096;24,1313;100,4541;-2,806585E-06
0,0705;0,73652;1,75305;24,13487;100,4566;2,806664E-06
0,07306;0,7643;1,82067;24,13915;100,459;1,871172E-06
0,06674;0,68225;1,6243;24,12407;100,4575;9,354757E-07
0,06861;0,70204;1,67248;24,14291;100,4598;2,80684E-06
0,06753;0,67908;1,61845;24,14588;100,4603;-9,356353E-07
0,06815;0,67387;1,60432;24,14664;100,4601;-2,806923E-06
0,0663;0,64733;1,53994;24,12757;100,4368;-9,355012E-07
0,06648;0,64839;1,54188;24,1497;100,4576;-9,356631E-07
0,06468;0,62967;1,49812;24,12913;100,4316;1,871025E-06
0,06361;0,62262;1,48182;24,12976;100,4298;-1,871035E-06
0,06036;0,58467;1,39211;24,12989;100,4269;-1,871037E-06
0,05929;0,56946;1,35616;24,13016;100,4229;0
0,05913;0,56994;1,35965;24,12933;100,419;-9,355141E-07
0,058;0,55624;1,32777;24,12778;100,4163;-9,355029E-07
0,05938;0,56963;1,36249;24,12811;100,4133;2,806516E-06
0,05891;0,5672899;1,36068;24,13077;100,4113;0
0,06056;0,58095;1,3971;24,12639;100,3988;0
0,0622;0,60018;1,44638;24,12622;100,3941;-9,354914E-07
0,06375;0,6219;1,5012;24,12784;100,3902;-2,806509E-06
0,06704;0,65312;1,57785;24,11886;100,3868;-1,870875E-06
0,06876;0,66681;1,60863;24,1261;100,3841;4,677453E-06
0,06923001;0,67123;1,61885;24,12552;100,3834;0
0,07036;0,67406;1,62496;24,13116;100,3813;-9,355276E-07
0,07269999;0,69203;1,66689;24,13073;100,3806;9,355243E-07
0,07338;0,6948;1,6758;24,13848;100,3669;9,355811E-07
0,07676;0,72275;1,73877;24,14381;100,3563;-1,87124E-06
0,07657;0,72672;1,74579;24,14559;100,3512;-1,871266E-06
0,07748999;0,7337199;1,76037;24,15248;100,3436;0
0,08243;0,77388;1,85461;24,15129;100,3361;1,87135E-06
0,08316001;0,78204;1,87207;24,16837;100,3258;1,8716E-06
0,08305001;0,78903;1,88594;24,19203;100,3407;-9,359736E-07
0,08642;0,81931;1,95933;24,19359;100,3326;0
0,08599;0,8141;1,9496;24,19864;100,3183;9,36022E-07
0,08627;0,81948;1,96388;24,19766;100,3087;-3,744059E-06
0,08717;0,82838;1,9851;24,19613;100,2981;1,872007E-06
0,08758;0,83463;2,00256;24,19465;100,29;-1,871985E-06
0,08703;0,83055;1,99598;24,19209;100,2859;3,743896E-06
0,08725;0,82825;1,99506;24,1941;100,2753;9,359887E-07
0,08637001;0,8144;1,96469;24,19279;100,2742;-2,807937E-06
0,08654;0,80965;1,95566;24,19227;100,2663;9,359754E-07
0,08644;0,80938;1,95801;24,19181;100,2685;1,871944E-06
0,08611;0,80759;1,95612;24,19197;100,2682;-2,80792E-06
0,08494;0,79698;1,93381;24,19253;100,268;-9,359771E-07
0,08587001;0,81156;1,97139;24,1921;100,2666;-9,359741E-07
0,08684;0,82946;2,01698;24,19061;100,2641;0
0,08968;0,85299;2,07428;24,18891;100,2613;1,871902E-06
0,09226;0,88485;2,1537;24,18312;100,2549;1,871816E-06
0,09395;0,90904;2,21265;24,18156;100,252;0
0,09621;0,9360999;2,27814;24,1544;100,2192;-9,356976E-07
0,09792;0,9595399;2,33468;24,14609;100,2231;0
0,10135;0,99751;2,42555;24,15163;100,2137;3,74271E-06
0,10514;1,03421;2,51572;24,1434;100,2108;0
0,10859;1,06508;2,58603;24,14191;100,2085;3,742425E-06
0,11013;1,07785;2,61286;24,14172;100,2046;-9,356049E-07
0,10859;1,06565;2,58448;24,14219;100,2006;0
0,10844;1,07515;2,60688;24,14141;100,1969;-9,356025E-07
0,10799;1,06136;2,56771;24,15115;100,1861;1,871348E-06
0,10445;1,01731;2,4586;24,15313;100,1845;9,356884E-07
0,10194;0,99344;2,39904;24,14933;100,1911;9,356607E-07
0,10194;1,0023;2,41638;24,15963;100,1789;0
0,10265;1,01201;2,43372;24,15894;100,1827;-2,807193E-06
0,10086;1,01519;2,44102;24,17038;100,1669;9,358147E-07
0,10046;1,03385;2,47415;24,16909;100,1644;-1,87161E-06
0,10433;1,10463;2,64468;24,17429;100,1428;0
0,1006;1,0542;2,52314;24,16457;100,1261;9,35772E-07
0,09913;1,04832;2,50681;24,20102;100,0581;9,360395E-07
0,09772;1,05963;2,52322;24,20102;100,0581;9,360395E-07
0,09667;1,06787;2,54137;24,26054;100,0523;0
0,09513;1,05522;2,50922;24,2755;100,0428;2,809762E-06
0,09302;1,06245;2,55411;24,25808;100,0012;0
0,08943;1,0096;2,42795;24,30731;100,0074;-1,873644E-06
0,0665;0,7654099;1,86796;24,31196;99,97708;2,810569E-06
0,06239;0,71767;1,75842;24,33073;99,94795;1,873991E-06
0,05371;0,6391;1,57077;24,36503;99,8737;0
0,04761;0,58965;1,45219;24,38774;99,84781;-9,374176E-07
0,04055;0,62564;1,53711;24,41287;99,81913;1,875208E-06
0,03436;0,60328;1,46528;24,435;99,79851;-1,875537E-06
0,03647;0,63292;1,54452;24,44792;99,77546;0
0,03283;0,53736;1,3104;24,50855;99,76873;2,814949E-06
0,03132;0,54828;1,34075;24,51236;99,71845;2,815035E-06
0,03263;0,52927;1,29735;24,53427;99,68915;5,631051E-06
0,0322;0,55541;1,37678;24,5476;99,65735;-4,693042E-06
0,03032;0,53355;1,33684;24,64499;99,63016;1,878678E-06
0,02163;0,40553;1,01896;24,65186;99,61302;-1,878781E-06
0,02031;0,36746;0,92574;24,70613;99,59385;-9,397997E-07
0,02098;0,3674;0,93232;24,73361;99,56831;3,760028E-06
0,02792;0,43559;1,11639;24,75583;99,54313;-9,401753E-07
0,03323;0,47913;1,23985;24,78172;99,50862;9,403713E-07
0,02937;0,41521;1,07449;24,80192;99,47373;2,821573E-06
0,02384;0,3195;0,83444;24,80022;99,43893;-3,762046E-06
0,03034;0,36297;0,94486;24,81219;99,31927;1,881204E-06
0,03487;0,36329;0,9658;24,83882;99,3074;2,822413E-06
0,04216;0,4185;1,1183;24,82742;99,26964;-9,407178E-07
0,02651;0,25206;0,69675;24,84363;99,23157;0
0,01664;0,1457;0,40932;24,84736;99,17683;1,881739E-06
0,01885;0,16989;0,47978;24,82878;99,09605;2,822185E-06
0,01476;0,13535;0,3875;24,81115;99,04563;0
0,01465;0,15282;0,43619;24,80719;98,98687;-1,881129E-06
0,02446;0,24151;0,66676;24,79356;98,897;0
0,02585;0,26276;0,7305;24,78825;98,86057;-3,761683E-06
0,02002;0,20293;0,5686;24,79014;98,82045;1,88087E-06
0,01859;0,18833;0,53217;24,77044;98,79029;9,402856E-07
0,02172;0,23511;0,6541;24,75752;98,77704;1,880376E-06
0,0243;0,28876;0,79591;24,76975;98,74371;3,761121E-06
0,02403;0,35897;0,97166;24,76447;98,72859;0
0,01376;0,27998;0,76492;24,76844;98,7001;0
0,01235;0,4718;1,22563;24,78506;98,64935;0
0,00568;0,7037801;1,79;24,81115;98,60615;-1,881189E-06
0,00096;1,02152;2,55877;24,81418;98,58346;1,881235E-06
-0,0084;1,22485;3,03254;24,84636;98,53052;-9,408619E-07
-0,02036;1,29205;3,15804;24,87721;98,50242;0
-0,02109;1,03261;2,50386;24,93766;98,49183;1,883116E-06
-0,02192;0,80108;1,93771;24,94922;98,42534;-1,883292E-06
-0,02721;0,90518;2,1818;24,98236;98,392;0
-0,03123;0,94082;2,25128;25,1366;98,29466;1,886172E-06
-0,05342;1,28731;3,01349;25,22126;98,24513;3,774965E-06
-0,0448;0,96546;2,25305;25,28487;98,22057;9,442359E-07
-0,04598;0,9082;2,12097;25,37776;98,16121;2,834882E-06
-0,01846;0,36583;0,8673;25,48075;98,11488;1,891537E-06
-0,05026;0,72002;1,73053;25,54299;98,0591;0
-0,09642;1,21435;2,90916;25,61852;97,98936;9,468565E-07
-0,10243;1,18775;2,9204;25,70078;97,9148;5,685059E-06
-0,06628;0,81823;2,06995;25,81305;97,65539;-1,896812E-06
-0,08309;1,01559;2,67542;25,8834;97,55864;9,489701E-07
-0,05313;0,68084;1,82414;25,9019;97,45801;0
-0,03161;0,33157;0,91263;25,93485;97,36498;0
-0,03069;0,29643;0,82892;25,98241;97,24332;-9,49768E-07
-0,02426;0,21484;0,63739;26,02367;97,13589;1,900203E-06
-0,01884;0,1463;0,45441;26,0632;97,02536;4,75211E-06
-0,01705;0,11985;0,38874;26,10074;96,90389;-9,507269E-07
-0,02092;0,14925;0,47964;26,14375;96,64993;-9,51077E-07
-0,02625;0,16546;0,52598;26,21267;96,56545;-1,903279E-06
-0,02433;0,14973;0,48041;26,25579;96,45247;1,903985E-06
-0,02126;0,13271;0,43382;26,29439;96,35465;0
-0,01892;0,11889;0,3965;26,35803;96,23115;1,905665E-06
-0,01252;0,07999;0,28478;26,41153;96,12363;9,53274E-07
-0,00882;0,05602;0,21737;26,48512;95,98598;0
-0,00859;0,05287;0,21215;26,54732;95,8698;-2,863201E-06
-0,01525;0,08608;0,30945;26,65228;95,59985;0
-0,01579;0,08692;0,31247;26,75761;95,49064;0
-0,01772;0,09427;0,3361;26,82203;95,36421;1,913406E-06
-0,01211;0,06897;0,26301;26,89422;95,23277;9,573134E-07
-0,01029;0,0637;0,24934;26,96464;95,08712;-1,915823E-06
-0,01414;0,10036;0,36378;27,01097;94,95036;4,79153E-06
-0,01552;0,11842;0,42092;27,11481;94,79301;-9,591937E-07
-0,01645;0,13085;0,46146;27,11217;94,60656;-9,591712E-07
-0,01652;0,13552;0,47797;27,16995;94,40066;-1,919334E-06
-0,01613;0,13612;0,48221;27,20126;93,96827;-1,919873E-06
-0,01398;0,12247;0,44528;27,27264;93,72789;1,921105E-06
-0,01179;0,10848;0,40688;27,29213;93,50703;2,882163E-06
-0,00709;0,07606;0,30507;27,3979;93,2943;3,846553E-06
-0,00625;0,07054;0,2902;27,41162;93,03455;9,617579E-07
-0,00503;0,06295;0,2648;27,49426;92,76287;1,924958E-06
-0,00562;0,06924;0,28478;27,63923;92,21297;0
-0,00325;0,05017;0,22182;27,7328;91,91094;1,929154E-06
-0,00323;0,05357;0,23303;27,88675;91,62014;0
-0,00308;0,05873;0,24982;27,94534;91,28716;-1,932937E-06
-0,00266;0,06676999;0,27551;28,15397;91,01373;-3,873382E-06
-0,00297;0,08443;0,33099;28,36981;90,33618;0
-0,00321;0,08437;0,3308;28,4964;90,02039;-3,88588E-06
-0,00395;0,0855;0,33378;28,62892;89,69915;2,918082E-06
-0,00395;0,08686;0,3376;28,75065;89,37479;-2,921477E-06
-0,00516;0,09832;0,37775;28,90066;89,07836;9,752297E-07
-0,00768;0,11102;0,4273;29,00107;88,70905;-9,761756E-07
-0,00808;0,10574;0,41887;29,11283;88,37354;9,77234E-07
-0,00701;0,08607;0,35167;29,2401;88,02365;-1,956894E-06
-0,00585;0,06839;0,29511;29,47343;87,31703;0
-0,00573;0,0644;0,29264;29,57182;86,96033;9,81645E-07
-0,00716;0,06692;0,3138;29,66728;86,60511;1,96515E-06
-0,00472;0,05168;0,26577;29,79184;86,28104;-2,951387E-06
-0,00623;0,05767;0,29733;29,82048;85,89422;-2,952233E-06
-0,00745;0,06232;0,32097;29,90081;85,51817;4,924349E-06
-0,00673;0,07201;0,36395;30,06528;84,72472;-9,865025E-07
-0,00419;0,07568;0,37835;30,15736;84,30975;-9,874223E-07
-0,00473;0,07328;0,36909;30,25104;83,85465;-1,976725E-06
-0,00395;0,07846;0,39331;30,32302;83,43984;-5,934528E-06
-0,00036;0,07778;0,39209;30,42552;82,96973;-1,980251E-06
-0,00512;0,0831;0,41635;30,48891;82,53829;1,98154E-06
-0,00769;0,08257;0,4141;30,59737;82,06228;-5,951264E-06
-0,00906;0,07691;0,38785;30,64695;81,63726;0
-0,009520001;0,06963;0,35661;30,75766;80,71479;0
-0,01059;0,06089;0,32063;30,81014;80,23983;0
-0,01045;0,05299;0,28652;30,8336;79,75211;-5,965859E-06
-0,01157;0,05681;0,3054;30,85463;79,26466;-3,978111E-06
-0,01004;0,06694999;0,34511;30,87059;78,75967;1,989387E-06
-0,00873;0,06653;0,34478;30,87678;78,2607;0
-0,01114;0,06795;0,35116;30,87778;77,7626;-3,979072E-06
-0,01337;0,06971;0,35869;30,8754;77,28075;0
-0,01495;0,07025;0,36116;30,87799;76,34337;-1,98954E-06
-0,01963;0,07821;0,38988;30,88084;75,90032;1,989599E-06
-0,02063;0,07772;0,38962;30,90249;75,46409;-1,990049E-06
-0,02276;0,07807;0,3922;30,92782;75,03629;9,952881E-07
-0,02531;0,07823;0,3921;30,95249;74,61963;-1,99109E-06
-0,02854;0,08533;0,41114;30,98134;74,21458;-9,958462E-07
-0,03164;0,08755;0,41904;31,01146;73,82226;-2,988482E-06
-0,03409;0,08831;0,42021;31,03629;73,43842;-2,989261E-06
-0,04386;0,10635;0,48049;31,07935;72,39135;0
-0,05033;0,11623;0,5158;31,08512;72,07227;-2,990795E-06
-0,04839;0,10856;0,48949;31,08693;71,76305;-1,993901E-06
-0,04812;0,10596;0,48201;31,08245;71,46082;2,990712E-06
-0,05121;0,11235;0,50272;31,07391;71,17586;9,96814E-07
-0,05283;0,1147;0,51124;31,06081;70,89631;-3,986707E-06
-0,06014;0,12909;0,55952;31,03754;70,62816;4,982166E-06
-0,06828;0,14546;0,62397;31,02204;70,37882;1,992542E-06
-0,06907;0,14543;0,62568;30,99874;69,90612;9,960279E-07
-0,06958;0,14548;0,62346;30,98339;69,67682;1,991735E-06
-0,06548;0,13409;0,58063;30,96085;69,45177;-1,991264E-06
-0,06191;0,12882;0,55412;30,94146;69,23759;9,954304E-07
-0,05791;0,11982;0,51718;30,91193;69,03318;-1,990246E-06
-0,05271;0,10807;0,46583;30,88535;68,84727;-4,974234E-06
-0,05136;0,10542;0,45157;30,86254;68,6778;-1,98922E-06
-0,05508;0,11304;0,47159;30,84278;68,51816;-1,98881E-06
-0,05549;0,11421;0,4656;30,8201;68,2409;-6,959192E-06
-0,05267;0,11004;0,44899;30,80872;68,11858;9,940524E-07
-0,05136;0,10714;0,43792;30,79846;68,00172;-3,975785E-06
-0,05173;0,1083;0,44188;30,78425;67,88606;-2,981398E-06
-0,0522;0,10946;0,44457;30,76138;67,77754;1,987127E-06
-0,0528;0,11014;0,44552;30,74113;67,67516;9,933542E-07
-0,05325;0,11099;0,44459;30,71451;67,5777;-5,958479E-06
-0,05247;0,10827;0,4335;30,69061;67,49309;0
-0,05291;0,10889;0,43429;30,63999;67,35982;-2,976942E-06
-0,05407;0,10943;0,43541;30,61939;67,30811;1,984206E-06
-0,0549;0,10845;0,43033;30,61665;67,26727;1,984149E-06
-0,05566;0,10815;0,42582;30,60044;67,23277;-9,919087E-07
-0,05687;0,11024;0,43135;30,59534;67,20271;9,918564E-07
-0,05779;0,1131;0,43868;30,58494;67,17694;9,917502E-07
-0,0588;0,11763;0,45137;30,57652;67,15415;-2,974991E-06
-0,06019;0,12447;0,46632;30,56441;67,13638;4,9577E-06
-0,05905;0,12295;0,45503;30,53245;67,09376;0
-0,05738;0,11909;0,44086;30,52018;67,08254;-9,910888E-07
-0,05578;0,11483;0,4256;30,5016;67,06674;-1,981798E-06
-0,05554;0,11392;0,42231;30,48572;67,05106;9,907376E-07
-0,05607;0,11467;0,42528;30,47182;67,03402;9,905959E-07
-0,05682;0,11636;0,43136;30,4591;67,01896;9,904667E-07
-0,05783;0,11867;0,4389;30,44839;67,00435;-1,980716E-06
-0,05874;0,12053;0,44554;30,43609;66,9882;1,980466E-06
-0,06007;0,12365;0,45495;30,40509;66,9532;0
-0,05987;0,12209;0,44917;30,39401;66,93311;9,898058E-07
-0,05892;0,11902;0,43795;30,38817;66,91895;-1,979494E-06
-0,05868;0,118;0,43362;30,3814;66,90847;1,979357E-06
-0,05895;0,11831;0,4334;30,38152;66,89438;1,979359E-06
-0,05917;0,11889;0,43379;30,38084;66,88467;9,896729E-07
-0,05925;0,11876;0,43187;30,37702;66,87162;9,896338E-07
-0,05948;0,11935;0,43194;30,37634;66,86445;-1,979254E-06
-0,05958;0,11971;0,43161;30,37759;66,84589;1,979279E-06
-0,05923;0,11929;0,42819;30,38241;66,84035;3,958754E-06
-0,0587;0,11834;0,42331;30,38375;66,83471;-3,958809E-06
-0,05838;0,11829;0,42121;30,38544;66,8257;-9,897191E-07
-0,05842;0,11945;0,42326;30,38951;66,8197;-9,897606E-07
