-Infini;+Infini;+Infini;26,55164;80,72391;-1,908872E-06
-Infini;+Infini;+Infini;26,53913;80,98429;-9,54332E-07
-Infini;+Infini;+Infini;26,13191;81,08567;-1,901961E-06
-Infini;+Infini;+Infini;26,11595;81,06074;-9,508506E-07
-Infini;+Infini;+Infini;26,10877;81,02949;0
-Infini;+Infini;+Infini;26,10812;81,02024;9,50787E-07
-Infini;+Infini;+Infini;26,10711;81,01183;9,507787E-07
-Infini;+Infini;+Infini;26,10795;81,00394;0
-Infini;+Infini;+Infini;26,10902;80,98293;-1,901588E-06
-Infini;+Infini;+Infini;26,10861;80,97614;0
-Infini;+Infini;+Infini;26,10645;80,96816;4,753867E-06
-Infini;+Infini;+Infini;26,10759;80,96294;2,852348E-06
0,03691;0,03208;0,45401;26,10681;80,94803;-3,803105E-06
-Infini;+Infini;+Infini;26,10691;80,95736;0
0,05188;0,07695;0,76529;26,10647;80,95181;0
0,03393;0,04722;0,51795;26,10472;80,94566;3,803037E-06
0,01828;0,01341;0,26487;26,10482;80,94239;2,85228E-06
-Infini;+Infini;+Infini;26,10437;80,9388;-1,901513E-06
0,01769;0,01338;0,269;26,10169;80,93607;-9,507345E-07
0,01895;0,01931;0,31236;26,09761;80,93378;0
0,01645;0,01384;0,27378;26,09215;80,93244;1,901314E-06
0,01439;0,00923;0,23795;26,08903;80,93333;-1,901263E-06
0,0147;0,01041;0,24596;26,08668;80,93596;-9,506127E-07
0,01755;0,01927;0,30678;26,08226;80,93851;-1,901154E-06
0,01819;0,0221;0,32495;26,07906;80,94167;3,802203E-06
0,01912;0,02638;0,35088;26,074;80,94473;-2,851529E-06
0,01856;0,0259;0,34616;26,0688;80,93372;0
0,02034;0,03236;0,39271;26,06717;80,93902;9,504542E-07
0,01986;0,03105;0,38221;26,05424;80,95363;-2,851048E-06
0,01991;0,0319;0,38521;26,05179;80,95853;-1,900659E-06
0,0201;0,03318;0,39099;26,04898;80,96354;-3,801227E-06
0,02015;0,03438;0,3959;26,04781;80,96886;-3,801189E-06
0,0206;0,03707;0,40842;26,04667;80,97428;-2,850864E-06
0,02041;0,03869;0,41248;26,04772;80,98001;1,900593E-06
0,01942;0,03684;0,39485;26,04379;80,98373;1,90053E-06
0,01828;0,03354;0,36924;26,04274;80,98804;2,850769E-06
0,01879;0,03648;0,38424;26,04086;80,99416;3,800963E-06
0,01799;0,03517;0,36923;26,03785;80,99532;-9,502164E-07
0,01675;0,03539;0,35851;26,03768;80,99651;0
0,01471;0,03117;0,32044;26,04009;80,99586;4,751173E-06
0,01357;0,02921;0,29991;26,0349;80,99351;0
0,01418;0,03536;0,32966;26,03196;80,98986;0
0,01287;0,03217;0,3049;26,03117;80,98471;1,900325E-06
0,01223;0,03078;0,29466;26,0278;80,98014;1,90027E-06
0,01135;0,02765;0,27535;26,02774;80,96613;9,501348E-07
0,01141;0,0289;0,28087;26,02642;80,95883;0
0,01195;0,03319;0,30474;26,023;80,95103;-1,900193E-06
0,0124;0,03696;0,3255;26,02219;80,94814;9,500897E-07
0,01217;0,03764;0,32865;26,02075;80,93867;0
0,0124;0,03996;0,34108;26,01597;80,93503;9,500392E-07
0,01261;0,04165;0,35098;26,01624;80,92919;-4,750208E-06
0,01236;0,04092;0,34673;26,01336;80,92312;-1,900036E-06
0,01244;0,04121;0,34932;26,00974;80,91297;-9,49989E-07
0,0127;0,04289;0,35883;26,00829;80,90749;3,799909E-06
0,01322;0,04573;0,37556;26,00428;80,90301;-4,749723E-06
0,01359;0,04828;0,3906;26,00151;80,89928;9,499225E-07
0,01357;0,04846;0,39149;25,999;80,89698;9,499021E-07
0,01299;0,04515;0,37137;25,99701;80,89439;0
0,01313;0,04493;0,36996;25,9965;80,89294;0
0,01296;0,04352;0,36176;25,99523;80,89218;0
0,01312;0,04378;0,36269;25,99364;80,89159;-1,899717E-06
0,01343;0,04491;0,36866;25,98745;80,90673;-3,799236E-06
0,01362;0,04581;0,37333;25,98576;80,90789;-9,49795E-07
0,03391;0,09972;0,64887;25,98664;80,9101;-9,498023E-07
0,03502;0,13247;0,80864;25,98707;80,91397;-1,899611E-06
0,03663;0,12555;0,76636;25,98676;80,91733;-3,799212E-06
0,0365;0,11508;0,70917;25,9863;80,92169;-9,497994E-07
0,03641;0,10864;0,67676;25,98816;80,93059;1,899629E-06
0,03188;0,12285;0,75251;25,98816;80,93059;1,899629E-06
0,02194;0,10304;0,64919;25,98315;80,93862;0
0,0233;0,10538;0,65807;25,98019;80,9417;-2,84925E-06
0,02446;0,11017;0,679;25,98182;80,94826;-1,899526E-06
0,0244;0,10997;0,67311;25,98061;80,95052;1,899507E-06
0,02177;0,09795;0,60808;25,98033;80,95286;4,748756E-06
0,01936;0,08445;0,53971;25,97864;80,95406;9,497376E-07
0,01605;0,06741001;0,45459;25,97605;80,95483;9,497165E-07
0,01243;0,04893;0,36158;25,9727;80,95454;-1,899379E-06
0,008979999;0,02988;0,26478;25,97297;80,95577;-5,698151E-06
0,0074;0,01975;0,2132;25,97133;80,95781;3,798714E-06
0,00691;0,01671;0,19766;25,97159;80,95941;-9,496807E-07
0,00682;0,01586;0,19343;25,97007;80,96063;-9,496683E-07
0,00706;0,01732;0,20142;25,97036;80,96292;-9,496707E-07
0,00739;0,01905;0,21144;25,971;80,96591;3,798703E-06
0,00708;0,01769;0,20365;25,97158;80,96964;-2,849041E-06
0,00712;0,01792;0,20426;25,97438;80,95959;-1,899406E-06
0,00758;0,02085;0,21935;25,97491;80,96344;0
0,0082;0,02472;0,23971;25,97334;80,97043;2,849084E-06
0,01095;0,04059;0,3201;25,97203;80,97211;-9,496841E-07
0,01104;0,04463;0,33952;25,97301;80,97208;-9,49692E-07
0,01105;0,04627;0,34681;25,97288;80,97089;0
0,01167;0,04872;0,36107;25,97326;80,96996;-1,899388E-06
0,01149;0,0471;0,35426;25,97062;80,96741;0
0,01179;0,04866;0,36201;25,97124;80,96562;1,899355E-06
0,0127;0,05358;0,38761;25,96988;80,96241;2,848999E-06
0,01355;0,0588;0,41491;25,96221;80,95818;0
0,01411;0,06241;0,43328;25,9578;80,97249;-1,899138E-06
0,01425;0,06362;0,43885;25,95739;80,97223;-1,899132E-06
0,01382;0,06134;0,42578;25,95439;80,97068;1,899083E-06
0,01389;0,06079;0,42219;25,95291;80,97002;2,84859E-06
0,01466;0,0639;0,43782;25,95253;80,96906;9,495269E-07
0,01466;0,06398;0,43796;25,95033;80,96645;-1,899018E-06
0,03265;0,10631;0,63683;25,94971;80,96514;-9,495042E-07
0,02483;0,09635;0,5975;25,94825;80,95976;-9,494923E-07
0,02047;0,08733;0,5545;25,94803;80,95623;1,898981E-06
0,01718;0,08479;0,53889;25,94816;80,95181;-9,494917E-07
0,01737;0,09379;0,57785;25,9483;80,9473;5,696956E-06
0,01739;0,09722;0,5919001;25,94627;80,94205;-2,848429E-06
0,01831;0,10563;0,63167;25,94912;80,93939;-9,494993E-07
0,01912;0,10531;0,633;25,95025;80,93604;1,899017E-06
0,01946;0,10448;0,63006;25,94393;80,93214;0
0,01957;0,10441;0,62981;25,94647;80,92692;-9,494777E-07
0,01695;0,09869999;0,59727;25,94111;80,91624;-2,848304E-06
0,01567;0,09639;0,58219;25,93896;80,91014;-2,848252E-06
0,01209;0,06992;0,45286;25,93792;80,90444;0
0,01141;0,06337;0,42032;25,939;80,89931;3,79767E-06
0,01126;0,06108;0,40831;25,93901;80,87767;3,797672E-06
0,01109;0,06011;0,40283;25,93963;80,8736;-9,494229E-07
0,01074;0,0572;0,38807;25,93683;80,86809;-2,848201E-06
0,01053;0,05545;0,37835;25,93634;80,86419;-9,493962E-07
0,01042;0,05569;0,37864;25,93538;80,85684;1,898777E-06
0,01055;0,05786;0,38857;25,93427;80,85403;-1,898759E-06
0,01087;0,06151;0,40665;25,93446;80,85117;-3,797524E-06
0,01088;0,06125;0,40583;25,93432;80,84908;0
0,01134;0,06633;0,43113;25,93273;80,86259;0
0,01134;0,06836;0,43992;25,93171;80,84328;2,848077E-06
0,01104;0,06744;0,43477;25,92959;80,85467;-4,74671E-06
0,01059;0,0648;0,42103;25,92941;80,85107;3,797362E-06
0,01045;0,0653;0,42217;25,932;80,82251;9,493614E-07
0,01027;0,06444;0,4175;25,93292;80,81925;-5,696212E-06
0,01026;0,06472;0,41912;25,93251;80,8167;-1,898731E-06
0,01001;0,06232;0,40705;25,93251;80,81348;9,493652E-07
0,00983;0,05942;0,39227;25,931;80,82592;9,493534E-07
0,00984;0,05865;0,38813;25,93058;80,82297;-9,493499E-07
0,00985;0,05811;0,38466;25,9285;80,81947;-1,898666E-06
0,00991;0,05687;0,37877;25,93137;80,81405;9,493561E-07
0,01016;0,05823;0,38502;25,92922;80,81276;1,898677E-06
0,01043;0,05882;0,38809;25,92911;80,80885;4,74669E-06
0,01015;0,05489;0,36981;25,9255;80,80481;1,898618E-06
0,01002;0,05227;0,35775;25,92512;80,80127;-3,797223E-06
0,0101;0,05189;0,35627;25,92188;80,79572;-1,898559E-06
0,01015;0,05151;0,35494;25,9227;80,79308;0
0,01022;0,05158;0,35571;25,92242;80,79052;9,492841E-07
0,0104;0,05211;0,35879;25,92365;80,78972;3,797176E-06
0,01061;0,05256;0,36168;25,91358;80,78189;9,492129E-07
0,01074;0,05284;0,36348;25,91078;80,77773;-9,491906E-07
0,01066;0,05091;0,35521;25,91035;80,77567;0
0,01074;0,05008;0,35143;25,91289;80,77455;9,492073E-07
0,011;0,05051;0,35453;25,90852;80,76979;-3,796689E-06
0,01112;0,05106;0,35761;25,90941;80,76778;1,898359E-06
0,01121;0,05106;0,35748;25,90943;80,76776;9,491794E-07
0,01207;0,05353;0,37051;25,90816;80,76804;-9,491693E-07
0,01232;0,0538;0,37201;25,90772;80,77023;-1,898332E-06
0,01259;0,05442;0,37526;25,90519;80,77072;0
0,01293;0,05556;0,37938;25,90299;80,77137;3,796511E-06
0,01326;0,05673;0,385;25,90604;80,77377;-9,491521E-07
0,01398;0,06108;0,40525;25,90075;80,76983;2,847329E-06
0,01447;0,06449;0,42174;25,90069;80,77094;0
0,01482;0,06719;0,43363;25,89995;80,76941;0
0,0152;0,06895;0,44155;25,9045;80,76498;5,694839E-06
0,01549;0,06992;0,44478;25,89946;80,76123;0
0,01573;0,07118;0,45035;25,90006;80,75605;-2,847312E-06
0,01611;0,07307;0,45973;25,90274;80,75114;1,898252E-06
0,01633;0,07447;0,46652;25,90232;80,74335;-1,898245E-06
0,01658;0,0769;0,47885;25,90144;80,73475;4,745576E-06
0,01635;0,07543;0,47323;25,90067;80,72563;9,491092E-07
0,0163;0,07654;0,4788;25,90201;80,71738;-4,7456E-06
0,0165;0,07836;0,48764;25,90242;80,71062;2,84737E-06
0,01696;0,08133;0,50158;25,8994;80,70402;-2,847296E-06
0,01696;0,08162;0,50314;25,89832;80,69785;-6,643631E-06
0,01696;0,08182;0,5054;25,89041;80,69186;-2,847079E-06
0,01705;0,08287;0,51036;25,88721;80,68938;-9,490008E-07
0,01783;0,08764;0,53248;25,88449;80,68799;9,489791E-07
0,01809;0,08955;0,54126;25,88101;80,68625;-3,795804E-06
0,01841;0,09192;0,55287;25,87719;80,68548;2,846761E-06
0,01838;0,09324;0,55894;25,87523;80,686;-1,897809E-06
0,01851;0,09426;0,56328;25,86839;80,68431;-9,488496E-07
0,018;0,09175;0,5509;25,86488;80,68191;-9,488215E-07
0,01794;0,09224;0,55395;25,8643;80,67903;1,897633E-06
0,01768;0,09133;0,55025;25,86476;80,67612;-2,846461E-06
0,01688;0,08983;0,54356;25,86451;80,67339;4,744092E-06
0,0171;0,09155;0,55263;25,8628;80,66979;-9,488048E-07
0,01671;0,09252;0,55686;25,86188;80,66756;1,897594E-06
0,0164;0,09136;0,55237;25,85893;80,66486;-1,897547E-06
0,01524;0,08448;0,52006;25,85738;80,66343;0
0,01113;0,07171;0,4567;25,85457;80,66113;9,487386E-07
0,0132;0,08067;0,5017;25,85156;80,65677;-1,897429E-06
0,01341;0,08058;0,50354;25,84969;80,65695;0
0,01253;0,0823;0,50923;25,84645;80,65704;0
0,01251;0,07853;0,49401;25,84682;80,65863;-9,486766E-07
0,01227;0,07444999;0,47636;25,84437;80,65927;0
0,01179;0,06913;0,45131;25,8448;80,661;-9,486604E-07
0,01123;0,06295;0,42247;25,84637;80,66254;-3,794691E-06
0,01067;0,05804;0,39914;25,84761;80,66293;3,794732E-06
0,01024;0,0544;0,38245;25,84878;80,66348;-9,486922E-07
0,00677;0,05048;0,35095;25,85245;80,66513;-1,897443E-06
0,00714;0,05908;0,38818;25,85485;80,6656;0
0,00521;0,03967;0,29316;25,85551;80,66568;-9,487462E-07
0,0129;0,12764;0,70542;25,85557;80,66439;-9,487468E-07
0,01374;0,11673;0,66089;25,85659;80,66269;-9,487549E-07
0,01118;0,10372;0,59662;25,85663;80,66042;-9,487551E-07
0,00996;0,09649;0,56248;25,85835;80,65927;0
0,00911;0,0892;0,52865;25,8576;80,65605;0
0,00712;0,07271;0,44941;25,85671;80,64956;-2,846268E-06
0,00861;0,086;0,5152;25,85582;80,64886;9,487487E-07
0,01018;0,09471;0,55934;25,85459;80,64755;-2,846216E-06
0,00985;0,09196;0,5462;25,85572;80,64793;-2,846244E-06
0,009930001;0,11035;0,62632;25,85422;80,64915;9,48736E-07
0,01162;0,14023;0,76109;25,85315;80,65035;1,897455E-06
0,00887;0,11263;0,63297;25,85296;80,65257;3,794903E-06
0,00618;0,07683;0,46632;25,85222;80,65625;1,89744E-06
0,00557;0,06529;0,4125;25,85487;80,66389;0
0,00494;0,05485;0,36327;25,85439;80,66691;-1,897474E-06
0,00476;0,05506;0,36363;25,85565;80,67023;9,487472E-07
0,00453;0,05194;0,34833;25,85868;80,6754;0
0,00459;0,04915;0,33544;25,85864;80,67799;3,795085E-06
0,0051;0,05617;0,36937;25,85508;80,67776;-1,897485E-06
0,0051;0,05385;0,35888;25,85899;80,68236;0
0,00462;0,0485;0,33394;25,85524;80,68274;0
0,0041;0,04147;0,30085;25,85446;80,68766;9,487379E-07
0,0038;0,03981;0,29273;25,85649;80,69107;0
0,00385;0,04379;0,31153;25,85752;80,69459;-2,846287E-06
0,00391;0,05059;0,34286;25,85814;80,69789;2,846302E-06
0,00403;0,05139;0,34631;25,85792;80,70362;1,897531E-06
0,00415;0,04874;0,33439;25,85871;80,70647;9,487719E-07
0,0041;0,05101;0,34438;25,86251;80,70808;1,897605E-06
0,00369;0,04611;0,3195;25,86394;80,71065;-1,897628E-06
0,00376;0,05089;0,34074;25,8673;80,70955;0
0,00396;0,0551;0,35926;25,86785;80,71092;-1,897691E-06
0,00402;0,0593;0,37716;25,86795;80,71004;9,488461E-07
0,00431;0,06818;0,41737;25,86813;80,71014;0
0,00432;0,07076;0,42832;25,86643;80,70921;2,846502E-06
0,00442;0,075;0,44673;25,86429;80,70735;9,488168E-07
0,00441;0,08288;0,48105;25,86173;80,70867;0
0,00413;0,08967;0,51005;25,86123;80,70997;1,897585E-06
0,00538;0,12346;0,65959;25,85675;80,71224;1,897512E-06
0,00482;0,12204;0,65349;25,8509;80,71816;-3,794836E-06
0,00418;0,12143;0,6495301;25,84526;80,7197;4,74332E-06
0,0035;0,11994;0,64065;25,84236;80,72162;-1,897281E-06
0,00446;0,15339;0,7851;25,83934;80,72181;2,845849E-06
0,00519;0,1712;0,86091;25,84098;80,72282;-3,794518E-06
0,00473;0,17686;0,88115;25,83792;80,72449;9,486053E-07
0,00542;0,19978;0,97653;25,83626;80,72611;-2,845775E-06
0,00705;0,22933;1,09915;25,83494;80,72874;1,897163E-06
0,0076;0,24305;1,15463;25,82866;80,73175;-4,742654E-06
0,00749;0,24771;1,17296;25,82383;80,73441;9,484923E-07
0,00692;0,24739;1,17218;25,82348;80,73396;0
0,00662;0,24594;1,16582;25,82203;80,7352;9,484779E-07
0,00626;0,24816;1,17847;25,82025;80,73594;0
0,00603;0,25275;1,20016;25,81692;80,7385;3,793748E-06
0,00558;0,25175;1,19615;25,8165;80,73832;9,484336E-07
0,00513;0,24879;1,1838;25,81346;80,74033;-1,896819E-06
0,00493;0,25024;1,19221;25,8084;80,73598;2,845106E-06
0,00427;0,24238;1,1602;25,80731;80,73586;9,4836E-07
0,00353;0,22762;1,09848;25,80337;80,73674;9,483284E-07
0,00301;0,21645;1,05209;25,8051;80,73585;-2,845027E-06
0,00248;0,20596;1,00725;25,8017;80,73517;-9,48315E-07
0,00153;0,1959;0,96349;25,79984;80,73507;0
0,00062;0,19031;0,93579;25,79469;80,73306;0
0,0002;0,18287;0,9037;25,79304;80,73463;0
-0,00029;0,17477;0,86846;25,78879;80,72943;-9,482118E-07
-0,00081;0,17755;0,88088;25,7877;80,72903;-9,482031E-07
-0,00123;0,17399;0,8648;25,78605;80,72826;1,896379E-06
-0,0015;0,17976;0,89052;25,78323;80,72855;1,896334E-06
-0,00194;0,19023;0,93558;25,78274;80,72552;-9,481633E-07
-0,00197;0,20108;0,9823;25,78082;80,7252;9,48148E-07
-0,0021;0,20571;0,99983;25,77766;80,72436;-3,792491E-06
-0,00154;0,21583;1,04549;25,77627;80,72427;9,481117E-07
-0,00122;0,24;1,15379;25,77284;80,7279;0
-0,00091;0,25852;1,23674;25,77306;80,73029;2,844258E-06
-0,00089;0,27529;1,31103;25,76984;80,73114;-9,480603E-07
-0,00103;0,28449;1,35025;25,76787;80,73193;9,480445E-07
-0,00279;0,29491;1,39219;25,76621;80,73203;-3,792125E-06
-0,0037;0,27963;1,32386;25,76377;80,73087;1,896024E-06
-0,00306;0,27313;1,29795;25,76348;80,72842;-9,480096E-07
-0,00311;0,26749;1,27637;25,76272;80,72743;0
-0,00272;0,2678;1,28165;25,75815;80,72436;5,687802E-06
-0,00165;0,24567;1,1875;25,75573;80,72467;-6,635634E-06
-0,00096;0,23062;1,12416;25,7537;80,72549;9,479313E-07
-0,00182;0,21093;1,0363;25,74897;80,72475;1,895787E-06
-0,00209;0,19353;0,96075;25,75219;80,72845;1,895839E-06
-0,00239;0,17875;0,89666;25,74918;80,72667;-2,843686E-06
-0,00242;0,1636;0,83136;25,74621;80,72675;-3,791486E-06
-0,0022;0,15074;0,77615;25,74291;80,72726;-9,478453E-07
-0,00191;0,18278;0,91707;25,74081;80,72818;-9,478285E-07
-0,00231;0,15153;0,77938;25,73413;80,72639;-1,895551E-06
-0,00248;0,1157;0,62086;25,7374;80,72214;1,895603E-06
-0,00253;0,09173001;0,5137801;25,73161;80,72442;0
-0,00247;0,07446;0,43587;25,72999;80,72137;9,477424E-07
-0,00246;0,06717;0,40305;25,72786;80,7182;2,843176E-06
-0,0027;0,11625;0,62448;25,72771;80,71597;-1,895448E-06
-0,0009;0,14196;0,74018;25,72821;80,71321;-2,843185E-06
-0,0008;0,18393;0,92718;25,7286;80,71011;-3,790925E-06
-0,00082;0,19776;0,98803;25,72993;80,70708;9,47742E-07
-0,00104;0,19561;0,97579;25,72859;80,70591;9,477311E-07
-0,00095;0,20131;0,99736;25,72938;80,7052;0
0,00012;0,2091;1,03427;25,72801;80,70437;0
0,00015;0,2034;1,00689;25,7295;80,70478;-1,895477E-06
-0,00014;0,19153;0,95152;25,7303;80,70543;-3,790979E-06
-0,0003;0,18372;0,91539;25,73042;80,70526;0
-0,00087;0,18563;0,92027;25,72983;80,7047;-9,477411E-07
-0,00171;0,17985;0,89044;25,72873;80,70422;0
-0,00261;0,16954;0,84118;25,7285;80,70148;0
-0,00348;0,15985;0,79464;25,72973;80,70197;1,895481E-06
-0,00419;0,15889;0,78752;25,7284;80,70213;0
-0,00443;0,15562;0,7739699;25,72801;80,70383;-1,895453E-06
-0,005;0,1499;0,74666;25,7264;80,70629;3,790854E-06
-0,00558;0,1436;0,7172;25,72334;80,70901;0
-0,00588;0,14024;0,70174;25,71371;80,70983;2,842837E-06
-0,00585;0,12568;0,63854;25,71956;80,71496;1,895319E-06
-0,00546;0,11099;0,5746599;25,71621;80,71978;-1,895265E-06
-0,00519;0,10148;0,53396;25,71283;80,72165;9,476057E-07
-0,00486;0,09405001;0,50228;25,71255;80,72492;-2,84281E-06
-0,00451;0,09025;0,48691;25,70989;80,72665;3,790329E-06
-0,00421;0,09471;0,50585;25,70942;80,72943;0
-0,00397;0,10313;0,54024;25,70841;80,7326;-2,842711E-06
-0,00343;0,11899;0,60661;25,70634;80,73859;0
-0,0028;0,13292;0,66452;25,70694;80,7401;-1,895117E-06
-0,00203;0,14607;0,71924;25,70918;80,74879;0
-0,00139;0,16276;0,78988;25,70776;80,75205;-1,89513E-06
-0,00027;0,20217;0,95326;25,70836;80,7554;-9,4757E-07
0,00014;0,20514;0,96619;25,70731;80,75867;-1,895123E-06
0,00069;0,21365;1,00131;25,70604;80,76106;-9,475516E-07
0,00087;0,21184;0,99155;25,70583;80,76408;1,8951E-06
0,00072;0,22146;1,03015;25,70109;80,76499;-1,895024E-06
0,00025;0,2261;1,04816;25,69805;80,767;9,474878E-07
-0,00066;0,23156;1,07041;25,69718;80,76874;3,789924E-06
-0,00114;0,24063;1,10657;25,69346;80,7739;-4,737258E-06
-0,00129;0,25008;1,14209;25,69735;80,77814;-1,894965E-06
-0,0014;0,25938;1,17479;25,69683;80,77948;-9,474783E-07
-0,00101;0,26813;1,20615;25,69488;80,78024;0
-0,00089;0,27904;1,24659;25,69422;80,78076;0
-0,00096;0,28283;1,25817;25,69344;80,77991;-4,737255E-06
-0,00104;0,28871;1,27759;25,696;80,7791;9,474717E-07
-0,00074;0,29052;1,28094;25,69237;80,77433;9,474427E-07
-0,00026;0,29588;1,29991;25,69237;80,77433;9,474427E-07
0,00039;0,30165;1,32177;25,69438;80,76926;-9,474588E-07
-0,00184;0,266;1,18328;25,6943;80,76759;-9,47458E-07
0,00022;0,25881;1,13596;25,69332;80,76583;-1,8949E-06
0,00307;0,37202;1,71691;25,69478;80,76563;-2,842386E-06
-0,03089;0,18434;1,74797;25,69429;80,76563;0
0,12098;0,0983;1,74948;25,69277;80,76521;-2,842337E-06
-Infini;+Infini;+Infini;25,69495;80,76708;-9,474634E-07
-Infini;+Infini;+Infini;25,69438;80,76775;-4,737294E-06
-Infini;+Infini;+Infini;25,69585;80,76979;2,842411E-06
0,02126;0,01507;1,75919;25,69423;80,77019;-9,474575E-07
0,0072;0,01467;1,37505;25,69403;80,77041;2,842368E-06
0,00449;-0,00274;0,35308;25,69519;80,77042;3,78986E-06
0,00429;0,0185;0,35222;25,6929;80,76972;-9,474469E-07
0,00539;0,04021;0,40078;25,69055;80,7693;9,474281E-07
0,00392;0,07765;0,5249;25,69055;80,7693;9,474281E-07
0,0103;0,89275;4,25443;25,68963;80,76949;-9,474209E-07
0,00304;0,67362;3,06745;25,68962;80,76915;-9,474208E-07
-0,00046;0,72234;3,2435;25,68611;80,76659;-3,789572E-06
-0,00416;0,51931;2,30892;25,68298;80,76362;-2,842104E-06
-0,00514;0,45472;1,97961;25,67935;80,76016;3,789356E-06
-0,00506;0,2764;1,21404;25,68069;80,759;9,473497E-07
-0,00469;0,24146;1,05929;25,67659;80,75454;1,894634E-06
-0,00467;0,22169;0,97529;25,67673;80,75202;1,894637E-06
-0,00521;0,23596;1,02751;25,67628;80,74982;9,47315E-07
-0,00507;0,23446;1,01822;25,67466;80,74939;-1,894604E-06
-0,00629;0,26198;1,13155;25,67331;80,75046;-3,789165E-06
-0,0068;0,24113;1,04484;25,6734;80,75195;-9,472921E-07
-0,008119999;0,23264;1,00842;25,67555;80,75486;1,894618E-06
-0,00983;0,29155;1,23786;25,67422;80,75604;-9,472982E-07
-0,0098;0,29623;1,2536;25,67377;80,75689;9,472947E-07
-0,0101;0,29556;1,24781;25,67496;80,75797;3,789217E-06
-0,01079;0,30135;1,2687;25,67537;80,75793;2,841922E-06
-0,01034;0,31023;1,31045;25,67537;80,75793;2,841922E-06
-0,01154;0,38055;1,60559;25,67385;80,75315;2,841886E-06
-0,01213;0,41186;1,7419;25,67529;80,7515;-1,894614E-06
-0,01159;0,427;1,8105;25,67227;80,74599;-1,894566E-06
-0,01148;0,45623;1,9393;25,66866;80,74246;-2,841763E-06
-0,01134;0,48683;2,07416;25,6709;80,74122;9,47272E-07
-0,0108;0,53088;2,26896;25,66909;80,73831;-2,841773E-06
-0,009520001;0,55812;2,39372;25,67006;80,73693;4,736326E-06
-0,00901;0,6516;2,79934;25,67052;80,73757;9,47269E-07
-0,00791;0,76738;3,30245;25,67194;80,73875;9,472803E-07
-0,00738;0,76315;3,29252;25,67147;80,73817;-4,736382E-06
-0,00613;0,64671;2,79862;25,67033;80,74048;0
-0,00538;0,58979;2,56049;25,67154;80,74211;-1,894554E-06
-0,00482;0,56245;2,44695;25,66897;80,74194;0
-0,00508;0,59997;2,60512;25,66477;80,74152;-9,472232E-07
-0,00484;0,4447;1,93833;25,66337;80,7416;0
-0,00514;0,38254;1,67369;25,66434;80,7421;-1,89444E-06
-0,00503;0,34127;1,49951;25,66047;80,74105;2,841567E-06
-0,00435;0,3002;1,32579;25,65922;80,74026;-1,894359E-06
-0,00393;0,27978;1,24098;25,66165;80,74169;-4,735993E-06
-0,00402;0,275;1,21937;25,66321;80,74055;9,472109E-07
-0,00365;0,26172;1,16423;25,66163;80,73733;0
-0,00378;0,26744;1,186;25,66476;80,73739;9,472233E-07
-0,00409;0,27567;1,21773;25,6637;80,7364;9,47215E-07
-0,00426;0,27318;1,20581;25,66518;80,73724;0
-0,00424;0,27586;1,21682;25,66496;80,73729;9,472247E-07
-0,00398;0,27928;1,23104;25,66461;80,73671;-5,683332E-06
-0,00392;0,29448;1,29257;25,66724;80,73853;0
-0,0041;0,32293;1,41041;25,66951;80,74059;-9,47261E-07
-0,00359;0,33795;1,47149;25,6725;80,74385;0
-0,00263;0,34417;1,49759;25,67342;80,74508;2,841876E-06
-0,00172;0,35779;1,55139;25,67028;80,74667;1,894534E-06
-0,00032;0,3703;1,60161;25,66805;80,74809;0
0,00138;0,36908;1,59529;25,666;80,74787;2,8417E-06
0,0028;0,37184;1,60382;25,66426;80,74534;-1,894439E-06
0,00415;0,36709;1,58117;25,66759;80,74401;-1,894491E-06
0,00568;0,37788;1,62188;25,6702;80,73949;0
0,00682;0,3724;1,59911;25,66902;80,72649;-9,472571E-07
0,008;0,37019;1,58949;25,67179;80,72132;9,472791E-07
0,00854;0,37259;1,59827;25,67225;80,71561;9,472827E-07
0,00878;0,37541;1,61003;25,67313;80,70979;2,841869E-06
0,008649999;0,37199;1,59646;25,67458;80,70612;0
0,00721;0,35724;1,53576;25,67506;80,70153;1,894611E-06
0,00707;0,35003;1,50727;25,68365;80,70148;9,473733E-07
0,00557;0,32972;1,42304;25,67712;80,69388;9,473216E-07
0,00525;0,31801;1,37313;25,68152;80,68763;9,473565E-07
0,0045;0,30024;1,29866;25,68149;80,68697;-2,842068E-06
0,00452;0,29937;1,29553;25,67738;80,68658;-2,84197E-06
0,00391;0,29011;1,25576;25,68033;80,68919;1,894694E-06
0,0035;0,28975;1,25378;25,67864;80,6889;-1,894667E-06
0,00314;0,28392;1,2272;25,6823;80,69077;-4,736813E-06
0,00272;0,28069;1,21346;25,67853;80,68951;3,789331E-06
0,00225;0,27664;1,19499;25,68263;80,6924;-2,842095E-06
0,00202;0,28031;1,20893;25,68391;80,69674;-1,894751E-06
0,0011;0,27489;1,1865;25,6823;80,69738;-1,894725E-06
0,00084;0,2794;1,20453;25,68359;80,69959;3,789491E-06
0,00031;0,28591;1,23076;25,68666;80,70197;-1,894795E-06
-0,00022;0,2909;1,25039;25,68863;80,70316;-9,474128E-07
-0,00045;0,28644;1,23198;25,69115;80,70393;1,894866E-06
-0,00043;0,27754;1,19537;25,69168;80,70422;1,894874E-06
-0,00099;0,27909;1,20218;25,69241;80,70456;9,474431E-07
-0,00153;0,26969;1,16338;25,69042;80,70633;2,842281E-06
-0,00176;0,26186;1,13209;25,68838;80,70665;9,474109E-07
-0,00203;0,24199;1,05185;25,68708;80,7084;1,894801E-06
-0,00221;0,23602;1,02793;25,68361;80,70942;1,894746E-06
-0,00206;0,23311;1,0162;25,68308;80,71218;-9,473689E-07
-0,00164;0,22698;0,99116;25,67942;80,71359;1,894679E-06
-0,00121;0,22057;0,96562;25,67571;80,71445;-2,84193E-06
-0,0013;0,2074;0,91422;25,67244;80,71573;2,841853E-06
-0,00117;0,21509;0,94573;25,66982;80,71708;1,894527E-06
-0,0012;0,20665;0,91187;25,66258;80,71799;1,894412E-06
-0,0007799999;0,20195;0,89361;25,66008;80,71849;9,471861E-07
-0,00053;0,20273;0,89696;25,65916;80,71894;4,735894E-06
-0,00017;0,20669;0,91299;25,65795;80,7191;0
0,00012;0,20102;0,89056;25,65778;80,71939;-5,683007E-06
0,00022;0,18105;0,81084;25,65775;80,72073;2,841503E-06
0,00019;0,17203;0,7759;25,65763;80,72155;2,8415E-06
0,00017;0,16239;0,73801;25,65671;80,7224;1,894318E-06
0,00011;0,16573;0,75227;25,65392;80,72221;1,894274E-06
0,00011;0,16184;0,73726;25,65315;80,72191;0
0,00011;0,16509;0,75227;25,65325;80,72185;-1,894263E-06
7E-05;0,17385;0,78931;25,65295;80,72224;-9,471295E-07
-1E-05;0,173;0,78725;25,65418;80,72249;1,894279E-06
-0,00016;0,17435;0,79403;25,65126;80,7219;9,471161E-07
-0,00033;0,17551;0,79985;25,64881;80,7225;2,84129E-06
-0,00123;0,17872;0,81129;25,64796;80,72353;1,894179E-06
-0,0011;0,17993;0,81717;25,64664;80,72547;-3,788318E-06
-0,00122;0,18841;0,85205;25,64108;80,72451;-9,470353E-07
-0,00116;0,1823;0,82697;25,6394;80,72392;1,894044E-06
-0,00104;0,17761;0,80791;25,63908;80,72399;2,841059E-06
-0,00075;0,16251;0,74542;25,63846;80,72462;1,894029E-06
-0,00069;0,15388;0,7096;25,63732;80,72511;0
-0,00052;0,15468;0,71365;25,63637;80,72538;-1,893996E-06
-0,00048;0,15842;0,72892;25,63548;80,72542;-1,893982E-06
-0,00037;0,15569;0,71796;25,63384;80,7248;9,469779E-07
-0,00012;0,15202;0,70372;25,63669;80,7279;-9,470003E-07
9E-05;0,1479;0,68741;25,63381;80,72895;9,469775E-07
0,0005;0,13708;0,64493;25,63155;80,73168;-9,469596E-07
0,00067;0,12943;0,61439;25,63251;80,73643;1,893934E-06
0,00068;0,12458;0,59482;25,62731;80,74368;0
0,00058;0,13573;0,64094;25,6269;80,7476;2,840768E-06
0,00054;0,13148;0,62472;25,6269;80,7476;2,840768E-06
0,00059;0,13354;0,634;25,6245;80,75062;9,469038E-07
0,00088;0,14908;0,699;25,62399;80,75162;-4,734498E-06
0,00103;0,15123;0,70775;25,62678;80,75354;1,893844E-06
0,0016;0,15852;0,73879;25,62487;80,75658;9,469066E-07
0,00204;0,18724;0,85768;25,62466;80,75897;1,89381E-06
0,00229;0,2079;0,94253;25,62157;80,76089;-9,468806E-07
0,00271;0,23946;1,07344;25,62071;80,76452;2,840621E-06
0,00324;0,27498;1,22182;25,61618;80,76538;-2,840514E-06
0,00357;0,2668;1,18905;25,61479;80,76704;3,787307E-06
0,00403;0,28381;1,25913;25,61511;80,76804;1,893659E-06
0,00431;0,29309;1,29584;25,61182;80,76524;3,787214E-06
0,00232;0,22584;1,00583;25,61023;80,76381;-9,467908E-07
0,00353;0,25664;1,13749;25,60921;80,76275;-2,840348E-06
0,00385;0,27378;1,20944;25,61136;80,76284;-9,467996E-07
0,00415;0,26988;1,19491;25,60928;80,7618;-2,840349E-06
0,00463;0,31941;1,40473;25,60897;80,76106;2,840342E-06
0,00482;0,41319;1,80302;25,60868;80,76039;-2,840335E-06
0,00557;0,50785;2,21228;25,60821;80,75983;-1,893549E-06
0,00748;0,72748;3,15815;25,60686;80,75833;-9,467639E-07
0,02509;1,48856;6,44953;25,60666;80,75761;-2,840287E-06
0,09687001;3,55446;15,50624;25,60554;80,75613;9,467536E-07
0,14182;3,49518;15,51924;25,60592;80,75481;-1,893513E-06
0,18128;3,43834;15,53089;25,60455;80,75359;1,893491E-06
0,16626;3,41777;15,53489;25,60405;80,75263;-9,467417E-07
0,14529;3,49026;15,51875;25,59001;80,7698;-9,466306E-07
0,15852;3,44244;15,52895;25,60434;80,75181;0
0,16779;3,4232;15,53263;25,59702;80,74692;-1,893372E-06
0,13665;3,4946;15,51689;25,596;80,74483;-9,46678E-07
0,02847;0,694;3,12917;25,59503;80,74268;-3,786682E-06
0,18587;5,14517;22,44931;25,59691;80,74049;-9,466851E-07
0,04102;1,39249;6,07147;25,59468;80,7371;3,786671E-06
0,02148;0,85437;3,71364;25,59335;80,73411;0
0,01267;0,6218;2,70475;25,59093;80,73193;9,466377E-07
0,00927;0,53037;2,30449;25,58996;80,73053;-3,786521E-06
0,00859;0,51734;2,24673;25,58722;80,72695;-1,893217E-06
0,00736;0,49254;2,13764;25,58661;80,7252;-1,893207E-06
0,00671;0,43786;1,90017;25,58439;80,72214;3,786344E-06
0,00734;0,4271;1,85027;25,58593;80,72175;-9,465983E-07
0,00739;0,43445;1,87668;25,58429;80,71992;9,465855E-07
0,00717;0,42837;1,84911;25,58567;80,7187;-9,465963E-07
0,00731;0,42232;1,82482;25,58555;80,7177;-1,893191E-06
0,00773;0,41943;1,815;25,58351;80,7179;-2,839738E-06
0,00754;0,39429;1,71019;25,58062;80,71776;0
0,00627;0,301;1,31396;25,58263;80,71746;2,839716E-06
0,00552;0,2726;1,19275;25,58179;80,71564;9,465656E-07
0,00635;0,29096;1,27248;25,58147;80,71392;1,893126E-06
0,00676;0,29432;1,28701;25,5797;80,7127;9,465492E-07
0,0055;0,25859;1,13425;25,58108;80,71104;1,89312E-06
0,00514;0,23833;1,04814;25,57961;80,7087;9,465483E-07
0,00576;0,2508;1,10044;25,57913;80,7057;-2,839634E-06
0,00616;0,25634;1,12341;25,57965;80,69756;9,465485E-07
0,00561;0,23585;1,03565;25,57951;80,69375;-3,78619E-06
0,00549;0,23394;1,02614;25,58;80,68942;9,465514E-07
0,00556;0,23367;1,02366;25,58139;80,68637;-1,893125E-06
0,00562;0,23268;1,01849;25,58141;80,68357;9,465625E-07
0,00581;0,23283;1,01732;25,58305;80,6804;-2,839726E-06
0,006;0,23256;1,01516;25,58025;80,6789;-2,83966E-06
0,00621;0,23329;1,01852;25,58111;80,678;9,465601E-07
0,00632;0,23373;1,02054;25,58071;80,67778;0
0,00636;0,23021;1,00457;25,57942;80,67515;-1,893094E-06
0,00629;0,22796;0,99376;25,58033;80,67682;0
0,00631;0,23346;1,01514;25,58002;80,67526;9,465515E-07
0,00632;0,23272;1,0111;25,57877;80,67657;9,465418E-07
0,00619;0,2363;1,02474;25,57996;80,67668;-9,465512E-07
0,0062;0,24264;1,04889;25,57689;80,67396;-1,893054E-06
0,00612;0,2478;1,06785;25,57558;80,67381;-9,465165E-07
0,00514;0,24391;1,05428;25,57531;80,67239;-3,786058E-06
0,00437;0,24305;1,05031;25,57474;80,6707;-9,465098E-07
0,0046;0,25079;1,07832;25,5714;80,66679;3,785934E-06
0,00385;0,24838;1,0686;25,56949;80,66725;9,464683E-07
0,00344;0,24467;1,05139;25,56755;80,66566;-9,464531E-07
0,00285;0,23684;1,0184;25,57252;80,66826;-5,678954E-06
0,00241;0,23766;1,01942;25,5676;80,66537;1,892907E-06
0,001;0,21547;0,92434;25,56638;80,66454;-2,839331E-06
0,00023;0,19843;0,85171;25,56185;80,66502;-1,892816E-06
-0,00016;0,1901;0,81642;25,56501;80,66283;9,464329E-07
-0,00027;0,18923;0,81059;25,56328;80,66429;0
-0,00031;0,18989;0,81032;25,56511;80,66129;-1,892868E-06
-0,00046;0,19014;0,80925;25,56317;80,66029;2,839256E-06
-0,00046;0,19065;0,81061;25,56514;80,66061;1,892868E-06
-0,0004;0,18967;0,80652;25,56224;80,65865;1,892822E-06
-0,00042;0,18959;0,80541;25,56053;80,65737;0
-0,0004;0,18877;0,80143;25,54447;80,67369;-4,731353E-06
-0,00018;0,1898;0,8053;25,55719;80,65639;3,785485E-06
0,00012;0,1906;0,80789;25,5403;80,67191;5,677427E-06
0,00025;0,19252;0,81609;25,53689;80,67052;-3,784843E-06
0,00023;0,19193;0,81356;25,5528;80,65242;-9,463366E-07
0,00018;0,19418;0,823;25,55321;80,64777;9,463396E-07
0,00017;0,19542;0,82821;25,53955;80,66108;9,462318E-07
-3E-05;0,19515;0,82605;25,55342;80,64317;-9,463415E-07
-0,00029;0,19142;0,80955;25,55815;80,63803;9,463788E-07
-0,00036;0,18917;0,80019;25,55806;80,63632;9,463781E-07
-0,00047;0,18624;0,78791;25,56143;80,63123;-9,464046E-07
-0,00071;0,18214;0,77089;25,56443;80,62626;-4,732141E-06
-0,00123;0,18817;0,79525;25,56519;80,62457;-1,892869E-06
-0,00155;0,19122;0,80648;25,5654;80,62323;1,892872E-06
-0,00176;0,19335;0,81447;25,56665;80,62408;0
-0,00186;0,19236;0,81051;25,56647;80,62503;-9,464445E-07
-0,00224;0,18871;0,79686;25,56478;80,62624;2,839294E-06
-0,00238;0,19229;0,81073;25,56451;80,62663;1,892858E-06
-0,00259;0,20056;0,84325;25,56414;80,62695;2,839278E-06
-0,00267;0,20526;0,86139;25,56296;80,62636;1,892834E-06
-0,00267;0,20506;0,86061;25,55806;80,62441;3,785512E-06
-0,00279;0,21068;0,88251;25,55399;80,62318;9,463457E-07
-0,00268;0,20814;0,87149;25,5558;80,62434;2,83908E-06
-0,00279;0,21052;0,88019;25,5536;80,6249;-9,463428E-07
-0,00287;0,21423;0,89421;25,55179;80,62589;2,838985E-06
-0,00304;0,21579;0,89973;25,55122;80,62585;9,46324E-07
-0,00301;0,22217;0,92282;25,54831;80,62334;-9,46301E-07
-0,00305;0,22418;0,9298;25,55;80,62214;-1,892629E-06
-0,00339;0,22313;0,92408;25,54865;80,61624;9,463037E-07
-0,00366;0,22707;0,93701;25,55204;80,61406;1,892661E-06
-0,00397;0,23167;0,9536;25,55446;80,61163;-9,463496E-07
-0,00412;0,2324;0,95554;25,55591;80,60887;1,892722E-06
-0,00423;0,2341;0,9615999;25,55806;80,60728;4,73189E-06
-0,00415;0,23215;0,95337;25,56152;80,60721;-9,464052E-07
-0,0044;0,23273;0,95495;25,56131;80,60758;-1,892807E-06
-0,00449;0,23635;0,96766;25,56359;80,60967;-3,785687E-06
-0,00449;0,23789;0,97225;25,56221;80,61415;9,464109E-07
-0,0045;0,23437;0,95829;25,56054;80,61429;3,78559E-06
-0,00404;0,24186;0,98936;25,55749;80,61171;2,83912E-06
-0,00384;0,23464;0,96311;25,55718;80,608;1,892742E-06
-0,00386;0,23471;0,96386;25,5559;80,60349;9,463611E-07
-0,00384;0,22918;0,94312;25,55325;80,58764;1,89268E-06
-0,00395;0,2209;0,91116;25,55468;80,57844;1,892703E-06
-0,00398;0,21621;0,89318;25,55387;80,56837;1,89269E-06
-0,00377;0,20703;0,85805;25,55655;80,55055;-3,785464E-06
-0,00367;0,20597;0,8544;25,55952;80,54369;-5,678336E-06
-0,00362;0,20632;0,85636;25,56195;80,53683;1,892818E-06
-0,00348;0,21197;0,87884;25,55971;80,52962;-9,463912E-07
-0,00349;0,20289;0,84194;25,56001;80,52594;-9,463935E-07
-0,00346;0,20592;0,8529;25,5595;80,52284;-2,839168E-06
-0,00317;0,20259;0,83976;25,56225;80,52158;6,624878E-06
-0,00292;0,19719;0,81859;25,56033;80,5179;-1,892792E-06
-0,00239;0,19564;0,81183;25,55961;80,50502;-9,463903E-07
-0,00204;0,19262;0,79879;25,5231;80,49273;-2,838306E-06
-0,00158;0,19723;0,81565;25,52499;80,48431;0
-0,00131;0,19183;0,79408;25,53076;80,47826;-1,892325E-06
-0,00113;0,18635;0,7726;25,52818;80,47027;-3,784569E-06
-0,00121;0,17838;0,74147;25,5288;80,46607;1,892294E-06
-0,00123;0,17614;0,73274;25,56265;80,48862;-9,464141E-07
-0,00128;0,16964;0,70778;25,53326;80,46159;-9,461822E-07
-0,00132;0,17092;0,71108;25,53877;80,46221;-9,462256E-07
-0,00134;0,17442;0,72328;25,58164;80,46793;9,465643E-07
-0,00144;0,1754;0,72568;25,54027;80,46255;3,78495E-06
-0,00155;0,18123;0,74642;25,58363;80,46905;-4,7329E-06
-0,00162;0,18224;0,74868;25,58001;80,46926;-2,839654E-06
-0,00187;0,17017;0,70478;25,53846;80,46159;-2,83867E-06
-0,00186;0,18053;0,74083;25,5348;80,45983;9,461943E-07
-0,0015;0,18522;0,75595;25,53402;80,45898;9,461883E-07
-0,00127;0,18559;0,7565;25,53488;80,45815;1,89239E-06
-0,00085;0,18598;0,75686;25,53172;80,45569;0
-0,00055;0,18137;0,73882;25,57518;80,46382;2,83954E-06
-0,00014;0,18294;0,74389;25,53304;80,45686;1,892361E-06
0,00021;0,18432;0,74915;25,5378;80,45858;2,838655E-06
0,00032;0,18013;0,735;25,57386;80,46265;0
0,0005;0,18145;0,74138;25,53559;80,46023;0
0,00075;0,18595;0,75806;25,57134;80,46442;2,839449E-06
0,00092;0,18522;0,75559;25,53101;80,46581;0
0,0009;0,18758;0,76568;25,52611;80,46812;0
0,00098;0,19231;0,78425;25,56463;80,47469;1,89286E-06
0,00089;0,19748;0,80413;25,52675;80,46975;3,784523E-06
0,00074;0,20008;0,81607;25,52305;80,47088;-9,461016E-07
0,0005;0,20154;0,82293;25,51796;80,46979;1,892123E-06
0,00052;0,20601;0,84255;25,51832;80,46959;-3,784258E-06
0,00089;0,21276;0,8703;25,52098;80,47088;1,892171E-06
0,00086;0,21387;0,87806;25,51889;80,47112;1,892138E-06
0,00064;0,21494;0,88649;25,51581;80,47029;-9,460446E-07
0,00035;0,21858;0,9048401;25,51298;80,47232;9,460225E-07
-0,00037;0,20635;0,85794;25,50861;80,47296;-1,891976E-06
-0,00121;0,19872;0,82921;25,50885;80,47449;1,89198E-06
-0,0021;0,19085;0,80011;25,50837;80,47631;-1,891972E-06
-0,00301;0,18836;0,79172;25,50935;80,47708;2,837982E-06
-0,00392;0,18274;0,77169;25,50705;80,48049;-1,891951E-06
-0,00468;0,1766;0,74886;25,51016;80,48328;-3,784001E-06
-0,00527;0,16764;0,71486;25,54056;80,48727;1,89248E-06
-0,0057;0,1598;0,68376;25,53784;80,49197;0
-0,006;0,15145;0,65118;25,53444;80,49467;-2,838575E-06
-0,00626;0,14304;0,6183;25,53256;80,49694;0
-0,0066;0,13998;0,60689;25,53246;80,49947;-4,730879E-06
-0,00681;0,1391;0,6042;25,53062;80,50082;0
-0,00689;0,14143;0,61416;25,53065;80,50411;1,892323E-06
-0,00689;0,14715;0,63642;25,53168;80,50893;0
-0,00518;0,15849;0,67721;25,52515;80,50885;0
-0,00073;0,13202;0,60963;25,52205;80,51662;-1,892188E-06
0,00702;-0,00157;0,1966;25,5188;80,51942;1,892137E-06
-Infini;+Infini;+Infini;25,51443;80,5219;0
-Infini;+Infini;+Infini;25,50368;80,53222;0
-Infini;+Infini;+Infini;25,471;80,521;3,782768E-06
-Infini;+Infini;+Infini;25,47053;80,52293;1,891376E-06
-0,03302;-0,02308;0,19438;25,46771;80,52312;9,456662E-07
-0,01511;-0,01203;0,29915;25,46371;80,52255;0
-0,0052;0,02732;0,49169;25,45846;80,51942;5,67356E-06
0,00027;0,05563;0,46749;25,48631;80,52963;-3,78325E-06
0,00118;0,04616;0,31165;25,45455;80,51434;2,836688E-06
-0,00315;0,19039;0,90932;25,48127;80,52125;0
-0,00561;0,21537;0,96204;25,49051;80,5118;2,837536E-06
-0,00529;0,18425;0,81502;25,48974;80,5097;1,891678E-06
-0,00454;0,16906;0,74371;25,4752;80,5125;-1,89145E-06
-0,00312;0,15038;0,66448;25,48828;80,49419;1,891656E-06
-0,00257;0,13888;0,6144;25,48515;80,49036;0
-0,00258;0,14019;0,6132;25,46999;80,505;0
-0,00299;0,13455;0,58884;25,48488;80,49711;-2,837404E-06
-0,00383;0,12834;0,56169;25,48758;80,49548;-2,837467E-06
-0,00458;0,14504;0,6246;25,48814;80,49261;2,837481E-06
-0,0043;0,14332;0,61706;25,48881;80,48881;4,729159E-06
-0,00445;0,14545;0,62283;25,4789;80,49224;-9,457541E-07
-0,00457;0,15487;0,65878;25,48954;80,48214;-9,458379E-07
-0,00482;0,15963;0,67558;25,49195;80,47706;-2,83757E-06
-0,00498;0,16061;0,6788;25,49386;80,47665;-3,783488E-06
-0,00523;0,18911;0,7832;25,49072;80,4741;9,45847E-07
-0,00507;0,19876;0,8214;25,48886;80,47277;-2,837497E-06
-0,00504;0,21422;0,88052;25,48766;80,47165;-2,837469E-06
-0,00329;0,2885;1,17432;25,48708;80,47006;9,458183E-07
-0,00287;0,37517;1,5182;25,48457;80,46881;-9,457988E-07
-0,00222;0,48185;1,94237;25,54496;80,43623;-9,462746E-07
-0,00185;0,56335;2,27036;25,47812;80,46564;0
-0,00185;0,50703;2,05152;25,476;80,46492;0
-0,00161;0,29488;1,21332;25,47367;80,4642;-4,728565E-06
-0,00168;0,4727;1,92456;25,47182;80,46424;-9,456983E-07
-0,00184;0,2801;1,16159;25,46981;80,46426;-9,456825E-07
-0,0096;0,41038;1,66646;25,46917;80,46577;2,837033E-06
-0,009819999;0,34645;1,41245;25,46727;80,46765;-1,891325E-06
-0,00896;0,2906;1,19389;25,46787;80,47093;1,891335E-06
-0,0098;0,26979;1,10885;25,46199;80,48008;2,836863E-06
-0,0095;0,22927;0,94805;25,4637;80,48244;-9,456345E-07
-0,00913;0,20319;0,84211;25,4607;80,4827;-3,782444E-06
-0,00992;0,20635;0,85088;25,46166;80,48309;2,836856E-06
-0,01054;0,20909;0,85859;25,46111;80,48343;-9,456141E-07
-0,01004;0,19239;0,79259;25,45969;80,48279;1,891206E-06
-0,01065;0,1955;0,8031;25,41852;80,4766;-1,89056E-06
-0,01005;0,18393;0,75852;25,46107;80,48119;-3,782455E-06
-0,00971;0,17989;0,74363;25,44937;80,48416;1,891044E-06
-0,00904;0,16091;0,67161;25,41407;80,47044;-2,835735E-06
-0,00822;0,13549;0,57421;25,44649;80,48006;0
-0,00773;0,12447;0,53131;25,41542;80,46595;9,452557E-07
-0,00698;0,11663;0,50282;25,41532;80,46591;0
-0,00606;0,10518;0,46004;25,44579;80,47998;-9,454939E-07
-0,00552;0,10008;0,4411;25,44317;80,48007;-5,67284E-06
-0,005;0,09316999;0,41506;25,44266;80,48143;9,454692E-07
-0,00443;0,08484;0,38363;25,41212;80,46899;0
-0,00405;0,07958;0,36386;25,44;80,48472;3,781793E-06
-0,00372;0,07581;0,34956;25,41248;80,47033;-1,890465E-06
-0,00482;0,09379;0,41329;25,44481;80,48437;-9,454863E-07
-0,00479;0,09263;0,40674;25,41862;80,47189;1,890561E-06
-0,00466;0,0905;0,39762;25,41257;80,47208;2,8357E-06
-0,00446;0,08721;0,38497;25,41977;80,47059;-9,452897E-07
-0,00417;0,08063;0,36027;25,42096;80,46916;9,45299E-07
-0,00406;0,07757;0,3484;25,42125;80,46706;9,453014E-07
-0,0041;0,08082;0,3601;25,4175;80,46058;0
-0,00406;0,08044;0,35871;25,42051;80,45868;0
-0,00389;0,07769001;0,34853;25,41775;80,45457;-9,45274E-07
-0,00397;0,07497;0,33772;25,42285;80,45455;9,453137E-07
-0,00344;0,06701;0,30944;25,42083;80,45241;0
-0,00368;0,07263;0,32924;25,44392;80,45988;-2,836438E-06
-0,00383;0,07812;0,34912;25,44213;80,45715;3,78186E-06
-0,00398;0,08259;0,36519;25,44417;80,46315;9,454813E-07
-0,00434;0,09504;0,41002;25,44217;80,46021;1,890931E-06
-0,00462;0,10944;0,46202;25,44237;80,45969;9,45467E-07
-0,00463;0,11158;0,46928;25,44091;80,45936;9,454556E-07
-0,00462;0,1141;0,47731;25,43972;80,45909;-9,454462E-07
-0,00463;0,11335;0,47315;25,43379;80,45962;-9,453996E-07
-0,00439;0,10891;0,45625;25,43619;80,44798;2,836256E-06
-0,00442;0,10657;0,44705;25,43373;80,45643;-9,453992E-07
-0,00415;0,10292;0,43367;25,43713;80,44487;0
-0,00384;0,10127;0,42728;25,43811;80,45433;1,890867E-06
-0,00356;0,0957;0,40701;25,43877;80,4387;-1,890877E-06
-0,00341;0,09469999;0,40332;25,43891;80,44783;-2,836319E-06
-0,00346;0,09702;0,41127;25,44015;80,43211;-1,890899E-06
-0,00367;0,10503;0,43992;25,43986;80,42768;-1,890895E-06
-0,00391;0,11051;0,45928;25,44088;80,42554;1,890911E-06
-0,00408;0,11565;0,47767;25,44067;80,42302;9,454535E-07
-0,00445;0,12988;0,52862;25,441;80,42088;-4,727282E-06
-0,00473;0,13953;0,56299;25,4415;80,42038;2,83638E-06
-0,00513;0,14766;0,59199;25,4395;80,42242;-2,836334E-06
-0,00558;0,15371;0,61352;25,43917;80,42336;2,836326E-06
-0,00608;0,16691;0,66052;25,43868;80,42294;0
-0,00656;0,17698;0,69682;25,43996;80,42353;9,454481E-07
-0,00733;0,18093;0,70907;25,43915;80,42263;0
-0,00697;0,17467;0,68779;25,43993;80,42151;2,836344E-06
-0,00693;0,16205;0,64164;25,44069;80,42032;6,618176E-06
-0,00662;0,16424;0,65012;25,44217;80,42051;-3,781862E-06
-0,00636;0,15297;0,60821;25,44109;80,42005;9,454568E-07
-0,00597;0,15013;0,59839;25,44248;80,4194;1,890936E-06
-0,00569;0,13793;0,55482;25,44461;80,41795;3,781938E-06
-0,00548;0,12648;0,51424;25,44429;80,41444;2,836446E-06
-0,00495;0,11448;0,47215;25,44816;80,41226;-1,891025E-06
-0,00454;0,10618;0,44289;25,45007;80,4093;0
-0,00441;0,10422;0,43598;25,45131;80,40594;1,891075E-06
-0,0042;0,10081;0,42367;25,45188;80,40283;-3,782167E-06
-0,00376;0,09166;0,39088;25,45126;80,40072;0
-0,00371;0,08748;0,3756;25,45155;80,39899;2,836617E-06
-0,00366;0,08205999;0,35655;25,44955;80,39346;-9,455234E-07
-0,00342;0,07732;0,33963;25,44482;80,39111;0
-0,0032;0,07137001;0,3183;25,44825;80,38808;0
-0,00316;0,07094999;0,31681;25,44695;80,38677;3,782012E-06
-0,00327;0,07286;0,32357;25,45135;80,3834;2,836613E-06
-0,00328;0,06940001;0,31081;25,44727;80,37937;0
-0,00355;0,0699;0,31235;25,44906;80,37606;-2,836559E-06
-0,00257;0,05135;0,2463;25,44746;80,36617;-9,455071E-07
-0,00292;0,06103;0,28046;25,4471;80,36037;1,891008E-06
-0,00323;0,06896;0,3084;25,45001;80,35183;0
-0,00354;0,07704;0,33709;25,45292;80,34815;9,455498E-07
-0,00383;0,08282;0,35783;25,45522;80,34624;0
-0,00404;0,08724;0,37314;25,45219;80,34491;0
-0,0043;0,09102;0,38611;25,45658;80,34344;0
-0,00435;0,09014;0,38239;25,45293;80,3431;0
-0,00433;0,09012;0,38263;25,45915;80,34252;0
-0,00423;0,09026;0,38351;25,46269;80,34098;2,83688E-06
-0,00542;0,10953;0,45229;25,46492;80,33881;9,456442E-07
-0,00584;0,11227;0,46266;25,46779;80,33829;0
-0,00567;0,10242;0,42853;25,46895;80,33862;-9,456758E-07
-0,00535;0,09508;0,40235;25,47067;80,33969;2,837068E-06
-0,00505;0,09046;0,38584;25,47333;80,34288;0
-0,00477;0,08536;0,36821;25,47333;80,34288;0
-0,00472;0,08434;0,36447;25,47444;80,34544;-2,837157E-06
-0,00486;0,08871;0,38002;25,479;80,353;-9,457547E-07
-0,00522;0,09537;0,40303;25,47961;80,3567;2,837279E-06
-0,00544;0,10068;0,42115;25,47891;80,36311;2,837263E-06
-0,00544;0,10039;0,41976;25,4813;80,36755;2,837319E-06
-0,00543;0,09944;0,41619;25,48061;80,37044;4,728838E-06
-0,00575;0,10794;0,44553;25,47917;80,37294;2,837269E-06
-0,0051;0,09428;0,39765;25,47826;80,37481;-1,891498E-06
-0,00494;0,0902;0,38324;25,47649;80,37734;9,457352E-07
-0,00568;0,10155;0,42272;25,47611;80,37977;-9,457321E-07
-0,00574;0,10617;0,43902;25,47466;80,38299;-4,728603E-06
-0,00657;0,11833;0,48129;25,47084;80,39137;-1,891382E-06
-0,00698;0,12236;0,49518;25,4722;80,39784;2,837104E-06
-0,00754;0,12548;0,50604;25,46948;80,40203;0
-0,0082;0,13291;0,53226;25,46902;80,40554;-9,456764E-07
-0,00889;0,14191;0,56463;25,46533;80,40717;-1,891295E-06
-0,00971;0,15286;0,60394;25,46318;80,40924;-2,836892E-06
-0,01158;0,18145;0,7046;25,46382;80,41119;3,782542E-06
-0,01331;0,20648;0,79356;25,46187;80,41106;-3,782481E-06
-0,01354;0,21016;0,80758;25,45726;80,41124;-9,45584E-07
-0,0143;0,21681;0,83123;25,45379;80,41415;0
-0,01408;0,22003;0,84328;25,45207;80,41456;-9,455431E-07
-0,01422;0,21759;0,83589;25,45129;80,4164;7,564297E-06
-0,01435;0,21881;0,84145;25,44949;80,41821;4,727614E-06
-0,01434;0,21908;0,84249;25,44875;80,42095;-9,455171E-07
-0,01469;0,23574;0,90136;25,44553;80,42296;2,836475E-06
-0,01437;0,22782;0,87287;25,44278;80,42311;-2,836411E-06
-0,01353;0,21547;0,8283401;25,44054;80,42358;-9,454526E-07
-0,01275;0,20731;0,79815;25,43997;80,42486;0
-0,01266;0,20812;0,7995;25,44064;80,42534;-2,836361E-06
-0,01232;0,20741;0,79612;25,44036;80,42535;0
-0,01253;0,21703;0,82962;25,44102;80,42451;6,618196E-06
-0,01276;0,22908;0,87157;25,44258;80,42339;1,890937E-06
-0,01274;0,22435;0,85575;25,44396;80,42075;1,890959E-06
-0,01231;0,21837;0,83456;25,44167;80,41723;-1,890923E-06
-0,01173;0,20613;0,79142;25,44282;80,41202;1,890941E-06
-0,01105;0,19477;0,75201;25,44573;80,40891;3,781973E-06
-0,01077;0,18974;0,73554;25,44736;80,40335;-9,455061E-07
-0,01063;0,18304;0,7122;25,44623;80,40207;-9,454973E-07
-0,0101;0,17274;0,67685;25,44928;80,39891;-9,455213E-07
-0,00937;0,15986;0,63253;25,44806;80,3959;0
-0,00854;0,14817;0,59231;25,44718;80,39263;-9,455047E-07
-0,00725;0,12821;0,52246;25,44556;80,3889;-1,890984E-06
-0,00612;0,11183;0,46409;25,44111;80,38441;1,890914E-06
-0,00545;0,10021;0,42311;25,44124;80,37807;3,781833E-06
-0,00537;0,10329;0,4339;25,43991;80,36452;-2,836343E-06
-0,00516;0,10178;0,42833;25,43715;80,35829;-1,890852E-06
-0,00375;0,07559;0,33472;25,43459;80,35342;-9,454059E-07
-0,00345;0,06451999;0,29372;25,43293;80,3476;1,890786E-06
-0,00319;0,05776;0,26879;25,43274;80,34567;1,890783E-06
-0,00329;0,06138;0,28058;25,42868;80,33809;-2,836078E-06
-0,00323;0,05978;0,27446;25,42807;80,3334;-9,453547E-07
-0,00325;0,0624;0,28368;25,42856;80,32932;0
-0,00274;0,05615;0,26115;25,43061;80,32533;2,836125E-06
-0,00207;0,04379;0,21693;25,42747;80,32322;-1,8907E-06
-0,00212;0,0461;0,22443;25,42783;80,32217;-1,890706E-06
-0,00226;0,04923;0,23503;25,42685;80,32091;-9,453452E-07
-0,00287;0,06286;0,2823;25,42546;80,32128;-1,890668E-06
-0,00301;0,06473;0,28933;25,42765;80,32107;0
-0,0032;0,07109;0,31123;25,42585;80,32255;-9,453374E-07
-0,00347;0,07917;0,33956;25,42482;80,32362;9,453292E-07
-0,00359;0,08516;0,36088;25,42378;80,32564;0
-0,00381;0,08742;0,36863;25,42196;80,32803;9,453069E-07
-0,0046;0,09948999;0,41122;25,42114;80,33031;9,453004E-07
-0,00589;0,12314;0,4949;25,42127;80,33372;9,453014E-07
-0,00615;0,12589;0,5039;25,42172;80,33661;-9,45305E-07
-0,00614;0,12777;0,50959;25,4193;80,33791;-2,835858E-06
-0,00617;0,12649;0,50433;25,42249;80,34505;2,835933E-06
-0,0063;0,12966;0,51473;25,42249;80,34505;2,835933E-06
-0,00654;0,13392;0,52909;25,42136;80,34962;1,890604E-06
-0,00647;0,13027;0,51569;25,42252;80,35511;2,835934E-06
-0,00654;0,12836;0,50772;25,42407;80,35968;9,453236E-07
-0,00629;0,12462;0,49359;25,41889;80,36424;-2,835849E-06
-0,00592;0,11855;0,4717;25,42114;80,36825;0
-0,0055;0,11157;0,44751;25,42155;80,37282;2,835911E-06
-0,00535;0,11121;0,44688;25,41779;80,37995;-9,452741E-07
-0,00516;0,10013;0,40854;25,4147;80,38301;-1,8905E-06
-0,00488;0,09394;0,38703;25,41242;80,38609;0
-0,00486;0,09269001;0,38194;25,41211;80,38909;-9,452296E-07
-0,00485;0,09174;0,3784;25,4116;80,39258;0
-0,00495;0,09423;0,38663;25,40809;80,39524;-2,835594E-06
-0,00502;0,09398001;0,38553;25,40645;80,39766;-6,616297E-06
-0,00515;0,09336;0,383;25,40496;80,3991;9,451736E-07
-0,0054;0,09719;0,39557;25,40281;80,39935;-9,451568E-07
-0,00471;0,08722;0,36033;25,40275;80,4;9,451563E-07
-0,00433;0,08117;0,33871;25,40254;80,40038;3,780618E-06
-0,00434;0,08312999;0,34479;25,4025;80,40112;-2,835463E-06
-0,00437;0,0856;0,35245;25,40175;80,40215;9,451484E-07
-0,00423;0,08258;0,34204;25,40026;80,40385;-9,451368E-07
-0,004;0,07901999;0,32993;25,40076;80,4063;-9,451406E-07
-0,00381;0,07635;0,32099;25,40463;80,4176;-9,45171E-07
-0,00376;0,0772;0,32394;25,40046;80,41323;-2,835415E-06
-0,00389;0,08147;0,33845;25,39892;80,41509;-9,451262E-07
-0,00337;0,07478;0,31501;25,3982;80,42454;2,835362E-06
-0,00329;0,08514;0,34855;25,39388;80,41502;-9,450869E-07
-0,00283;0,08798;0,35652;25,39439;80,42043;-9,450909E-07
-0,00192;0,07964;0,32678;25,39031;80,40938;9,45059E-07
-0,00108;0,06673;0,28263;25,39438;80,40777;-1,890181E-06
-0,00036;0,05682;0,24831;25,39371;80,40664;-3,780342E-06
-0,0001;0,05454;0,24006;25,39519;80,40524;-9,45097E-07
0,00024;0,04565;0,20991;25,39806;80,41151;1,890239E-06
0,00056;0,03889;0,18728;25,39887;80,39918;-3,780504E-06
0,00087;0,0396;0,18905;25,3951;80,39512;-9,450963E-07
0,00113;0,0402;0,19082;25,39764;80,38641;9,451163E-07
0,00128;0,04077;0,1926;25,39895;80,38223;1,890253E-06
0,00138;0,04124;0,19439;25,39823;80,37679;-1,890242E-06
0,00143;0,04165;0,19618;25,39825;80,37282;2,835363E-06
0,00143;0,04215;0,19794;25,39864;80,36874;0
0,0014;0,04252;0,19971;25,39687;80,36369;2,835331E-06
0,00125;0,04341;0,20131;25,3966;80,36036;9,451082E-07
0,00117;0,04411;0,20295;25,3982;80,35695;1,890241E-06
0,0012;0,04485;0,20455;25,39911;80,35415;0
0,00095;0,04522;0,20626;25,39796;80,35103;-2,835357E-06
0,0009;0,04574;0,2079;25,39837;80,34721;0
0,00082;0,04632;0,20952;25,39881;80,34644;0
0,00071;0,04693;0,2111;25,40076;80,34172;0
0,00061;0,04757;0,21266;25,39867;80,33949;-9,451245E-07
0,00056;0,04822;0,21421;25,40047;80,33665;9,451383E-07
0,00052;0,04893;0,21571;25,39911;80,33326;9,451277E-07
0,00043;0,04945;0,21726;25,39885;80,32352;1,890251E-06
0,00032;0,05;0,21879;25,39666;80,31907;0
0,00014;0,05033;0,22037;25,396;80,31696;1,890207E-06
0,00021;0,05089;0,22187;25,39318;80,31583;1,890162E-06
0,00016;0,05131;0,2234;25,39085;80,3161;-1,890126E-06
4E-05;0,0515;0,22499;25,38748;80,31838;-3,780146E-06
-5E-05;0,0517;0,22657;25,38875;80,32153;-9,450467E-07
-7E-05;0,05197;0,22812;25,38414;80,32264;0
-0,00019;0,05217;0,22968;25,3845;80,32381;-1,890027E-06
-0,00035;0,05225;0,23127;25,38452;80,32271;1,890027E-06
-0,00048;0,05303;0,23263;25,38274;80,31945;-2,834998E-06
-0,00085;0,05299;0,23422;25,38077;80,31599;-2,834953E-06
-0,00109;0,05306;0,23578;25,38127;80,31247;0
-0,00133;0,0531;0,23734;25,38095;80,30894;1,889971E-06
-0,00113;0,0411;0,19835;25,38193;80,30588;-9,449933E-07
-0,00107;0,03942;0,19261;25,38255;80,30361;-4,724991E-06
-0,00146;0,04828;0,22215;25,38;80,29813;0
-0,00215;0,06066;0,26385;25,38142;80,29774;-1,889979E-06
-0,00223;0,06034;0,26294;25,38096;80,29608;1,889971E-06
-0,00197;0,05446;0,24271;25,37954;80,29526;9,449745E-07
-0,00232;0,06162;0,2671;25,37878;80,29476;9,449685E-07
-0,00192;0,05271;0,23698;25,37684;80,2943;5,669721E-06
-0,00135;0,04105;0,1976;25,37604;80,29379;-2,834842E-06
-0,00128;0,04169;0,19927;25,374;80,29226;0
-0,00128;0,04227;0,20094;25,37567;80,29073;-9,449442E-07
-0,0013;0,04284;0,2026;25,37666;80,28885;9,44952E-07
-0,00128;0,04336;0,20426;25,37785;80,28645;0
-0,00116;0,04403;0,20586;25,38023;80,28322;0
-0,00115;0,04466;0,20746;25,38344;80,27995;9,450052E-07
-0,00129;0,04508;0,2091;25,38437;80,27491;1,890025E-06
-0,00126;0,04573;0,21067;25,38788;80,27193;-3,78016E-06
-0,00138;0,04612;0,21229;25,38835;80,26736;1,890087E-06
-0,00168;0,04645;0,21391;25,38949;80,26161;4,725262E-06
-0,00193;0,04688;0,2155;25,38946;80,26112;-1,890104E-06
-0,00215;0,04732;0,21708;25,38906;80,26175;-3,780197E-06
-0,00236;0,04785;0,21861;25,38606;80,26202;0
-0,0026;0,04836;0,22014;25,38581;80,26395;-3,780094E-06
-0,00294;0,04867;0,22172;25,38693;80,26622;2,835097E-06
-0,00347;0,05176;0,23259;25,38775;80,26558;-1,890078E-06
-0,00353;0,05061;0,22858;25,3901;80,26436;1,890115E-06
-0,00448;0,06151;0,2652;25,39145;80,26038;9,450678E-07
-0,00529;0,07128;0,29773;25,39343;80,2597;9,450833E-07
-0,00575;0,07593;0,31337;25,39624;80,26012;0
-0,00624;0,08032;0,32816;25,39807;80,26005;0
-0,00625;0,07822;0,32134;25,40028;80,26124;2,835411E-06
-0,00728;0,09262;0,37085;25,40261;80,26225;-9,451551E-07
-0,00626;0,07496;0,31444;25,40486;80,26554;9,451728E-07
-0,0073;0,16801;0,66798;25,40717;80,26905;-1,890382E-06
-0,00543;0,19865;1,07684;25,40468;80,27918;-4,725858E-06
-0,01277;0,14644;1,33137;25,40074;80,28173;-9,451406E-07
-0,04446;0,42009;6,25697;25,40113;80,28479;9,451435E-07
-0,01108;0,12156;1,96677;25,39991;80,2864;-9,451342E-07
0,00048;0,01956;0,33942;25,39761;80,28706;-9,451159E-07
0,00123;0,06644;0,48193;25,3969;80,28567;-9,451106E-07
0,00318;0,40536;1,83417;25,39642;80,28329;-9,451066E-07
-0,0024;0,11021;0,4662;25,40112;80,27969;2,83543E-06
-0,00146;0,03644;0,18975;25,40388;80,27792;0
-0,00278;0,05504;0,2474;25,40634;80,27699;1,890369E-06
-0,00365;0,07184;0,30285;25,40872;80,27621;1,890406E-06
-0,0038;0,09349;0,37674;25,41186;80,2772;0
-0,00225;0,04716;0,21936;25,4139;80,27795;-9,452436E-07
-0,00253;0,04792;0,22087;25,41661;80,27817;2,835795E-06
-0,00256;0,04826;0,2225;25,41768;80,27747;-3,781093E-06
-0,00262;0,04862;0,2241;25,42302;80,27561;3,781261E-06
-0,00417;0,06805;0,28939;25,42176;80,27338;0
-0,0059;0,09062;0,36438;25,42417;80,27204;9,453242E-07
-0,00641;0,0908;0,36432;25,42241;80,27025;0
-0,00422;0,05991;0,26137;25,42412;80,26913;-1,890648E-06
-0,00396;0,06033;0,26271;25,42234;80,26886;-3,78124E-06
-0,00353;0,06058;0,2641;25,42039;80,26917;-2,835883E-06
-0,00339;0,06091;0,26545;25,4189;80,26949;-1,890566E-06
-0,00323;0,06122;0,2668;25,41694;80,27283;0
-0,00266;0,06215;0,26796;25,4128;80,27274;9,452351E-07
-0,00254;0,06237;0,26931;25,41212;80,27323;9,452297E-07
-0,003;0,06281;0,27058;25,41026;80,27178;-1,89043E-06
-0,00267;0,06334;0,27182;25,40892;80,26977;-1,890409E-06
-0,00252;0,06373;0,2731;25,40547;80,26766;-9,451776E-07
-0,00254;0,06403;0,2744;25,40427;80,26449;-2,835504E-06
-0,00343;0,06445;0,27565;25,40444;80,26424;-2,835508E-06
-0,00216;0,0386;0,19038;25,40558;80,26369;-9,451785E-07
-0,00423;0,07053;0,29692;25,40517;80,26376;2,835526E-06
-0,00567;0,08894999;0,35874;25,40823;80,26546;1,890398E-06
-0,00709;0,10492;0,41315;25,40886;80,26781;1,890408E-06
-0,00813;0,11321;0,44111;25,40967;80,2709;-5,671263E-06
-0,009;0,12168;0,46991;25,41013;80,27472;-9,45214E-07
-0,00991;0,1284;0,49325;25,41061;80,28017;1,890436E-06
-0,01051;0,1312;0,50349;25,4116;80,287;0
-0,01086;0,13233;0,50824;25,42082;80,3115;-9,45298E-07
-0,01143;0,1366;0,52389;25,42054;80,32922;-3,781183E-06
-0,01223;0,14389;0,54885;25,4276;80,36149;0
-0,01271;0,14979;0,56873;25,43142;80,39011;-9,45381E-07
-0,01356;0,16252;0,61206;25,42622;80,4268;5,672043E-06
-0,01447;0,17579;0,657;25,43369;80,46642;0
-0,01586;0,19794;0,73299;25,44844;80,50342;9,455148E-07
-0,01632;0,2067;0,76343;25,46387;80,53879;0
-0,0162;0,2132;0,7862;25,4778;80,57059;2,837236E-06
-0,01556;0,2136;0,78805;25,51617;80,62285;0
-0,01549;0,21964;0,80813;25,54427;80,64079;1,892538E-06
-0,013;0,19351;0,71901;25,56594;80,65331;-9,464403E-07
-0,009729999;0,1511;0,57449;25,58844;80,66851;0
-0,00744;0,12484;0,48655;25,60923;80,68569;-2,840348E-06
-0,00705;0,12748;0,49999;25,6284;80,70326;9,469346E-07
-0,00988;0,18751;0,71257;25,64704;80,72264;1,894165E-06
-0,009260001;0,1885;0,71731;25,66905;80,74352;-3,789029E-06
-0,00649;0,15385;0,5938;25,70453;80,7851;1,895079E-06
-0,0058;0,14706;0,57176;25,71892;80,80426;-9,47654E-07
-0,00591;0,17116;0,65537;25,73734;80,82177;0
-0,00586;0,19964;0,75705;25,75191;80,8366;-2,843752E-06
-0,00584;0,21283;0,80558;25,75814;80,8484;2,8439E-06
-0,00587;0,20508;0,78835;25,75603;80,85435;-9,4795E-07
-0,00575;0,2019;0,786;25,76208;80,85565;-2,843995E-06
-0,00516;0,1948;0,7698;25,76396;80,85251;0
-0,00609;0,20951;0,83162;25,76311;80,85085;-2,844019E-06
-0,00683;0,23426;0,93125;25,77402;80,82565;-1,896188E-06
-0,00458;0,24615;0,99008;25,76525;80,8146;3,792095E-06
-0,00251;0,24006;0,97102;25,75381;80,79269;2,843797E-06
-0,00119;0,2336;0,94879;25,7503;80,76802;2,843713E-06
-0,00066;0,21547;0,88335;25,75269;80,73437;9,479232E-07
0,00026;0,20992;0,86299;25,75273;80,6968;0
0,00173;0,22612;0,93092;25,75419;80,65588;-2,843806E-06
0,00234;0,2417;0,98901;25,75311;80,61579;-9,479268E-07
0,00336;0,24911;1,01569;25,75527;80,57178;-3,791776E-06
0,00276;0,26357;1,07275;25,76932;80,50143;-1,896112E-06
0,00083;0,27254;1,10969;25,78015;80,4668;2,844428E-06
0,00021;0,29885;1,20324;25,78911;80,42606;1,896428E-06
-0,00112;0,31708;1,2665;25,78494;80,40064;9,481809E-07
-0,00258;0,29247;1,17133;25,79404;80,36453;1,896507E-06
-0,00319;0,28695;1,14618;25,82616;80,31962;-9,485109E-07
-0,0032;0,2908;1,15586;25,81382;80,30756;0
-0,00445;0,27804;1,10669;25,81658;80,2914;1,896868E-06
-0,00576;0,27464;1,09379;25,84431;80,25664;0
-0,00727;0,29594;1,17718;25,85838;80,21914;-3,795077E-06
-0,00545;0,30132;1,18694;25,85255;80,20957;0
-0,00299;0,27705;1,08817;25,8208;80,21732;0
-0,0029;0,25323;1,00038;25,82962;80,19263;1,897077E-06
-0,00513;0,23861;0,9486;25,8215;80,17828;-1,896947E-06
-0,00569;0,22725;0,91134;25,8215;80,17828;-1,896947E-06
-0,00605;0,25116;0,9977199;25,82028;80,15159;2,845391E-06
-0,01186;0,2791;1,11312;25,799;80,15446;9,482934E-07
-0,0112;0,29307;1,16841;25,80113;80,1409;0
-0,01099;0,26718;1,07186;25,82358;80,10389;-2,845471E-06
-0,01165;0,21613;0,8822801;25,80934;80,08744;9,483762E-07
-0,01483;0,2417;0,96828;25,82103;80,05592;-1,896939E-06
-0,01535;0,25253;1,00513;25,83303;80,03478;3,794264E-06
-0,01426;0,22462;0,90638;25,82495;79,99715;4,742506E-06
-0,01239;0,20179;0,82635;25,82007;79,91254;0
-0,01242;0,20231;0,82718;25,81607;79,87803;-1,89686E-06
-0,0118;0,19557;0,79641;25,82576;79,83618;-2,845523E-06
-0,01258;0,20993;0,8361599;25,83204;79,74355;0
-0,01196;0,21829;0,85142;25,84853;79,70665;9,486903E-07
-0,01632;0,28805;1,08444;25,86719;79,67857;-9,4884E-07
-0,0155;0,28195;1,05806;25,89088;79,66692;-2,847091E-06
-0,01694;0,25725;0,96584;25,90723;79,63757;9,491617E-07
-0,01643;0,16602;0,6503;25,92298;79,59628;9,492887E-07
-0,01601;0,15371;0,60299;25,93706;79,563;2,848206E-06
-0,01515;0,14319;0,56099;25,96413;79,52448;0
-0,01627;0,15348;0,59301;26,01401;79,40447;3,800094E-06
-0,01561;0,14633;0,56676;26,02924;79,3413;9,501466E-07
-0,0159;0,17182;0,65871;26,04069;79,28292;-2,850719E-06
-0,01607;0,16974;0,64017;26,06371;79,21211;9,504262E-07
-0,01848;0,18224;0,68443;26,08457;79,16259;9,505956E-07
-0,01959;0,19987;0,74929;26,09766;79,12244;1,901404E-06
-0,01914;0,20421;0,76875;26,11319;79,06898;-9,508282E-07
-0,01883;0,20519;0,77191;26,12996;79,03028;2,852894E-06
-0,02071;0,21236;0,79517;26,1873;78,98929;3,805729E-06
-0,02018;0,18878;0,71502;26,23193;78,98506;-9,51797E-07
-0,01621;0,14457;0,56169;26,26675;78,9768;4,760412E-06
-0,01451;0,10884;0,43832;26,30822;78,96147;-4,762114E-06
-0,01921;0,14577;0,56429;26,34741;78,95367;3,810982E-06
-0,01987;0,14202;0,55065;26,39726;78,95268;1,906313E-06
-0,01888;0,12464;0,48997;26,44754;78,9534;3,814288E-06
-0,0176;0,11218;0,44515;26,48989;78,95184;0
-0,01712;0,11213;0,4447;26,55177;78,95404;0
-0,01789;0,11767;0,46312;26,66677;78,94648;1,910795E-06
-0,01546;0,09649;0,39348;26,72384;78,93138;2,867628E-06
-0,0127;0,07347;0,31716;26,7775;78,92088;3,82531E-06
-0,01318;0,0804;0,34483;26,83552;78,91396;1,913634E-06
-0,01016;0,06834;0,30879;26,8814;78,90247;0
-0,01251;0,09776;0,41363;26,93673;78,89842;-1,915349E-06
-0,0162;0,13933;0,56484;26,98624;78,88606;-3,832381E-06
-0,01734;0,15282;0,62203;27,04608;78,8728;-1,917211E-06
-0,01709;0,15126;0,62984;27,15233;78,82898;0
-0,02571;0,22588;0,914;27,2251;78,80492;3,840568E-06
-0,03014;0,28894;1,15699;27,26337;78,77991;3,841889E-06
-0,03251;0,34462;1,36801;27,32183;78,74845;3,843913E-06
-0,02702;0,29604;1,20115;27,44474;78,69162;3,848186E-06
-0,02173;0,23848;0,99586;27,44474;78,69162;3,848186E-06
-0,01957;0,2153;0,9176;27,56429;78,64618;9,630922E-07
-0,02254;0,26424;1,12386;27,62565;78,62846;9,636312E-07
-0,03035;0,33834;1,43561;27,74026;78,59549;1,929286E-06
-0,01909;0,20164;0,91256;27,81069;78,57176;9,65268E-07
-0,0124;0,14013;0,66875;27,87254;78,54648;3,863274E-06
-0,01513;0,18472;0,85589;27,9416;78,5126;0
-0,01837;0,22459;1,03173;28,02289;78,47404;-1,934328E-06
-0,01853;0,20451;0,94626;28,0945;78,42893;-9,678085E-07
-0,01927;0,2299;1,04958;28,17661;78,37524;9,685501E-07
-0,01921;0,22458;1,03485;28,26509;78,32516;9,693536E-07
-0,0195;0,22077;1,01962;28,4535;78,19958;9,710756E-07
-0,01945;0,21386;0,99222;28,55934;78,12815;0
-0,01849;0,17568;0,84015;28,65491;78,05253;0
-0,01969;0,16815;0,81246;28,7681;77,9865;2,921965E-06
-0,02292;0,18352;0,87883;28,87472;77,91632;0
-0,02665;0,19958;0,9454;28,98387;77,84363;0
-0,03625;0,24375;1,11774;29,08153;77,76839;1,953874E-06
-0,04666;0,30814;1,38867;29,31236;77,69545;-1,958278E-06
-0,04497;0,27394;1,23775;29,38387;77,56923;0
-0,04366;0,26354;1,18502;29,47325;77,49487;-1,961378E-06
-0,03716;0,21813;0,98618;29,5676;77,41782;1,963208E-06
-0,03594;0,20516;0,92692;29,62587;77,36298;-2,946514E-06
-0,03634;0,20888;0,94469;29,68233;77,27269;-1,965444E-06
-0,03318;0,20757;0,94088;29,74356;77,18333;-9,833217E-07
-0,02988;0,1908;0,87187;29,79761;77,09172;-5,903116E-06
-0,03036;0,18136;0,82647;29,89327;76,89612;2,954386E-06
-0,03092;0,17409;0,78973;29,99656;76,68571;9,858187E-07
-0,03256;0,17542;0,78788;30,05867;76,59195;-4,932182E-06
-0,03657;0,19191;0,83752;30,09329;76,48486;9,867819E-07
-0,05269;0,24947;1,03783;30,12816;76,37585;1,97426E-06
-0,05705;0,27179;1,09945;30,16193;76,26101;2,962404E-06
-0,06125;0,28879;1,14547;30,23154;76,1535;4,940831E-06
-0,05499;0,24118;0,94843;30,26965;76,0299;1,9771E-06
-0,04955;0,20946;0,82001;30,3045;75,89611;-1,977802E-06
-0,03973;0,16249;0,63306;30,37471;75,60904;1,979221E-06
-0,03469;0,14253;0,54937;30,44374;75,47289;-1,980621E-06
-0,02816;0,11383;0,43955;30,46806;75,32427;2,971674E-06
-0,02561;0,10431;0,40261;30,58776;75,20187;9,917787E-07
-0,02116;0,08446;0,32967;30,6911;75,07313;-5,957034E-06
-0,02111;0,08755;0,3331;30,75358;74,98754;-1,986965E-06
-0,02153;0,09272;0,34455;30,83624;74,87471;-9,943374E-07
-0,02112;0,09401;0,34353;30,90945;74,76165;-9,95097E-07
-0,02221;0,10429;0,37047;31,11134;74,57778;-1,994414E-06
-0,02373;0,11642;0,40232;31,16983;74,4865;-1,995645E-06
-0,0269;0,14083;0,4729;31,28991;74,42536;0
-0,02992;0,16655;0,54917;31,37398;74,35751;3,999935E-06
-0,03065;0,17735;0,57546;31,42892;74,27654;2,001139E-06
-0,02968;0,17731;0,57188;31,5091;74,1941;0
-0,02714;0,17327;0,55944;31,61546;74,10851;0
-0,02359;0,16203;0,52372;31,68919;74,00658;-2,006731E-06
-0,02145;0,16018;0,51153;31,82796;73,77807;2,009741E-06
-0,02137;0,17315;0,5459;31,88471;73,6474;-2,010979E-06
-0,02074;0,17129;0,54003;31,95231;73,52524;0
-0,02085;0,17567;0,55327;32,02472;73,40778;0
-0,02031;0,18454;0,58071;32,09123;73,28751;2,01551E-06
-0,02076;0,17357;0,54541;32,13143;73,15032;0
-0,02049;0,1572;0,49403;32,19515;73,03085;2,017809E-06
-0,01915;0,13547;0,4273;32,2918;72,7976;4,039915E-06
-0,01841;0,12005;0,38455;32,38419;72,70856;6,066063E-06
-0,01891;0,11661;0,37506;32,49602;72,54891;-4,049061E-06
-0,02355;0,14233;0,45695;32,55505;72,48695;-2,025861E-06
-0,02714;0,15287;0,485;32,59672;72,42352;0
-0,03244;0,1777;0,55725;32,63878;72,37608;-2,027755E-06
-0,03781;0,20433;0,63954;32,65698;72,33105;0
-0,04029;0,21821;0,68533;32,70278;72,30747;-2,029208E-06
-0,04147;0,22525;0,71572;32,76191;72,29182;-2,030554E-06
-0,04354;0,23571;0,75192;32,79838;72,27146;-2,031387E-06
-0,04338;0,23476;0,75264;32,85661;72,22168;0
-0,03825;0,20894;0,67452;32,88409;72,1966;0
-0,03323;0,18236;0,59412;32,90932;72,17297;0
-0,02687;0,14069;0,46598;32,94364;72,15497;-2,034718E-06
-0,02506;0,13071;0,43441;32,96192;72,12965;-2,035138E-06
-0,0242;0,12856;0,42995;33,01014;72,11383;-2,036251E-06
-0,02391;0,13072;0,43628;33,03804;72,08685;2,036896E-06
-0,02364;0,13194;0,43946;33,07139;72,06214;4,075334E-06
-0,02332;0,12959;0,43374;33,1604;72,01234;-4,079466E-06
-0,02334;0,12942;0,43415;33,18056;71,98409;-4,080404E-06
-0,02355;0,13034;0,43715;33,20032;71,96136;-2,040663E-06
-0,0237;0,12977;0,43569;33,22015;71,94173;4,082249E-06
-0,02355;0,12757;0,42991;33,24337;71,93186;-2,041667E-06
-0,02329;0,12459;0,42253;33,26684;71,92458;2,042215E-06
-0,02278;0,11928;0,40866;33,28786;71,92123;-2,042707E-06
-0,0226;0,11628;0,40041;33,30748;71,92032;2,043167E-06
-0,02208;0,11145;0,3868;33,34299;71,91998;-4,087999E-06
-0,02193;0,10853;0,37908;33,35521;71,91925;2,044286E-06
-0,02198;0,10749;0,37627;33,36697;71,91656;2,044563E-06
-0,0221;0,10656;0,37442;33,37438;71,91078;2,044737E-06
-0,02235;0,10652;0,37515;33,38755;71,9138;0
