-Infini;+Infini;+Infini;25,6423;75,45926;6,754169
-Infini;+Infini;+Infini;25,359;81,12063;1,547343
-Infini;+Infini;+Infini;28,70051;81,95555;0,6020519
-Infini;+Infini;+Infini;26,34511;81,10082;359,8715
-Infini;+Infini;+Infini;26,17386;81,12392;359,9691
-Infini;+Infini;+Infini;26,14053;81,03812;359,9883
-Infini;+Infini;+Infini;26,12376;81,02135;359,9908
-Infini;+Infini;+Infini;26,1008;81,01933;359,9804
-Infini;+Infini;+Infini;25,97657;81,05256;0,06573588
-Infini;+Infini;+Infini;26,11968;80,98655;-0,002037738
-Infini;+Infini;+Infini;26,10896;80,9782;359,9784
-Infini;+Infini;+Infini;26,14661;80,96758;0,00792552
0,03691;0,03208;0,45401;26,12319;80,96737;359,9578
-Infini;+Infini;+Infini;26,25756;80,89754;359,9233
0,05188;0,07695;0,76529;26,12941;80,95263;-0,004094834
0,03393;0,04722;0,51795;26,11261;80,94907;-0,001917811
0,01828;0,01341;0,26487;26,1056;80,94378;-0,005510642
-Infini;+Infini;+Infini;26,13073;80,93404;0,002727385
0,01769;0,01338;0,269;26,11889;80,93291;359,9866
0,01895;0,01931;0,31236;26,11752;80,93275;-0,003413599
0,01645;0,01384;0,27378;26,13083;80,92062;359,989
0,01439;0,00923;0,23795;26,11726;80,93324;-0,0006998339
0,0147;0,01041;0,24596;26,04869;80,92008;0,0009484036
0,01755;0,01927;0,30678;26,12374;80,94066;0,007937279
0,01819;0,0221;0,32495;26,09425;80,93488;0,002872938
0,01912;0,02638;0,35088;26,09019;80,9385;359,9875
0,01856;0,0259;0,34616;25,93615;80,99243;0,09029222
0,02034;0,03236;0,39271;26,07601;80,92968;0,005433207
0,01986;0,03105;0,38221;26,10461;80,94598;0,04749609
0,01991;0,0319;0,38521;26,07545;80,96306;0,01509808
0,0201;0,03318;0,39099;26,04556;80,94841;0,006056129
0,02015;0,03438;0,3959;26,06907;80,96136;0,01161854
0,0206;0,03707;0,40842;26,06971;80,97057;0,00830905
0,02041;0,03869;0,41248;26,06917;80,94454;0,005462355
0,01942;0,03684;0,39485;26,00372;80,96044;359,9632
0,01828;0,03354;0,36924;26,05016;80,96415;359,9906
0,01879;0,03648;0,38424;26,03986;80,95243;359,9852
0,01799;0,03517;0,36923;26,06075;80,98947;0,002761869
0,01675;0,03539;0,35851;26,05002;80,99095;0,01140093
0,01471;0,03117;0,32044;26,04637;80,98973;0,01782355
0,01357;0,02921;0,29991;26,03783;81,00511;359,9824
0,01418;0,03536;0,32966;26,03975;80,994;-0,001127925
0,01287;0,03217;0,3049;26,04055;81,00223;359,9887
0,01223;0,03078;0,29466;26,03417;80,98458;359,9934
0,01135;0,02765;0,27535;26,02367;80,97063;359,9905
0,01141;0,0289;0,28087;26,07892;80,99452;0,002946704
0,01195;0,03319;0,30474;26,005;80,95148;359,9802
0,0124;0,03696;0,3255;26,03715;80,96238;359,98
0,01217;0,03764;0,32865;26,01953;80,94491;0,005228225
0,0124;0,03996;0,34108;26,05575;80,9609;359,9794
0,01261;0,04165;0,35098;26,01728;80,93334;-0,004975412
0,01236;0,04092;0,34673;26,04128;80,93688;359,9941
0,01244;0,04121;0,34932;26,02523;80,93008;359,9926
0,0127;0,04289;0,35883;26,02894;80,91405;0,001649451
0,01322;0,04573;0,37556;26,02129;80,92665;0,007812528
0,01359;0,04828;0,3906;26,03148;80,90545;359,992
0,01357;0,04846;0,39149;26,01207;80,89862;0,001986466
0,01299;0,04515;0,37137;26,00977;80,89675;0,006753474
0,01313;0,04493;0,36996;26,01632;80,89066;-0,001622672
0,01296;0,04352;0,36176;26,00713;80,89398;0,008110825
0,01312;0,04378;0,36269;26,01813;80,89577;0,005093254
0,01343;0,04491;0,36866;26,18645;80,84533;359,9412
0,01362;0,04581;0,37333;26,0122;80,90643;0,001232161
0,03391;0,09972;0,64887;25,97723;80,90659;0,01219068
0,03502;0,13247;0,80864;25,99056;80,90526;0,003918065
0,03663;0,12555;0,76636;25,97192;80,90993;0,0116982
0,0365;0,11508;0,70917;25,97927;80,91161;-0,0004463791
0,03641;0,10864;0,67676;25,95899;80,89528;0,01505842
0,03188;0,12285;0,75251;25,98816;80,93059;1,899629E-06
0,02194;0,10304;0,64919;26,01713;80,9209;359,9942
0,0233;0,10538;0,65807;25,99425;80,93043;359,9925
0,02446;0,11017;0,679;25,96547;80,91306;-0,002513674
0,0244;0,10997;0,67311;25,9806;80,94111;-0,003802812
0,02177;0,09795;0,60808;25,95634;80,94456;359,992
0,01936;0,08445;0,53971;25,96778;80,94699;-0,00233234
0,01605;0,06741001;0,45459;25,96874;80,94601;-0,005041732
0,01243;0,04893;0,36158;25,98302;80,94798;359,9913
0,008979999;0,02988;0,26478;25,96555;80,94689;359,9844
0,0074;0,01975;0,2132;25,97593;80,95374;359,9863
0,00691;0,01671;0,19766;25,95862;80,94972;0,001600036
0,00682;0,01586;0,19343;25,96806;80,95504;-0,001288678
0,00706;0,01732;0,20142;25,96606;80,95872;0,001731186
0,00739;0,01905;0,21144;25,95103;80,95654;0,004156026
0,00708;0,01769;0,20365;25,98385;80,95805;0,01003252
0,00712;0,01792;0,20426;25,8201;81,00688;0,06496684
0,00758;0,02085;0,21935;25,97607;80,94907;-0,004209145
0,0082;0,02472;0,23971;25,99151;80,93824;-0,001129362
0,01095;0,04059;0,3201;25,97541;80,96734;0,001478701
0,01104;0,04463;0,33952;25,96603;80,96936;-0,000349466
0,01105;0,04627;0,34681;25,97709;80,97457;-0,004269964
0,01167;0,04872;0,36107;25,96436;80,97437;0,005339725
0,01149;0,0471;0,35426;25,99199;80,98697;0,008124978
0,01179;0,04866;0,36201;25,95498;80,97073;-0,00297398
0,0127;0,05358;0,38761;25,98927;80,97916;0,005546969
0,01355;0,0588;0,41491;26,01504;80,96951;-0,002705691
0,01411;0,06241;0,43328;26,13;80,90661;359,939
0,01425;0,06362;0,43885;25,96081;80,96643;0,0056064
0,01382;0,06134;0,42578;25,98116;80,96843;359,9877
0,01389;0,06079;0,42219;25,95913;80,96336;359,994
0,01466;0,0639;0,43782;25,98413;80,9567;359,9919
0,01466;0,06398;0,43796;25,94184;80,95526;359,9818
0,03265;0,10631;0,63683;25,96074;80,94741;359,9893
0,02483;0,09635;0,5975;25,95166;80,95228;359,9769
0,02047;0,08733;0,5545;25,93946;80,96006;-0,0004291385
0,01718;0,08479;0,53889;25,93818;80,96405;-0,004429002
0,01737;0,09379;0,57785;25,95507;80,9567;-0,0008944735
0,01739;0,09722;0,5919001;25,94537;80,95094;359,991
0,01831;0,10563;0,63167;25,9356;80,94307;0,006295406
0,01912;0,10531;0,633;25,92342;80,9308;359,9941
0,01946;0,10448;0,63006;26,02116;80,94186;359,9749
0,01957;0,10441;0,62981;25,94105;80,93262;0,01217554
0,01695;0,09869999;0,59727;26,00242;80,91632;359,9668
0,01567;0,09639;0,58219;25,95685;80,9142;-0,003788751
0,01209;0,06992;0,45286;25,93045;80,91051;359,9811
0,01141;0,06337;0,42032;25,96264;80,90027;-0,001606737
0,01126;0,06108;0,40831;25,79585;80,95276;0,0538806
0,01109;0,06011;0,40283;25,93615;80,87759;-0,001890245
0,01074;0,0572;0,38807;25,9513;80,87662;359,9932
0,01053;0,05545;0,37835;25,94669;80,86707;-0,0004092258
0,01042;0,05569;0,37864;25,9447;80,85411;359,9789
0,01055;0,05786;0,38857;25,94301;80,85717;359,9896
0,01087;0,06151;0,40665;25,94775;80,85666;359,9932
0,01088;0,06125;0,40583;25,91913;80,84257;0,002257334
0,01134;0,06633;0,43113;26,0873;80,80318;359,9312
0,01134;0,06836;0,43992;25,78115;80,91113;0,05119635
0,01104;0,06744;0,43477;26,09616;80,80117;359,9352
0,01059;0,0648;0,42103;25,92382;80,8586;359,9891
0,01045;0,0653;0,42217;25,74582;80,924;0,04994794
0,01027;0,06444;0,4175;25,94894;80,82493;-0,002317724
0,01026;0,06472;0,41912;25,9387;80,81996;0,0008886525
0,01001;0,06232;0,40705;25,92066;80,81541;359,9932
0,00983;0,05942;0,39227;26,05796;80,77464;359,929
0,00984;0,05865;0,38813;25,90931;80,82496;-0,001562348
0,00985;0,05811;0,38466;25,97806;80,8304;0,0006714611
0,00991;0,05687;0,37877;25,8926;80,81287;0,0237356
0,01016;0,05823;0,38502;25,94527;80,82547;359,9875
0,01043;0,05882;0,38809;25,93689;80,82117;-0,0003987483
0,01015;0,05489;0,36981;25,9549;80,82758;359,9863
0,01002;0,05227;0,35775;25,92938;80,81484;0,004711575
0,0101;0,05189;0,35627;25,93919;80,82456;359,9898
0,01015;0,05151;0,35494;25,92761;80,80412;-0,0002857471
0,01022;0,05158;0,35571;25,92548;80,79917;0,0114705
0,0104;0,05211;0,35879;25,91814;80,79306;-0,0008685634
0,01061;0,05256;0,36168;25,86437;80,81717;359,937
0,01074;0,05284;0,36348;25,94836;80,79465;359,9864
0,01066;0,05091;0,35521;25,90011;80,78245;0,007586192
0,01074;0,05008;0,35143;25,9673;80,76687;0,01040337
0,011;0,05051;0,35453;25,86398;80,79362;359,9684
0,01112;0,05106;0,35761;25,9241;80,76942;-0,004091473
0,01121;0,05106;0,35748;25,90661;80,76128;359,9886
0,01207;0,05353;0,37051;25,91653;80,76439;0,003482749
0,01232;0,0538;0,37201;25,89979;80,74706;359,9913
0,01259;0,05442;0,37526;25,94936;80,76529;-0,005396964
0,01293;0,05556;0,37938;25,91013;80,76724;-0,001149463
0,01326;0,05673;0,385;25,87535;80,75365;-0,003401826
0,01398;0,06108;0,40525;25,93734;80,78105;359,9941
0,01447;0,06449;0,42174;25,91811;80,76948;0,0004129235
0,01482;0,06719;0,43363;25,88714;80,76283;0,004071211
0,0152;0,06895;0,44155;25,87631;80,7606;0,01767921
0,01549;0,06992;0,44478;25,95946;80,78913;359,9811
0,01573;0,07118;0,45035;25,89878;80,76393;-0,0005333907
0,01611;0,07307;0,45973;25,89311;80,77177;0,002180913
0,01633;0,07447;0,46652;25,90512;80,77016;0,00293001
0,01658;0,0769;0,47885;25,93293;80,74646;0,008507294
0,01635;0,07543;0,47323;25,89279;80,73924;-0,005680987
0,0163;0,07654;0,4788;25,90439;80,7319;359,9786
0,0165;0,07836;0,48764;25,90752;80,72922;359,9905
0,01696;0,08133;0,50158;25,91789;80,70866;359,9905
0,01696;0,08162;0,50314;25,92157;80,69063;359,9926
0,01696;0,08182;0,5054;25,93163;80,6938;359,9895
0,01705;0,08287;0,51036;25,93077;80,68201;359,994
0,01783;0,08764;0,53248;25,88822;80,67365;359,985
0,01809;0,08955;0,54126;25,9066;80,66418;359,9859
0,01841;0,09192;0,55287;25,88837;80,67105;359,973
0,01838;0,09324;0,55894;25,9035;80,66975;-0,004038556
0,01851;0,09426;0,56328;25,90096;80,66957;359,9767
0,018;0,09175;0,5509;25,87711;80,68582;-0,002966322
0,01794;0,09224;0,55395;25,85959;80,68813;0,006353024
0,01768;0,09133;0,55025;25,88628;80,69671;0,003551133
0,01688;0,08983;0,54356;25,8601;80,68395;359,9936
0,0171;0,09155;0,55263;25,86768;80,68339;0,0005028873
0,01671;0,09252;0,55686;25,86497;80,67799;359,989
0,0164;0,09136;0,55237;25,89688;80,67749;0,001276511
0,01524;0,08448;0,52006;25,86904;80,67784;-0,0008928723
0,01113;0,07171;0,4567;25,86871;80,67108;359,991
0,0132;0,08067;0,5017;25,90406;80,67831;359,9697
0,01341;0,08058;0,50354;25,87838;80,65887;359,9769
0,01253;0,0823;0,50923;25,87494;80,6543;-0,002543058
0,01251;0,07853;0,49401;25,86929;80,65308;359,9933
0,01227;0,07444999;0,47636;25,86341;80,65205;-0,003174716
0,01179;0,06913;0,45131;25,84089;80,66073;359,9907
0,01123;0,06295;0,42247;25,84612;80,65862;359,9938
0,01067;0,05804;0,39914;25,85606;80,65727;359,9887
0,01024;0,0544;0,38245;25,83407;80,65843;0,00109086
0,00677;0,05048;0,35095;25,83306;80,66942;-0,003164417
0,00714;0,05908;0,38818;25,83774;80,67142;0,009972671
0,00521;0,03967;0,29316;25,85043;80,67506;0,009770717
0,0129;0,12764;0,70542;25,84616;80,67233;0,009147087
0,01374;0,11673;0,66089;25,85124;80,67272;359,9942
0,01118;0,10372;0,59662;25,86884;80,67481;359,993
0,00996;0,09649;0,56248;25,85055;80,67126;0,004633482
0,00911;0,0892;0,52865;25,86573;80,66951;0,002018158
0,00712;0,07271;0,44941;25,83851;80,67606;0,004357914
0,00861;0,086;0,5152;25,85402;80,6598;0,007399179
0,01018;0,09471;0,55934;25,84456;80,65974;-0,002793799
0,00985;0,09196;0,5462;25,85645;80,65465;0,01405579
0,009930001;0,11035;0,62632;25,87074;80,65176;0,007265486
0,01162;0,14023;0,76109;25,8516;80,65672;0,005856418
0,00887;0,11263;0,63297;25,85342;80,64361;0,01902582
0,00618;0,07683;0,46632;25,8505;80,63823;0,007357216
0,00557;0,06529;0,4125;25,83443;80,64036;359,9911
0,00494;0,05485;0,36327;25,82543;80,66676;0,003002018
0,00476;0,05506;0,36363;25,83239;80,66471;0,003859695
0,00453;0,05194;0,34833;25,84799;80,66818;0,007266934
0,00459;0,04915;0,33544;25,85031;80,68062;0,0002466632
0,0051;0,05617;0,36937;25,87332;80,68256;-0,002359888
0,0051;0,05385;0,35888;25,83556;80,67847;-0,001011193
0,00462;0,0485;0,33394;25,88044;80,69315;-0,0008587966
0,0041;0,04147;0,30085;25,83193;80,68109;-0,0009409686
0,0038;0,03981;0,29273;25,85713;80,67998;-0,005594833
0,00385;0,04379;0,31153;25,84613;80,68167;359,9912
0,00391;0,05059;0,34286;25,86694;80,68776;359,9865
0,00403;0,05139;0,34631;25,88075;80,67822;359,9773
0,00415;0,04874;0,33439;25,83778;80,68553;359,9742
0,0041;0,05101;0,34438;25,83503;80,69987;359,9923
0,00369;0,04611;0,3195;25,841;80,69324;359,9844
0,00376;0,05089;0,34074;25,84303;80,70103;0,01347552
0,00396;0,0551;0,35926;25,88408;80,70467;-0,004414634
0,00402;0,0593;0,37716;25,86317;80,74451;0,009293571
0,00431;0,06818;0,41737;25,89717;80,72617;0,007716028
0,00432;0,07076;0,42832;25,86354;80,7289;0,01121779
0,00442;0,075;0,44673;25,88638;80,72932;-0,0002410445
0,00441;0,08288;0,48105;25,88261;80,71201;-0,00337926
0,00413;0,08967;0,51005;25,8507;80,73256;0,04801979
0,00538;0,12346;0,65959;25,86366;80,70583;0,01906447
0,00482;0,12204;0,65349;25,89879;80,73441;359,9861
0,00418;0,12143;0,6495301;25,89105;80,71928;359,9868
0,0035;0,11994;0,64065;25,83991;80,72581;0,0177136
0,00446;0,15339;0,7851;25,85853;80,71654;-8,728687E-05
0,00519;0,1712;0,86091;25,77869;80,72708;0,02198716
0,00473;0,17686;0,88115;25,86434;80,72559;0,01190196
0,00542;0,19978;0,97653;25,84138;80,73061;0,008290103
0,00705;0,22933;1,09915;25,83935;80,73341;0,01429945
0,0076;0,24305;1,15463;25,87004;80,7344;0,02818692
0,00749;0,24771;1,17296;25,86217;80,73133;359,9869
0,00692;0,24739;1,17218;25,79502;80,72925;0,01981108
0,00662;0,24594;1,16582;25,8283;80,72539;359,9891
0,00626;0,24816;1,17847;25,83128;80,73083;0,0006753689
0,00603;0,25275;1,20016;25,85503;80,73265;359,9843
0,00558;0,25175;1,19615;25,80733;80,74315;0,02581341
0,00513;0,24879;1,1838;25,83854;80,74057;-0,005336882
0,00493;0,25024;1,19221;25,79062;80,76511;0,03554048
0,00427;0,24238;1,1602;25,8232;80,7386;-0,001775568
0,00353;0,22762;1,09848;25,84585;80,73367;359,9867
0,00301;0,21645;1,05209;25,80343;80,73994;0,01196032
0,00248;0,20596;1,00725;25,79784;80,73206;359,9933
0,00153;0,1959;0,96349;25,8125;80,73497;359,9899
0,00062;0,19031;0,93579;25,83857;80,73817;359,9918
0,0002;0,18287;0,9037;25,80866;80,72798;359,9863
-0,00029;0,17477;0,86846;25,82346;80,73237;359,9895
-0,00081;0,17755;0,88088;25,79412;80,72987;0,007591725
-0,00123;0,17399;0,8648;25,80556;80,73327;-0,0005500406
-0,0015;0,17976;0,89052;25,81311;80,72858;359,9919
-0,00194;0,19023;0,93558;25,78466;80,73205;0,005083186
-0,00197;0,20108;0,9823;25,78629;80,72532;359,9924
-0,0021;0,20571;0,99983;25,80379;80,72918;0,001162655
-0,00154;0,21583;1,04549;25,78303;80,71799;359,9919
-0,00122;0,24;1,15379;25,77921;80,71222;0,0005432815
-0,00091;0,25852;1,23674;25,77951;80,7161;359,9935
-0,00089;0,27529;1,31103;25,78791;80,72763;0,003410693
-0,00103;0,28449;1,35025;25,77689;80,73121;-0,0003318408
-0,00279;0,29491;1,39219;25,76427;80,73425;-0,005398002
-0,0037;0,27963;1,32386;25,76775;80,74298;0,005611471
-0,00306;0,27313;1,29795;25,78864;80,74339;359,9927
-0,00311;0,26749;1,27637;25,76191;80,73402;0,001214384
-0,00272;0,2678;1,28165;25,79173;80,73486;-0,004609372
-0,00165;0,24567;1,1875;25,79811;80,72756;-0,003859525
-0,00096;0,23062;1,12416;25,78754;80,72573;-0,003987188
-0,00182;0,21093;1,0363;25,75632;80,71646;0,006460295
-0,00209;0,19353;0,96075;25,8424;80,70657;0,03241791
-0,00239;0,17875;0,89666;25,7847;80,75683;0,005415999
-0,00242;0,1636;0,83136;25,7624;80,71703;0,001981322
-0,0022;0,15074;0,77615;25,75472;80,71867;359,9901
-0,00191;0,18278;0,91707;25,76455;80,71866;-0,000473061
-0,00231;0,15153;0,77938;25,74755;80,69746;359,9861
-0,00248;0,1157;0,62086;25,73298;80,71535;0,01778767
-0,00253;0,09173001;0,5137801;25,74596;80,72223;359,9747
-0,00247;0,07446;0,43587;25,73195;80,72357;-0,001060541
-0,00246;0,06717;0,40305;25,73907;80,72209;359,9916
-0,0027;0,11625;0,62448;25,72806;80,7227;-0,004822982
-0,0009;0,14196;0,74018;25,74497;80,72551;0,002161124
-0,0008;0,18393;0,92718;25,73969;80,71869;-0,001902274
-0,00082;0,19776;0,98803;25,71041;80,71445;-0,001078353
-0,00104;0,19561;0,97579;25,73111;80,70444;-0,004947261
-0,00095;0,20131;0,99736;25,72747;80,70126;359,9922
0,00012;0,2091;1,03427;25,74859;80,70381;359,9941
0,00015;0,2034;1,00689;25,70041;80,6905;359,9915
-0,00014;0,19153;0,95152;25,73781;80,7011;-0,001953425
-0,0003;0,18372;0,91539;25,74418;80,69707;359,9889
-0,00087;0,18563;0,92027;25,72392;80,70238;1,705849E-05
-0,00171;0,17985;0,89044;25,72276;80,70412;359,9925
-0,00261;0,16954;0,84118;25,7493;80,7179;0,01400232
-0,00348;0,15985;0,79464;25,71902;80,70388;0,004652986
-0,00419;0,15889;0,78752;25,7135;80,69292;359,9926
-0,00443;0,15562;0,7739699;25,74723;80,70473;0,0004834188
-0,005;0,1499;0,74666;25,74421;80,69527;359,9936
-0,00558;0,1436;0,7172;25,73816;80,70031;-0,001441615
-0,00588;0,14024;0,70174;25,64513;80,71242;359,9575
-0,00585;0,12568;0,63854;25,79886;80,69456;0,04454414
-0,00546;0,11099;0,5746599;25,74109;80,7196;0,007104941
-0,00519;0,10148;0,53396;25,71817;80,72552;0,01608727
-0,00486;0,09405001;0,50228;25,725;80,72379;0,00661686
-0,00451;0,09025;0,48691;25,70688;80,72357;359,9926
-0,00421;0,09471;0,50585;25,73084;80,71744;0,003094401
-0,00397;0,10313;0,54024;25,70982;80,72954;359,9889
-0,00343;0,11899;0,60661;25,74042;80,72647;359,9937
-0,0028;0,13292;0,66452;25,67817;80,74162;0,0252435
-0,00203;0,14607;0,71924;25,73833;80,73488;0,03679773
-0,00139;0,16276;0,78988;25,72059;80,74802;0,008759289
-0,00027;0,20217;0,95326;25,70111;80,74215;0,003076572
0,00014;0,20514;0,96619;25,6743;80,74796;-0,002417507
0,00069;0,21365;1,00131;25,70877;80,75386;0,001717003
0,00087;0,21184;0,99155;25,72298;80,76532;0,007120916
0,00072;0,22146;1,03015;25,73282;80,76423;-0,0004482928
0,00025;0,2261;1,04816;25,70446;80,76559;359,9922
-0,00066;0,23156;1,07041;25,70869;80,76319;0,0002956426
-0,00114;0,24063;1,10657;25,69861;80,7541;0,009618943
-0,00129;0,25008;1,14209;25,67274;80,76268;0,009082585
-0,0014;0,25938;1,17479;25,70309;80,77144;-0,003052935
-0,00101;0,26813;1,20615;25,68749;80,77373;359,9922
-0,00089;0,27904;1,24659;25,69024;80,77985;-0,004360054
-0,00096;0,28283;1,25817;25,71118;80,78395;0,01151609
-0,00104;0,28871;1,27759;25,70253;80,78286;0,001895047
-0,00074;0,29052;1,28094;25,67485;80,78641;359,9875
-0,00026;0,29588;1,29991;25,69237;80,77433;9,474427E-07
0,00039;0,30165;1,32177;25,70326;80,77862;359,9911
-0,00184;0,266;1,18328;25,717;80,77975;-0,003232396
0,00022;0,25881;1,13596;25,69341;80,7644;-0,003134168
0,00307;0,37202;1,71691;25,6842;80,76666;0,006402379
-0,03089;0,18434;1,74797;25,70198;80,76308;-0,00109249
0,12098;0,0983;1,74948;25,70889;80,76942;-0,0003430219
-Infini;+Infini;+Infini;25,6926;80,75968;0,003864626
-Infini;+Infini;+Infini;25,68631;80,76293;-0,002512491
-Infini;+Infini;+Infini;25,69605;80,75529;0,008442924
0,02126;0,01507;1,75919;25,71146;80,76285;359,994
0,0072;0,01467;1,37505;25,70072;80,7684;-0,002413306
0,00449;-0,00274;0,35308;25,66367;80,76389;359,9928
0,00429;0,0185;0,35222;25,7064;80,77007;359,9935
0,00539;0,04021;0,40078;25,69644;80,75629;359,9938
0,00392;0,07765;0,5249;25,69055;80,7693;9,474281E-07
0,0103;0,89275;4,25443;25,69209;80,75575;-0,002468082
0,00304;0,67362;3,06745;25,74218;80,75912;9,667964E-05
-0,00046;0,72234;3,2435;25,68333;80,75905;359,9717
-0,00416;0,51931;2,30892;25,70139;80,7686;-0,0008916112
-0,00514;0,45472;1,97961;25,70694;80,7617;0,01484066
-0,00506;0,2764;1,21404;25,67808;80,77533;359,9902
-0,00469;0,24146;1,05929;25,7083;80,76937;0,02252373
-0,00467;0,22169;0,97529;25,67776;80,76176;0,01796321
-0,00521;0,23596;1,02751;25,69283;80,76537;-0,002819601
-0,00507;0,23446;1,01822;25,67338;80,75087;0,007063007
-0,00629;0,26198;1,13155;25,68187;80,74858;-0,003184075
-0,0068;0,24113;1,04484;25,66702;80,74004;0,009669439
-0,008119999;0,23264;1,00842;25,66131;80,74706;359,9854
-0,00983;0,29155;1,23786;25,67363;80,7552;359,9918
-0,0098;0,29623;1,2536;25,69756;80,7407;0,0127105
-0,0101;0,29556;1,24781;25,66567;80,76089;359,9875
-0,01079;0,30135;1,2687;25,65577;80,76166;0,008545205
-0,01034;0,31023;1,31045;25,67537;80,75793;2,841922E-06
-0,01154;0,38055;1,60559;25,6968;80,76328;359,9818
-0,01213;0,41186;1,7419;25,67714;80,75583;0,002795546
-0,01159;0,427;1,8105;25,6869;80,7587;359,9791
-0,01148;0,45623;1,9393;25,68324;80,73434;0,009300333
-0,01134;0,48683;2,07416;25,67769;80,74394;359,9856
-0,0108;0,53088;2,26896;25,67913;80,73878;359,9903
-0,009520001;0,55812;2,39372;25,65095;80,73773;-0,001655554
-0,00901;0,6516;2,79934;25,68226;80,7353;359,9886
-0,00791;0,76738;3,30245;25,64779;80,73899;359,989
-0,00738;0,76315;3,29252;25,68555;80,73093;0,01603266
-0,00613;0,64671;2,79862;25,6819;80,73159;0,007754138
-0,00538;0,58979;2,56049;25,64511;80,755;359,9865
-0,00482;0,56245;2,44695;25,69647;80,73595;0,02804243
-0,00508;0,59997;2,60512;25,65963;80,74411;0,002837759
-0,00484;0,4447;1,93833;25,65986;80,74324;0,009125175
-0,00514;0,38254;1,67369;25,68977;80,74551;0,003519673
-0,00503;0,34127;1,49951;25,66306;80,74927;359,9907
-0,00435;0,3002;1,32579;25,68411;80,74995;359,9916
-0,00393;0,27978;1,24098;25,64158;80,74896;359,9869
-0,00402;0,275;1,21937;25,65359;80,74854;359,9916
-0,00365;0,26172;1,16423;25,67886;80,72636;0,002879899
-0,00378;0,26744;1,186;25,63464;80,73914;359,971
-0,00409;0,27567;1,21773;25,68971;80,73492;0,01278261
-0,00426;0,27318;1,20581;25,65986;80,74757;359,992
-0,00424;0,27586;1,21682;25,68166;80,73077;0,01608329
-0,00398;0,27928;1,23104;25,67489;80,74064;0,005464995
-0,00392;0,29448;1,29257;25,68075;80,73512;0,01682589
-0,0041;0,32293;1,41041;25,67754;80,73777;0,01387831
-0,00359;0,33795;1,47149;25,65055;80,73528;359,9902
-0,00263;0,34417;1,49759;25,6922;80,72386;0,01219073
-0,00172;0,35779;1,55139;25,64395;80,74014;359,9734
-0,00032;0,3703;1,60161;25,69729;80,72624;359,9928
0,00138;0,36908;1,59529;25,67595;80,7424;-0,003954081
0,0028;0,37184;1,60382;25,68333;80,74014;0,01332666
0,00415;0,36709;1,58117;25,63903;80,75301;359,9881
0,00568;0,37788;1,62188;25,6564;80,753;0,003758318
0,00682;0,3724;1,59911;25,66508;80,76846;0,0001733423
0,008;0,37019;1,58949;25,63571;80,73636;-0,0003560692
0,00854;0,37259;1,59827;25,67946;80,73534;-0,005603517
0,00878;0,37541;1,61003;25,647;80,72335;-0,001955725
0,008649999;0,37199;1,59646;25,684;80,71497;-0,003476871
0,00721;0,35724;1,53576;25,6644;80,71548;0,005311065
0,00707;0,35003;1,50727;25,60615;80,69688;359,9801
0,00557;0,32972;1,42304;25,73227;80,70408;0,001840551
0,00525;0,31801;1,37313;25,64714;80,69568;359,9695
0,0045;0,30024;1,29866;25,68593;80,6827;-0,002010365
0,00452;0,29937;1,29553;25,71873;80,69077;0,001233844
0,00391;0,29011;1,25576;25,64628;80,67371;0,01108174
0,0035;0,28975;1,25378;25,69947;80,6857;0,01941236
0,00314;0,28392;1,2272;25,65228;80,68793;359,9879
0,00272;0,28069;1,21346;25,70579;80,68136;0,0131681
0,00225;0,27664;1,19499;25,65251;80,69557;359,988
0,00202;0,28031;1,20893;25,66152;80,68501;0,01016343
0,0011;0,27489;1,1865;25,71204;80,69033;0,0222648
0,00084;0,2794;1,20453;25,6644;80,69469;0,002219337
0,00031;0,28591;1,23076;25,6742;80,71118;359,9861
-0,00022;0,2909;1,25039;25,66783;80,69814;0,009700764
-0,00045;0,28644;1,23198;25,67655;80,7031;-0,0003552438
-0,00043;0,27754;1,19537;25,68981;80,70754;-0,002306026
-0,00099;0,27909;1,20218;25,68063;80,71091;0,005074003
-0,00153;0,26969;1,16338;25,71993;80,72483;0,008019116
-0,00176;0,26186;1,13209;25,72009;80,70903;0,01423864
-0,00203;0,24199;1,05185;25,67824;80,713;359,9878
-0,00221;0,23602;1,02793;25,72355;80,70568;0,02270478
-0,00206;0,23311;1,0162;25,69297;80,71071;0,009339937
-0,00164;0,22698;0,99116;25,68834;80,70701;359,9937
-0,00121;0,22057;0,96562;25,69965;80,70838;359,9935
-0,0013;0,2074;0,91422;25,68961;80,71101;-0,002048324
-0,00117;0,21509;0,94573;25,68138;80,70942;0,002952907
-0,0012;0,20665;0,91187;25,70961;80,72253;0,004935944
-0,0007799999;0,20195;0,89361;25,69467;80,72091;0,01900891
-0,00053;0,20273;0,89696;25,66444;80,7226;-0,004405524
-0,00017;0,20669;0,91299;25,67207;80,71322;0,002771745
0,00012;0,20102;0,89056;25,65637;80,7471;0,02489696
0,00022;0,18105;0,81084;25,65371;80,70733;-0,003484512
0,00019;0,17203;0,7759;25,65525;80,7151;-0,001152679
0,00017;0,16239;0,73801;25,68745;80,71601;0,001072461
0,00011;0,16573;0,75227;25,67562;80,7103;-0,001458857
0,00011;0,16184;0,73726;25,66586;80,71686;359,9899
0,00011;0,16509;0,75227;25,65909;80,72382;-0,00212831
7E-05;0,17385;0,78931;25,65958;80,72026;-0,003299983
-1E-05;0,173;0,78725;25,6388;80,72409;-0,003450931
-0,00016;0,17435;0,79403;25,69905;80,7198;-0,001605058
-0,00033;0,17551;0,79985;25,66246;80,7157;359,9838
-0,00123;0,17872;0,81129;25,66238;80,72144;-0,004426286
-0,0011;0,17993;0,81717;25,66417;80,72298;359,9934
-0,00122;0,18841;0,85205;25,66655;80,72733;-0,005386939
-0,00116;0,1823;0,82697;25,63945;80,72543;0,001187566
-0,00104;0,17761;0,80791;25,65292;80,72749;-0,001079727
-0,00075;0,16251;0,74542;25,62858;80,72594;0,006525338
-0,00069;0,15388;0,7096;25,64731;80,73019;0,01169744
-0,00052;0,15468;0,71365;25,63931;80,72353;0,004484145
-0,00048;0,15842;0,72892;25,61003;80,7298;0,007235362
-0,00037;0,15569;0,71796;25,63022;80,73105;0,005948734
-0,00012;0,15202;0,70372;25,63861;80,72129;0,01526495
9E-05;0,1479;0,68741;25,634;80,70525;359,9768
0,0005;0,13708;0,64493;25,62885;80,71307;-0,001272685
0,00067;0,12943;0,61439;25,64854;80,72142;0,01411834
0,00068;0,12458;0,59482;25,64999;80,71375;0,01005353
0,00058;0,13573;0,64094;25,6214;80,73041;0,01291164
0,00054;0,13148;0,62472;25,6269;80,7476;2,840768E-06
0,00059;0,13354;0,634;25,63033;80,74692;0,006591719
0,00088;0,14908;0,699;25,63117;80,75135;-0,00336359
0,00103;0,15123;0,70775;25,60991;80,7447;-0,0001893576
0,0016;0,15852;0,73879;25,6088;80,72624;359,9802
0,00204;0,18724;0,85768;25,63683;80,74039;-0,003121317
0,00229;0,2079;0,94253;25,641;80,74624;359,989
0,00271;0,23946;1,07344;25,61444;80,74163;-0,002650161
0,00324;0,27498;1,22182;25,64066;80,75448;359,9781
0,00357;0,2668;1,18905;25,60608;80,75067;-0,003481228
0,00403;0,28381;1,25913;25,60473;80,7665;-3,029591E-05
0,00431;0,29309;1,29584;25,64346;80,77058;-0,004925629
0,00232;0,22584;1,00583;25,61833;80,76744;-0,001067105
0,00353;0,25664;1,13749;25,62056;80,77012;0,002762027
0,00385;0,27378;1,20944;25,61963;80,77278;0,007573974
0,00415;0,26988;1,19491;25,59789;80,76493;-0,00553626
0,00463;0,31941;1,40473;25,61719;80,75777;-0,002020569
0,00482;0,41319;1,80302;25,62245;80,76261;-0,004177669
0,00557;0,50785;2,21228;25,60972;80,75513;-0,001140878
0,00748;0,72748;3,15815;25,64504;80,75839;-0,00297379
0,02509;1,48856;6,44953;25,62341;80,75668;0,004545097
0,09687001;3,55446;15,50624;25,61152;80,76189;359,989
0,14182;3,49518;15,51924;25,6264;80,7532;-0,004176859
0,18128;3,43834;15,53089;25,60588;80,75327;0,004775438
0,16626;3,41777;15,53489;25,61296;80,75786;0,009693464
0,14529;3,49026;15,51875;25,69543;80,70543;-0,002873668
0,15852;3,44244;15,52895;25,50664;80,80877;0,001556125
0,16779;3,4232;15,53263;25,6349;80,77294;0,01150494
0,13665;3,4946;15,51689;25,6082;80,75008;-0,003753962
0,02847;0,694;3,12917;25,59829;80,75194;-0,003824652
0,18587;5,14517;22,44931;25,58972;80,73674;359,9933
0,04102;1,39249;6,07147;25,62253;80,73867;359,988
0,02148;0,85437;3,71364;25,58808;80,72511;359,9913
0,01267;0,6218;2,70475;25,60783;80,73548;359,9867
0,00927;0,53037;2,30449;25,59136;80,73058;0,002458428
0,00859;0,51734;2,24673;25,61505;80,73397;1,514926E-05
0,00736;0,49254;2,13764;25,59638;80,73889;-0,0004695539
0,00671;0,43786;1,90017;25,61514;80,72704;0,006137349
0,00734;0,4271;1,85027;25,574;80,72314;0,01524345
0,00739;0,43445;1,87668;25,60839;80,72574;359,9915
0,00717;0,42837;1,84911;25,5668;80,71242;359,9941
0,00731;0,42232;1,82482;25,58038;80,71655;0,008465035
0,00773;0,41943;1,815;25,60369;80,71562;-0,002422705
0,00754;0,39429;1,71019;25,59366;80,71712;0,01503674
0,00627;0,301;1,31396;25,57996;80,71477;0,003620558
0,00552;0,2726;1,19275;25,60248;80,71716;359,9927
0,00635;0,29096;1,27248;25,58843;80,71526;8,519562E-06
0,00676;0,29432;1,28701;25,56857;80,71384;359,9914
0,0055;0,25859;1,13425;25,58796;80,70917;7,194269E-05
0,00514;0,23833;1,04814;25,58864;80,71012;-0,001182328
0,00576;0,2508;1,10044;25,5918;80,71072;359,9917
0,00616;0,25634;1,12341;25,55765;80,70467;359,9893
0,00561;0,23585;1,03565;25,58453;80,69079;359,9906
0,00549;0,23394;1,02614;25,62132;80,70454;-0,003270519
0,00556;0,23367;1,02366;25,5555;80,67879;359,9888
0,00562;0,23268;1,01849;25,57925;80,69305;-0,001131122
0,00581;0,23283;1,01732;25,6082;80,68822;0,004301197
0,006;0,23256;1,01516;25,57573;80,67364;359,992
0,00621;0,23329;1,01852;25,60047;80,67304;359,9942
0,00632;0,23373;1,02054;25,56781;80,6699;-0,00453352
0,00636;0,23021;1,00457;25,5945;80,67623;0,003509291
0,00629;0,22796;0,99376;25,57125;80,6638;359,9832
0,00631;0,23346;1,01514;25,60674;80,67683;0,01161489
0,00632;0,23272;1,0111;25,5819;80,68399;-0,004045624
0,00619;0,2363;1,02474;25,60434;80,67473;0,02036541
0,0062;0,24264;1,04889;25,58002;80,67886;0,009890516
0,00612;0,2478;1,06785;25,59297;80,67484;359,9893
0,00514;0,24391;1,05428;25,56436;80,66841;359,9936
0,00437;0,24305;1,05031;25,59345;80,66561;359,9888
0,0046;0,25079;1,07832;25,57044;80,65762;359,9912
0,00385;0,24838;1,0686;25,59306;80,65452;359,9807
0,00344;0,24467;1,05139;25,61187;80,66205;-0,005055932
0,00285;0,23684;1,0184;25,53754;80,65462;0,0001097611
0,00241;0,23766;1,01942;25,61506;80,67232;-0,002108588
0,001;0,21547;0,92434;25,57518;80,66114;0,005640273
0,00023;0,19843;0,85171;25,60751;80,66528;359,9845
-0,00016;0,1901;0,81642;25,52911;80,67288;0,02767582
-0,00027;0,18923;0,81059;25,60971;80,649;359,9755
-0,00031;0,18989;0,81032;25,54804;80,65139;0,008053002
-0,00046;0,19014;0,80925;25,58066;80,65286;359,9919
-0,00046;0,19065;0,81061;25,55468;80,65309;0,005541833
-0,0004;0,18967;0,80652;25,56786;80,65955;0,003252021
-0,00042;0,18959;0,80541;25,59478;80,65797;0,007246747
-0,0004;0,18877;0,80143;25,68806;80,61649;0,003426776
-0,00018;0,1898;0,8053;25,43058;80,7211;0,000760081
0,00012;0,1906;0,80789;25,6826;80,60529;-0,003496724
0,00025;0,19252;0,81609;25,54958;80,65211;359,9764
0,00023;0,19193;0,81356;25,43839;80,71612;359,9938
0,00018;0,19418;0,823;25,52011;80,65331;0,005096525
0,00017;0,19542;0,82821;25,64405;80,60153;359,9862
-3E-05;0,19515;0,82605;25,45484;80,70921;359,9902
-0,00029;0,19142;0,80955;25,51623;80,64149;0,009619416
-0,00036;0,18917;0,80019;25,56915;80,6384;359,9782
-0,00047;0,18624;0,78791;25,52485;80,64379;0,01921278
-0,00071;0,18214;0,77089;25,5476;80,6324;-0,00172415
-0,00123;0,18817;0,79525;25,54368;80,63235;359,9913
-0,00155;0,19122;0,80648;25,55962;80,61684;0,001099706
-0,00176;0,19335;0,81447;25,5723;80,61651;359,9915
-0,00186;0,19236;0,81051;25,56116;80,61623;359,9919
-0,00224;0,18871;0,79686;25,56446;80,61967;-0,002310232
-0,00238;0,19229;0,81073;25,57214;80,6156;-0,001499239
-0,00259;0,20056;0,84325;25,56878;80,61823;359,9886
-0,00267;0,20526;0,86139;25,56133;80,62461;359,9838
-0,00267;0,20506;0,86061;25,57489;80,61618;359,9892
-0,00279;0,21068;0,88251;25,55219;80,61735;359,9813
-0,00268;0,20814;0,87149;25,54439;80,61086;-0,005305736
-0,00279;0,21052;0,88019;25,57403;80,61408;359,9915
-0,00287;0,21423;0,89421;25,56824;80,61154;359,9931
-0,00304;0,21579;0,89973;25,56288;80,61605;-0,002730411
-0,00301;0,22217;0,92282;25,56961;80,62163;359,9788
-0,00305;0,22418;0,9298;25,51895;80,61887;-0,0044049
-0,00339;0,22313;0,92408;25,58688;80,65225;0,005101259
-0,00366;0,22707;0,93701;25,54421;80,63271;0,02093998
-0,00397;0,23167;0,9536;25,57397;80,63342;0,02035173
-0,00412;0,2324;0,95554;25,53621;80,62454;0,007088973
-0,00423;0,2341;0,9615999;25,55763;80,61092;0,01040539
-0,00415;0,23215;0,95337;25,55236;80,60409;-0,005241738
-0,0044;0,23273;0,95495;25,56901;80,59413;359,9803
-0,00449;0,23635;0,96766;25,54608;80,58556;-0,003128413
-0,00449;0,23789;0,97225;25,56927;80,56182;359,981
-0,0045;0,23437;0,95829;25,59381;80,59834;359,9914
-0,00404;0,24186;0,98936;25,55144;80,60384;359,9896
-0,00384;0,23464;0,96311;25,56654;80,60829;359,9925
-0,00386;0,23471;0,96386;25,5797;80,61889;0,01441878
-0,00384;0,22918;0,94312;25,54734;80,63921;0,003586452
-0,00395;0,2209;0,91116;25,54052;80,61169;359,9884
-0,00398;0,21621;0,89318;25,56105;80,59383;359,9808
-0,00377;0,20703;0,85805;25,55678;80,5927;359,9744
-0,00367;0,20597;0,8544;25,56703;80,55032;359,9938
-0,00362;0,20632;0,85636;25,55371;80,53427;359,9713
-0,00348;0,21197;0,87884;25,50877;80,51816;359,9592
-0,00349;0,20289;0,84194;25,55422;80,51363;359,9647
-0,00346;0,20592;0,8529;25,55254;80,50186;359,9634
-0,00317;0,20259;0,83976;25,56384;80,50309;359,985
-0,00292;0,19719;0,81859;25,57795;80,51675;359,9832
-0,00239;0,19564;0,81183;25,57128;80,51865;0,005816134
-0,00204;0,19262;0,79879;25,59433;80,45161;0,09961759
-0,00158;0,19723;0,81565;25,5018;80,51556;-0,003382661
-0,00131;0,19183;0,79408;25,48577;80,51151;-0,003460712
-0,00113;0,18635;0,7726;25,57075;80,50584;0,01091006
-0,00121;0,17838;0,74147;25,50728;80,47756;0,01318787
-0,00123;0,17614;0,73274;25,61126;80,50572;359,8661
-0,00128;0,16964;0,70778;25,46742;80,44794;0,140957
-0,00132;0,17092;0,71108;25,51008;80,43154;359,9765
-0,00134;0,17442;0,72328;25,47701;80,52856;359,8596
-0,00144;0,1754;0,72568;25,6231;80,37809;0,1101767
-0,00155;0,18123;0,74642;25,49839;80,5266;359,8653
-0,00162;0,18224;0,74868;25,60555;80,471;359,9821
-0,00187;0,17017;0,70478;25,59358;80,38612;0,1384376
-0,00186;0,18053;0,74083;25,54344;80,45728;359,985
-0,0015;0,18522;0,75595;25,54424;80,47405;0,01118774
-0,00127;0,18559;0,7565;25,54792;80,46809;0,01950131
-0,00085;0,18598;0,75686;25,54783;80,47292;-0,002880529
-0,00055;0,18137;0,73882;25,48203;80,52216;359,8664
-0,00014;0,18294;0,74389;25,59618;80,38382;0,1490264
0,00021;0,18432;0,74915;25,53922;80,46626;0,003044966
0,00032;0,18013;0,735;25,54217;80,50967;359,8761
0,0005;0,18145;0,74138;25,56326;80,38959;0,1108437
0,00075;0,18595;0,75806;25,55929;80,52721;359,8698
0,00092;0,18522;0,75559;25,58284;80,37748;0,1091372
0,0009;0,18758;0,76568;25,49586;80,44165;359,9767
0,00098;0,19231;0,78425;25,54736;80,53969;359,8776
0,00089;0,19748;0,80413;25,55638;80,39524;0,1296379
0,00074;0,20008;0,81607;25,55355;80,47189;359,9918
0,0005;0,20154;0,82293;25,55926;80,47292;-0,004873896
0,00052;0,20601;0,84255;25,50058;80,47123;0,006715119
0,00089;0,21276;0,8703;25,52415;80,46797;0,003706861
0,00086;0,21387;0,87806;25,51375;80,46123;-0,0006669501
0,00064;0,21494;0,88649;25,52375;80,46747;359,9822
0,00035;0,21858;0,9048401;25,52699;80,4575;359,9931
-0,00037;0,20635;0,85794;25,53061;80,50098;-0,001480742
-0,00121;0,19872;0,82921;25,51067;80,46645;0,002032963
-0,0021;0,19085;0,80011;25,50839;80,474;-0,001608177
-0,00301;0,18836;0,79172;25,49329;80,47446;0,01491444
-0,00392;0,18274;0,77169;25,53707;80,47977;0,004110347
-0,00468;0,1766;0,74886;25,46044;80,47877;0,01057475
-0,00527;0,16764;0,71486;25,55708;80,56363;359,9027
-0,0057;0,1598;0,68376;25,57973;80,49174;0,01341261
-0,006;0,15145;0,65118;25,5519;80,49378;0,00403988
-0,00626;0,14304;0,6183;25,53496;80,49685;0,003028772
-0,0066;0,13998;0,60689;25,53428;80,49157;0,004815163
-0,00681;0,1391;0,6042;25,54754;80,50091;-0,002250289
-0,00689;0,14143;0,61416;25,49034;80,5034;359,9892
-0,00689;0,14715;0,63642;25,54401;80,49882;-0,0003624203
-0,00518;0,15849;0,67721;25,55343;80,51137;-0,005036428
-0,00073;0,13202;0,60963;25,60906;80,49374;0,01460505
0,00702;-0,00157;0,1966;25,55539;80,5046;0,002160533
-Infini;+Infini;+Infini;25,52854;80,51134;359,9918
-Infini;+Infini;+Infini;25,62762;80,46265;0,01371153
-Infini;+Infini;+Infini;25,44982;80,52025;0,1191893
-Infini;+Infini;+Infini;25,4746;80,51273;0,001843209
-0,03302;-0,02308;0,19438;25,49799;80,52756;0,005361386
-0,01511;-0,01203;0,29915;25,49633;80,5285;0,005305504
-0,0052;0,02732;0,49169;25,49853;80,52781;-0,001388594
0,00027;0,05563;0,46749;25,55745;80,54311;359,9019
0,00118;0,04616;0,31165;25,42713;80,50388;0,09127712
-0,00315;0,19039;0,90932;25,53996;80,52966;359,8826
-0,00561;0,21537;0,96204;25,40218;80,5633;359,981
-0,00529;0,18425;0,81502;25,52977;80,51283;0,0001882848
-0,00454;0,16906;0,74371;25,57239;80,46346;0,02193588
-0,00312;0,15038;0,66448;25,41638;80,50439;359,9222
-0,00257;0,13888;0,6144;25,55135;80,48616;359,9605
-0,00258;0,14019;0,6132;25,5581;80,49282;0,1000247
-0,00299;0,13455;0,58884;25,35652;80,54433;0,01848113
-0,00383;0,12834;0,56169;25,48896;80,51048;0,01413358
-0,00458;0,14504;0,6246;25,48448;80,50116;0,006301852
-0,0043;0,14332;0,61706;25,48287;80,50008;0,01001965
-0,00445;0,14545;0,62283;25,55517;80,46039;0,008622242
-0,00457;0,15487;0,65878;25,40782;80,54701;0,007822443
-0,00482;0,15963;0,67558;25,46893;80,49106;0,004115581
-0,00498;0,16061;0,6788;25,48767;80,48127;359,9893
-0,00523;0,18911;0,7832;25,4718;80,4755;359,9917
-0,00507;0,19876;0,8214;25,52136;80,45817;0,01164162
-0,00504;0,21422;0,88052;25,50321;80,46184;359,9908
-0,00329;0,2885;1,17432;25,47421;80,45891;359,9885
-0,00287;0,37517;1,5182;25,47964;80,46126;359,9829
-0,00222;0,48185;1,94237;25,36417;80,50478;359,9455
-0,00185;0,56335;2,27036;25,70296;80,37209;0,0196176
-0,00185;0,50703;2,05152;25,5063;80,46879;-0,0008296153
-0,00161;0,29488;1,21332;25,46065;80,45952;0,002123841
-0,00168;0,4727;1,92456;25,50491;80,47152;0,006326573
-0,00184;0,2801;1,16159;25,47482;80,47333;0,01275495
-0,0096;0,41038;1,66646;25,48562;80,4687;0,002722978
-0,009819999;0,34645;1,41245;25,47452;80,45972;0,006705153
-0,00896;0,2906;1,19389;25,47973;80,46024;0,00337542
-0,0098;0,26979;1,10885;25,48042;80,45825;0,02125987
-0,0095;0,22927;0,94805;25,46791;80,48016;0,01508056
-0,00913;0,20319;0,84211;25,48198;80,49975;0,005565906
-0,00992;0,20635;0,85088;25,45558;80,48499;0,009951187
-0,01054;0,20909;0,85859;25,47575;80,48811;0,00107624
-0,01004;0,19239;0,79259;25,46657;80,48745;0,01181788
-0,01065;0,1955;0,8031;25,48259;80,41401;0,1148266
-0,01005;0,18393;0,75852;25,41736;80,55618;359,8929
-0,00971;0,17989;0,74363;25,57438;80,44095;0,005522869
-0,00904;0,16091;0,67161;25,40896;80,46577;0,09015274
-0,00822;0,13549;0,57421;25,49326;80,50309;359,914
-0,00773;0,12447;0,53131;25,37647;80,44337;0,1125607
-0,00698;0,11663;0,50282;25,43272;80,46354;-0,00211484
-0,00606;0,10518;0,46004;25,49539;80,47646;359,897
-0,00552;0,10008;0,4411;25,46635;80,47547;-0,005469671
-0,005;0,09316999;0,41506;25,44386;80,46703;-0,001847465
-0,00443;0,08484;0,38363;25,37803;80,44774;0,1055165
-0,00405;0,07958;0,36386;25,51978;80,48488;359,8713
-0,00372;0,07581;0,34956;25,34938;80,4674;0,142275
-0,00482;0,09379;0,41329;25,48367;80,49364;359,8972
-0,00479;0,09263;0,40674;25,37079;80,45258;0,1203613
-0,00466;0,0905;0,39762;25,44054;80,4778;359,9904
-0,00446;0,08721;0,38497;25,38329;80,46629;0,02846447
-0,00417;0,08063;0,36027;25,41855;80,47816;-0,0007401544
-0,00406;0,07757;0,3484;25,42071;80,47873;0,004473147
-0,0041;0,08082;0,3601;25,42807;80,47707;4,915845E-05
-0,00406;0,08044;0,35871;25,42652;80,44975;0,007215801
-0,00389;0,07769001;0,34853;25,42236;80,4698;359,9888
-0,00397;0,07497;0,33772;25,38756;80,44815;-0,0004148714
-0,00344;0,06701;0,30944;25,44042;80,46284;0,006799689
-0,00368;0,07263;0,32924;25,54308;80,48756;359,9037
-0,00383;0,07812;0,34912;25,45764;80,47134;0,004072643
-0,00398;0,08259;0,36519;25,53953;80,44501;359,9605
-0,00434;0,09504;0,41002;25,45579;80,46054;359,9859
-0,00462;0,10944;0,46202;25,44287;80,45078;0,00177654
-0,00463;0,11158;0,46928;25,44129;80,44751;-0,003393251
-0,00462;0,1141;0,47731;25,4399;80,44774;-0,003126595
-0,00463;0,11335;0,47315;25,35765;80,46976;0,01507812
-0,00439;0,10891;0,45625;25,44166;80,45623;0,01446461
-0,00442;0,10657;0,44705;25,45754;80,44666;359,9791
-0,00415;0,10292;0,43367;25,39655;80,4575;0,01170611
-0,00384;0,10127;0,42728;25,46227;80,45751;359,9801
-0,00356;0,0957;0,40701;25,41327;80,45361;0,02214033
-0,00341;0,09469999;0,40332;25,46295;80,45529;359,9743
-0,00346;0,09702;0,41127;25,41056;80,45811;0,04218033
-0,00367;0,10503;0,43992;25,45476;80,44593;-0,002325143
-0,00391;0,11051;0,45928;25,44127;80,43771;-0,002106481
-0,00408;0,11565;0,47767;25,42823;80,42773;-3,403281E-05
-0,00445;0,12988;0,52862;25,44494;80,42272;359,9902
-0,00473;0,13953;0,56299;25,44534;80,41301;359,9894
-0,00513;0,14766;0,59199;25,47648;80,40736;359,9892
-0,00558;0,15371;0,61352;25,43221;80,4137;359,9878
-0,00608;0,16691;0,66052;25,43291;80,41697;0,008018821
-0,00656;0,17698;0,69682;25,43023;80,43125;0,003685059
-0,00733;0,18093;0,70907;25,44995;80,43391;0,005014128
-0,00697;0,17467;0,68779;25,44782;80,43304;-0,001557255
-0,00693;0,16205;0,64164;25,44036;80,43264;0,0007289429
-0,00662;0,16424;0,65012;25,45351;80,42335;0,0001068477
-0,00636;0,15297;0,60821;25,45845;80,42632;0,01342364
-0,00597;0,15013;0,59839;25,45545;80,4239;0,006681395
-0,00569;0,13793;0,55482;25,44654;80,42289;359,9864
-0,00548;0,12648;0,51424;25,45686;80,41422;-0,002407448
-0,00495;0,11448;0,47215;25,43153;80,42091;0,001608095
-0,00454;0,10618;0,44289;25,44114;80,40799;-0,004855869
-0,00441;0,10422;0,43598;25,44461;80,40749;359,9912
-0,0042;0,10081;0,42367;25,47078;80,41219;-0,004416373
-0,00376;0,09166;0,39088;25,46284;80,4051;359,9914
-0,00371;0,08748;0,3756;25,45756;80,39901;0,006983154
-0,00366;0,08205999;0,35655;25,4696;80,4001;0,01622221
-0,00342;0,07732;0,33963;25,48173;80,39232;359,9824
-0,0032;0,07137001;0,3183;25,42817;80,39149;0,01419073
-0,00316;0,07094999;0,31681;25,45772;80,38947;359,9901
-0,00327;0,07286;0,32357;25,42534;80,388;0,02700629
-0,00328;0,06940001;0,31081;25,47101;80,39175;359,9778
-0,00355;0,0699;0,31235;25,43578;80,39606;0,01357427
-0,00257;0,05135;0,2463;25,44457;80,40207;0,005004448
-0,00292;0,06103;0,28046;25,44502;80,38471;0,007557284
-0,00323;0,06896;0,3084;25,41513;80,38879;359,9942
-0,00354;0,07704;0,33709;25,42446;80,36188;359,9886
-0,00383;0,08282;0,35783;25,44858;80,35589;359,9938
-0,00404;0,08724;0,37314;25,44813;80,34947;359,9745
-0,0043;0,09102;0,38611;25,46156;80,34492;0,008890698
-0,00435;0,09014;0,38239;25,47;80,34053;359,9905
-0,00433;0,09012;0,38263;25,43499;80,34809;0,0112532
-0,00423;0,09026;0,38351;25,44053;80,34271;-0,001372797
-0,00542;0,10953;0,45229;25,45383;80,33723;359,9888
-0,00584;0,11227;0,46266;25,46758;80,34231;359,988
-0,00567;0,10242;0,42853;25,4761;80,3373;0,0003187117
-0,00535;0,09508;0,40235;25,44803;80,33595;-0,001210255
-0,00505;0,09046;0,38584;25,48044;80,32816;359,9886
-0,00477;0,08536;0,36821;25,47333;80,34288;0
-0,00472;0,08434;0,36447;25,47261;80,34396;-0,002127836
-0,00486;0,08871;0,38002;25,4493;80,31032;359,9926
-0,00522;0,09537;0,40303;25,48001;80,35446;-0,005319917
-0,00544;0,10068;0,42115;25,49027;80,36456;0,02141579
-0,00544;0,10039;0,41976;25,46258;80,35995;0,01452292
-0,00543;0,09944;0,41619;25,49599;80,38445;0,009948856
-0,00575;0,10794;0,44553;25,48625;80,38247;0,0116874
-0,0051;0,09428;0,39765;25,46646;80,37325;0,01053839
-0,00494;0,0902;0,38324;25,49426;80,38575;0,007412822
-0,00568;0,10155;0,42272;25,47323;80,38013;0,00303289
-0,00574;0,10617;0,43902;25,48104;80,37684;-0,001857494
-0,00657;0,11833;0,48129;25,45623;80,37103;0,01416662
-0,00698;0,12236;0,49518;25,48239;80,38127;0,02569499
-0,00754;0,12548;0,50604;25,46531;80,38879;0,004846442
-0,0082;0,13291;0,53226;25,47239;80,39543;0,008290977
-0,00889;0,14191;0,56463;25,47905;80,40193;0,004518819
-0,00971;0,15286;0,60394;25,47362;80,4033;359,9939
-0,01158;0,18145;0,7046;25,45111;80,41127;359,9926
-0,01331;0,20648;0,79356;25,44992;80,39781;359,9926
-0,01354;0,21016;0,80758;25,47331;80,40935;0,01098158
-0,0143;0,21681;0,83123;25,48614;80,42457;0,003211974
-0,01408;0,22003;0,84328;25,44832;80,41231;359,9922
-0,01422;0,21759;0,83589;25,44999;80,40424;0,004381571
-0,01435;0,21881;0,84145;25,45246;80,41527;0,0009956603
-0,01434;0,21908;0,84249;25,45351;80,41827;-0,002152082
-0,01469;0,23574;0,90136;25,46605;80,41338;0,002802915
-0,01437;0,22782;0,87287;25,45156;80,42416;359,9928
-0,01353;0,21547;0,8283401;25,45872;80,42638;-0,001011787
-0,01275;0,20731;0,79815;25,46471;80,41145;359,9799
-0,01266;0,20812;0,7995;25,44891;80,41126;359,9934
-0,01232;0,20741;0,79612;25,44792;80,417;359,9885
-0,01253;0,21703;0,82962;25,45901;80,42015;-0,002093553
-0,01276;0,22908;0,87157;25,4375;80,42025;0,00344987
-0,01274;0,22435;0,85575;25,44264;80,4249;-0,001791664
-0,01231;0,21837;0,83456;25,48217;80,44099;359,977
-0,01173;0,20613;0,79142;25,41798;80,41592;0,008682355
-0,01105;0,19477;0,75201;25,4343;80,41675;0,01327063
-0,01077;0,18974;0,73554;25,42867;80,41065;-0,001690303
-0,01063;0,18304;0,7122;25,47644;80,40434;359,985
-0,0101;0,17274;0,67685;25,44373;80,39745;0,004264104
-0,00937;0,15986;0,63253;25,43645;80,38741;359,9909
-0,00854;0,14817;0,59231;25,45724;80,39306;-0,0001285994
-0,00725;0,12821;0,52246;25,45064;80,39578;0,00351076
-0,00612;0,11183;0,46409;25,46744;80,39753;359,9916
-0,00545;0,10021;0,42311;25,44885;80,39438;-0,003332951
-0,00537;0,10329;0,4339;25,45128;80,39602;-0,001599849
-0,00516;0,10178;0,42833;25,45752;80,37369;-0,002697757
-0,00375;0,07559;0,33472;25,44748;80,36236;0,00747707
-0,00345;0,06451999;0,29372;25,43998;80,35752;0,0136362
-0,00319;0,05776;0,26879;25,45729;80,34523;359,9914
-0,00329;0,06138;0,28058;25,43428;80,36444;0,002398489
-0,00323;0,05978;0,27446;25,43;80,33311;0,008710638
-0,00325;0,0624;0,28368;25,42086;80,33315;-0,004967542
-0,00274;0,05615;0,26115;25,41038;80,33021;359,9812
-0,00207;0,04379;0,21693;25,42686;80,31842;359,9892
-0,00212;0,0461;0,22443;25,42812;80,32254;-0,004352415
-0,00226;0,04923;0,23503;25,43585;80,32204;0,0088784
-0,00287;0,06286;0,2823;25,43022;80,31622;359,9909
-0,00301;0,06473;0,28933;25,41052;80,32099;0,02131654
-0,0032;0,07109;0,31123;25,43638;80,31908;0,007122794
-0,00347;0,07917;0,33956;25,44288;80,32678;359,9916
-0,00359;0,08516;0,36088;25,4154;80,31609;-0,002691142
-0,00381;0,08742;0,36863;25,44289;80,32175;0,001369988
-0,0046;0,09948999;0,41122;25,42927;80,33138;-0,003785238
-0,00589;0,12314;0,4949;25,4302;80,31477;0,008438386
-0,00615;0,12589;0,5039;25,41619;80,32727;-0,003521099
-0,00614;0,12777;0,50959;25,4394;80,34339;359,9861
-0,00617;0,12649;0,50433;25,40148;80,31779;0,005895823
-0,0063;0,12966;0,51473;25,42249;80,34505;2,835933E-06
-0,00654;0,13392;0,52909;25,45139;80,3479;359,9811
-0,00647;0,13027;0,51569;25,40423;80,33183;0,0162153
-0,00654;0,12836;0,50772;25,42838;80,34673;0,001605217
-0,00629;0,12462;0,49359;25,44961;80,36017;359,9896
-0,00592;0,11855;0,4717;25,40135;80,35019;0,02260504
-0,0055;0,11157;0,44751;25,41747;80,37105;-0,003328302
-0,00535;0,11121;0,44688;25,44292;80,37442;0,009833849
-0,00516;0,10013;0,40854;25,41643;80,37939;0,01336981
-0,00488;0,09394;0,38703;25,42981;80,38557;0,0115231
-0,00486;0,09269001;0,38194;25,40693;80,38688;-0,0001616273
-0,00485;0,09174;0,3784;25,40816;80,38748;0,0004206134
-0,00495;0,09423;0,38663;25,43193;80,39326;359,9912
-0,00502;0,09398001;0,38553;25,40121;80,3906;0,006685006
-0,00515;0,09336;0,383;25,40802;80,38964;359,9894
-0,0054;0,09719;0,39557;25,42231;80,39356;-0,003081709
-0,00471;0,08722;0,36033;25,40434;80,39728;-0,005154951
-0,00433;0,08117;0,33871;25,40394;80,40227;0,00738458
-0,00434;0,08312999;0,34479;25,41054;80,39828;-0,004574852
-0,00437;0,0856;0,35245;25,40837;80,39594;-0,0002854505
-0,00423;0,08258;0,34204;25,41121;80,39481;0,00242166
-0,004;0,07901999;0,32993;25,39542;80,38427;359,994
-0,00381;0,07635;0,32099;25,49025;80,37408;359,9514
-0,00376;0,0772;0,32394;25,30955;80,40295;0,04454301
-0,00389;0,08147;0,33845;25,40936;80,40746;-0,001705155
-0,00337;0,07478;0,31501;25,52617;80,39745;359,9542
-0,00329;0,08514;0,34855;25,32147;80,44529;0,06281537
-0,00283;0,08798;0,35652;25,50784;80,4124;359,9607
-0,00192;0,07964;0,32678;25,31473;80,44402;0,04365334
-0,00108;0,06673;0,28263;25,36697;80,40662;0,003886276
-0,00036;0,05682;0,24831;25,40994;80,41012;359,9842
-0,0001;0,05454;0,24006;25,37538;80,39923;359,9926
0,00024;0,04565;0,20991;25,50075;80,38826;359,9542
0,00056;0,03889;0,18728;25,29008;80,43335;0,0529503
0,00087;0,0396;0,18905;25,42559;80,40556;359,9847
0,00113;0,0402;0,19082;25,40061;80,39741;359,9688
0,00128;0,04077;0,1926;25,38488;80,38698;-0,001801201
0,00138;0,04124;0,19439;25,40661;80,39524;0,001017966
0,00143;0,04165;0,19618;25,40111;80,3853;359,9901
0,00143;0,04215;0,19794;25,39922;80,37557;-0,002417639
0,0014;0,04252;0,19971;25,40836;80,37726;0,001046337
0,00125;0,04341;0,20131;25,39722;80,36053;-0,001657728
0,00117;0,04411;0,20295;25,39457;80,36382;0,006437025
0,0012;0,04485;0,20455;25,39488;80,35172;359,9836
0,00095;0,04522;0,20626;25,3901;80,35003;-0,001155805
0,0009;0,04574;0,2079;25,39347;80,35538;3,307793E-05
0,00082;0,04632;0,20952;25,39304;80,34542;0,006254542
0,00071;0,04693;0,2111;25,38623;80,35863;0,003290584
0,00061;0,04757;0,21266;25,41817;80,35381;359,9919
0,00056;0,04822;0,21421;25,38946;80,34518;0,005345216
0,00052;0,04893;0,21571;25,40193;80,3466;0,00125894
0,00043;0,04945;0,21726;25,38785;80,34847;-0,0004904756
0,00032;0,05;0,21879;25,41563;80,33653;359,982
0,00014;0,05033;0,22037;25,39989;80,31702;-0,004641552
0,00021;0,05089;0,22187;25,4191;80,31328;-0,004247163
0,00016;0,05131;0,2234;25,40745;80,30266;359,9816
4E-05;0,0515;0,22499;25,39788;80,29154;359,9906
-5E-05;0,0517;0,22657;25,40461;80,30733;0,004931902
-7E-05;0,05197;0,22812;25,40995;80,30028;359,9922
-0,00019;0,05217;0,22968;25,38394;80,29292;359,989
-0,00035;0,05225;0,23127;25,38328;80,31631;-0,004028552
-0,00048;0,05303;0,23263;25,37377;80,33101;-0,004311712
-0,00085;0,05299;0,23422;25,39263;80,32875;0,00153197
-0,00109;0,05306;0,23578;25,39008;80,32781;0,0124842
-0,00133;0,0531;0,23734;25,37965;80,33051;0,0008211836
-0,00113;0,0411;0,19835;25,38349;80,31805;0,004715577
-0,00107;0,03942;0,19261;25,37414;80,31247;0,004666076
-0,00146;0,04828;0,22215;25,39165;80,31947;0,009706807
-0,00215;0,06066;0,26385;25,37937;80,30698;0,003832811
-0,00223;0,06034;0,26294;25,37402;80,28804;0,003696572
-0,00197;0,05446;0,24271;25,41004;80,30106;-0,002049223
-0,00232;0,06162;0,2671;25,37456;80,28306;359,9924
-0,00192;0,05271;0,23698;25,38966;80,29168;359,9911
-0,00135;0,04105;0,1976;25,39394;80,27945;359,9907
-0,00128;0,04169;0,19927;25,38542;80,28861;359,9794
-0,00128;0,04227;0,20094;25,37354;80,2756;359,9772
-0,0013;0,04284;0,2026;25,37608;80,28612;359,9939
-0,00128;0,04336;0,20426;25,36685;80,28473;359,9905
-0,00116;0,04403;0,20586;25,37369;80,2928;359,9926
-0,00115;0,04466;0,20746;25,36523;80,28683;359,9927
-0,00129;0,04508;0,2091;25,37728;80,29597;-0,002219704
-0,00126;0,04573;0,21067;25,36245;80,28261;0,001786694
-0,00138;0,04612;0,21229;25,39594;80,28879;-0,002823022
-0,00168;0,04645;0,21391;25,39282;80,2924;0,004663962
-0,00193;0,04688;0,2155;25,37643;80,26031;-0,002557036
-0,00215;0,04732;0,21708;25,39044;80,2636;0,007274128
-0,00236;0,04785;0,21861;25,40305;80,26441;-0,0002759864
-0,0026;0,04836;0,22014;25,38814;80,26144;0,003338833
-0,00294;0,04867;0,22172;25,3745;80,27116;-0,001377716
-0,00347;0,05176;0,23259;25,3796;80,26349;359,9939
-0,00353;0,05061;0,22858;25,37226;80,26922;359,9912
-0,00448;0,06151;0,2652;25,38644;80,27936;359,9891
-0,00529;0,07128;0,29773;25,39314;80,26831;0,004069519
-0,00575;0,07593;0,31337;25,4019;80,26739;0,01243817
-0,00624;0,08032;0,32816;25,37779;80,26571;0,007570082
-0,00625;0,07822;0,32134;25,38935;80,26163;-0,0003657349
-0,00728;0,09262;0,37085;25,40781;80,26823;0,001476396
-0,00626;0,07496;0,31444;25,3674;80,24448;359,9924
-0,0073;0,16801;0,66798;25,40723;80,26663;-0,00503976
-0,00543;0,19865;1,07684;25,41708;80,23015;-0,002457699
-0,01277;0,14644;1,33137;25,41224;80,2763;-0,003346117
-0,04446;0,42009;6,25697;25,40055;80,27288;0,01785084
-0,01108;0,12156;1,96677;25,42233;80,28838;0,01741922
0,00048;0,01956;0,33942;25,39891;80,29479;-0,004484625
0,00123;0,06644;0,48193;25,39399;80,30132;0,01669498
0,00318;0,40536;1,83417;25,38334;80,29823;359,993
-0,0024;0,11021;0,4662;25,39363;80,30236;0,01139678
-0,00146;0,03644;0,18975;25,38715;80,27959;-0,001152942
-0,00278;0,05504;0,2474;25,40097;80,27526;359,9726
-0,00365;0,07184;0,30285;25,38096;80,2635;359,9859
-0,0038;0,09349;0,37674;25,39715;80,266;359,9898
-0,00225;0,04716;0,21936;25,40543;80,26058;359,9923
-0,00253;0,04792;0,22087;25,38251;80,25972;359,9898
-0,00256;0,04826;0,2225;25,42031;80,27576;359,9895
-0,00262;0,04862;0,2241;25,40694;80,2747;359,9872
-0,00417;0,06805;0,28939;25,43301;80,2873;0,0004329903
-0,0059;0,09062;0,36438;25,4051;80,27704;0,01045647
-0,00641;0,0908;0,36432;25,44413;80,28591;-0,0004434305
-0,00422;0,05991;0,26137;25,41029;80,2781;0,001372452
-0,00396;0,06033;0,26271;25,42873;80,27485;0,002346383
-0,00353;0,06058;0,2641;25,42502;80,27412;0,01589007
-0,00339;0,06091;0,26545;25,4271;80,26913;0,003769099
-0,00323;0,06122;0,2668;25,43577;80,26818;0,01496025
-0,00266;0,06215;0,26796;25,41772;80,28012;0,008557562
-0,00254;0,06237;0,26931;25,41961;80,26736;-0,0002325409
-0,003;0,06281;0,27058;25,4086;80,27706;0,0115844
-0,00267;0,06334;0,27182;25,4194;80,29501;0,009351723
-0,00252;0,06373;0,2731;25,41851;80,28069;0,01381148
-0,00254;0,06403;0,2744;25,41131;80,27977;0,01366415
-0,00343;0,06445;0,27565;25,42837;80,27618;0,01780202
-0,00216;0,0386;0,19038;25,37694;80,24888;0,001557285
-0,00423;0,07053;0,29692;25,41065;80,25286;359,9884
-0,00567;0,08894999;0,35874;25,39426;80,23878;-0,004984403
-0,00709;0,10492;0,41315;25,39966;80,24038;359,9803
-0,00813;0,11321;0,44111;25,37698;80,24144;359,9873
-0,009;0,12168;0,46991;25,4203;80,24824;0,0001682623
-0,00991;0,1284;0,49325;25,43171;80,25849;0,02376788
-0,01051;0,1312;0,50349;25,39789;80,26384;0,02500594
-0,01086;0,13233;0,50824;25,35476;80,2266;0,093197
-0,01143;0,1366;0,52389;25,39604;80,28461;0,06698614
-0,01223;0,14389;0,54885;25,48375;80,2606;0,01515348
-0,01271;0,14979;0,56873;25,38804;80,29372;0,06124245
-0,01356;0,16252;0,61206;25,36071;80,34969;0,1073202
-0,01447;0,17579;0,657;25,41973;80,34216;0,1093672
-0,01586;0,19794;0,73299;25,42207;80,41389;0,08792783
-0,01632;0,2067;0,76343;25,26617;80,45655;0,1283388
-0,0162;0,2132;0,7862;25,37337;80,43614;0,09076493
-0,01556;0,2136;0,78805;25,34086;80,52185;0,1647284
-0,01549;0,21964;0,80813;25,33629;80,67286;0,1109278
-0,013;0,19351;0,71901;25,44843;80,70499;0,09216407
-0,009729999;0,1511;0,57449;25,45024;80,70856;0,1143419
-0,00744;0,12484;0,48655;25,4815;80,69979;0,140739
-0,00705;0,12748;0,49999;25,51053;80,69691;0,1287171
-0,00988;0,18751;0,71257;25,54058;80,70975;0,110959
-0,009260001;0,1885;0,71731;25,56099;80,70218;0,1146992
-0,00649;0,15385;0,5938;25,60394;80,69758;0,1392383
-0,0058;0,14706;0,57176;25,58225;80,75161;0,09010775
-0,00591;0,17116;0,65537;25,69859;80,84821;0,09566075
-0,00586;0,19964;0,75705;25,5842;80,82533;0,1127042
-0,00584;0,21283;0,80558;25,71151;80,79458;0,004541823
-0,00587;0,20508;0,78835;25,87161;80,81081;0,01096331
-0,00575;0,2019;0,786;25,72759;80,88393;0,05113062
-0,00516;0,1948;0,7698;25,69339;80,88997;0,07065049
-0,00609;0,20951;0,83162;25,85675;80,90043;0,07443279
-0,00683;0,23426;0,93125;25,66501;81,01105;0,1107354
-0,00458;0,24615;0,99008;25,873;80,90237;0,06360578
-0,00251;0,24006;0,97102;25,88971;80,86279;0,03313033
-0,00119;0,2336;0,94879;25,81891;80,83813;359,8984
-0,00066;0,21547;0,88335;25,73567;80,79242;359,9474
0,00026;0,20992;0,86299;25,80316;80,7635;359,8954
0,00173;0,22612;0,93092;25,82133;80,75029;359,8759
0,00234;0,2417;0,98901;25,67338;80,68674;359,891
0,00336;0,24911;1,01569;25,77646;80,69449;359,9259
0,00276;0,26357;1,07275;25,60378;80,67494;359,902
0,00083;0,27254;1,10969;25,81382;80,55541;359,8856
0,00021;0,29885;1,20324;25,70438;80,48923;359,8579
-0,00112;0,31708;1,2665;25,95171;80,39624;359,8629
-0,00258;0,29247;1,17133;25,78405;80,38363;359,8915
-0,00319;0,28695;1,14618;25,55166;80,41973;359,9219
-0,0032;0,2908;1,15586;25,92803;80,29928;0,06162003
-0,00445;0,27804;1,10669;25,70006;80,3625;0,1102762
-0,00576;0,27464;1,09379;25,69512;80,36118;359,9813
-0,00727;0,29594;1,17718;25,85453;80,29977;359,9096
-0,00545;0,30132;1,18694;25,95498;80,25596;0,05148251
-0,00299;0,27705;1,08817;26,05105;80,18635;0,09598273
-0,0029;0,25323;1,00038;25,72569;80,25449;0,04892828
-0,00513;0,23861;0,9486;26,08297;80,14521;359,9519
-0,00569;0,22725;0,91134;25,8215;80,17828;-1,896947E-06
-0,00605;0,25116;0,9977199;25,92236;80,17927;359,9253
-0,01186;0,2791;1,11312;26,06346;80,09229;359,972
-0,0112;0,29307;1,16841;25,85386;80,12914;359,928
-0,01099;0,26718;1,07186;25,69028;80,1638;359,9245
-0,01165;0,21613;0,8822801;26,16189;80,05276;359,8384
-0,01483;0,2417;0,96828;25,85092;80,07099;359,8799
-0,01535;0,25253;1,00513;25,6749;80,10106;0,01437439
-0,01426;0,22462;0,90638;26,07691;80,06478;359,9671
-0,01239;0,20179;0,82635;25,9844;80,11697;0,05173664
-0,01242;0,20231;0,82718;25,94469;80,06897;0,1395798
-0,0118;0,19557;0,79641;25,92648;79,83028;359,9252
-0,01258;0,20993;0,8361599;26,01102;79,85836;359,9688
-0,01196;0,21829;0,85142;25,86052;79,73956;359,9461
-0,01632;0,28805;1,08444;25,64458;79,81371;0,1316693
-0,0155;0,28195;1,05806;26,0754;79,49578;359,9021
-0,01694;0,25725;0,96584;25,65405;79,59479;0,02603872
-0,01643;0,16602;0,6503;25,97711;79,54872;359,9267
-0,01601;0,15371;0,60299;26,17789;79,62738;0,0104592
-0,01515;0,14319;0,56099;25,90786;79,54843;-0,001774942
-0,01627;0,15348;0,59301;25,83159;79,58535;0,19154
-0,01561;0,14633;0,56676;26,07742;79,52457;0,04114497
-0,0159;0,17182;0,65871;25,84876;79,48792;0,05168665
-0,01607;0,16974;0,64017;25,91994;79,54897;0,229939
-0,01848;0,18224;0,68443;25,87937;79,31668;0,1198509
-0,01959;0,19987;0,74929;26,12224;79,15519;0,07115981
-0,01914;0,20421;0,76875;26,36396;79,13422;0,1139409
-0,01883;0,20519;0,77191;26,26843;79,08475;0,09809452
-0,02071;0,21236;0,79517;26,03708;78,88326;0,1983881
-0,02018;0,18878;0,71502;26,16321;78,90404;0,1442189
-0,01621;0,14457;0,56169;26,21192;78,88754;0,0872496
-0,01451;0,10884;0,43832;26,16699;78,97107;0,1560298
-0,01921;0,14577;0,56429;26,20556;78,91146;0,1310053
-0,01987;0,14202;0,55065;26,26678;78,8348;0,1399839
-0,01888;0,12464;0,48997;26,34594;78,89889;0,2060462
-0,0176;0,11218;0,44515;26,40603;78,92333;0,148781
-0,01712;0,11213;0,4447;26,3585;78,88028;0,1960627
-0,01789;0,11767;0,46312;26,05511;78,94909;0,1676146
-0,01546;0,09649;0,39348;26,75858;78,88876;0,01985579
-0,0127;0,07347;0,31716;26,4952;78,81437;359,9034
-0,01318;0,0804;0,34483;26,60486;78,89816;0,02991544
-0,01016;0,06834;0,30879;26,92713;78,87787;-0,003266349
-0,01251;0,09776;0,41363;26,7329;78,84399;0,02112176
-0,0162;0,13933;0,56484;26,81907;78,8588;-0,003822885
-0,01734;0,15282;0,62203;26,93345;78,88559;0,05961636
-0,01709;0,15126;0,62984;26,88105;78,77377;0,0262551
-0,02571;0,22588;0,914;27,01718;78,75813;0,1394155
-0,03014;0,28894;1,15699;27,19356;78,80249;0,05590381
-0,03251;0,34462;1,36801;27,32473;78,75816;0,1255523
-0,02702;0,29604;1,20115;27,1129;78,70344;0,1062788
-0,02173;0,23848;0,99586;27,44474;78,69162;3,848186E-06
-0,01957;0,2153;0,9176;27,11658;78,69955;0,1678196
-0,02254;0,26424;1,12386;27,6071;78,70089;0,1549066
-0,03035;0,33834;1,43561;27,62226;78,6524;0,1700374
-0,01909;0,20164;0,91256;27,79779;78,61974;0,1240407
-0,0124;0,14013;0,66875;27,88336;78,58349;0,04186372
-0,01513;0,18472;0,85589;27,89696;78,54733;0,03673643
-0,01837;0,22459;1,03173;27,94935;78,49181;0,0540624
-0,01853;0,20451;0,94626;28,11253;78,49039;0,02761525
-0,01927;0,2299;1,04958;28,16955;78,49551;0,08949982
-0,01921;0,22458;1,03485;28,29862;78,44562;0,08376012
-0,0195;0,22077;1,01962;28,62001;78,36413;359,8968
-0,01945;0,21386;0,99222;28,52559;78,14168;359,8647
-0,01849;0,17568;0,84015;28,72911;78,00264;359,7802
-0,01969;0,16815;0,81246;28,66701;77,96985;359,9245
-0,02292;0,18352;0,87883;28,9268;77,90306;359,7891
-0,02665;0,19958;0,9454;28,99075;77,80882;359,794
-0,03625;0,24375;1,11774;29,15474;77,73218;359,8496
-0,04666;0,30814;1,38867;29,80833;77,78616;0,06592521
-0,04497;0,27394;1,23775;28,996;77,48611;359,753
-0,04366;0,26354;1,18502;29,54109;77,5255;359,958
-0,03716;0,21813;0,98618;29,40899;77,39391;0,02994109
-0,03594;0,20516;0,92692;29,98111;77,33521;0,04372117
-0,03634;0,20888;0,94469;30,06939;77,43412;0,1235617
-0,03318;0,20757;0,94088;29,92735;77,2859;0,1281579
-0,02988;0,1908;0,87187;30,10257;77,24347;0,1020449
-0,03036;0,18136;0,82647;30,4468;77,14114;0,1391085
-0,03092;0,17409;0,78973;30,26038;76,76086;359,9279
-0,03256;0,17542;0,78788;30,19442;76,53065;0,01424497
-0,03657;0,19191;0,83752;30,36512;76,46015;359,9376
-0,05269;0,24947;1,03783;30,24722;76,29034;0,08186192
-0,05705;0,27179;1,09945;30,42398;76,17283;359,8699
-0,06125;0,28879;1,14547;30,39022;76,04467;359,8803
-0,05499;0,24118;0,94843;30,4798;75,97348;359,8816
-0,04955;0,20946;0,82001;30,54526;75,85975;359,913
-0,03973;0,16249;0,63306;30,84506;75,55184;359,6048
-0,03469;0,14253;0,54937;30,48865;75,42082;359,9203
-0,02816;0,11383;0,43955;30,89705;75,32878;359,9786
-0,02561;0,10431;0,40261;30,29141;75,13089;359,7737
-0,02116;0,08446;0,32967;30,60104;75,15823;359,7336
-0,02111;0,08755;0,3331;31,01685;74,77384;0,04280345
-0,02153;0,09272;0,34455;30,84313;74,78445;359,9044
-0,02112;0,09401;0,34353;30,80592;74,6506;359,9786
-0,02221;0,10429;0,37047;31,08593;74,34614;359,7921
-0,02373;0,11642;0,40232;31,29292;74,35382;0,1278849
-0,0269;0,14083;0,4729;30,99699;74,24165;359,8532
-0,02992;0,16655;0,54917;31,34657;74,20449;0,008549369
-0,03065;0,17735;0,57546;31,66444;74,23604;0,2182364
-0,02968;0,17731;0,57188;31,49449;74,13599;-0,0008731076
-0,02714;0,17327;0,55944;31,3274;74,07788;359,7889
-0,02359;0,16203;0,52372;31,71159;74,06471;359,9778
-0,02145;0,16018;0,51153;31,86809;74,06393;359,8983
-0,02137;0,17315;0,5459;31,90545;73,82666;359,9757
-0,02074;0,17129;0,54003;31,98004;73,69525;359,9575
-0,02085;0,17567;0,55327;32,03495;73,57356;359,9383
-0,02031;0,18454;0,58071;32,08809;73,43925;359,9363
-0,02076;0,17357;0,54541;31,99554;73,27659;359,9693
-0,02049;0,1572;0,49403;32,1937;73,17178;359,8719
-0,01915;0,13547;0,4273;32,69884;73,1147;359,9425
-0,01841;0,12005;0,38455;32,0332;72,72686;359,6414
-0,01891;0,11661;0,37506;32,31664;72,49049;359,7176
-0,02355;0,14233;0,45695;32,45052;72,4129;359,8393
-0,02714;0,15287;0,485;32,46283;72,35681;359,9083
-0,03244;0,1777;0,55725;32,60891;72,29601;359,9004
-0,03781;0,20433;0,63954;32,83847;72,30448;0,1303216
-0,04029;0,21821;0,68533;32,64085;72,21969;359,9555
-0,04147;0,22525;0,71572;32,81869;72,24377;359,9656
-0,04354;0,23571;0,75192;32,77176;72,21281;359,986
-0,04338;0,23476;0,75264;32,65236;72,15413;0,1112778
-0,03825;0,20894;0,67452;32,87466;72,1675;359,9707
-0,03323;0,18236;0,59412;32,90554;72,13758;359,9473
-0,02687;0,14069;0,46598;32,8931;72,12099;359,9784
-0,02506;0,13071;0,43441;32,95901;72,13907;359,9901
-0,0242;0,12856;0,42995;33,12741;72,1466;359,9392
-0,02391;0,13072;0,43628;33,05151;72,12609;-0,00388699
-0,02364;0,13194;0,43946;33,03165;72,08466;-0,0004297538
-0,02332;0,12959;0,43374;32,82152;72,03856;359,6932
-0,02334;0,12942;0,43415;33,1643;71,98401;359,9218
-0,02355;0,13034;0,43715;33,16871;71,97359;359,9829
-0,0237;0,12977;0,43569;33,20259;71,95203;359,9582
-0,02355;0,12757;0,42991;33,23555;71,93662;359,9929
-0,02329;0,12459;0,42253;33,21559;71,92355;359,9903
-0,02278;0,11928;0,40866;33,25922;71,90267;-0,003771642
-0,0226;0,11628;0,40041;33,29505;71,91518;0,03531315
-0,02208;0,11145;0,3868;33,28881;71,94929;0,06639894
-0,02193;0,10853;0,37908;33,32698;71,93567;0,02338927
-0,02198;0,10749;0,37627;33,33528;71,93844;0,03966029
-0,0221;0,10656;0,37442;33,39046;71,95033;0,009571135
-0,02235;0,10652;0,37515;33,41173;71,99452;0,07922875
