-Infini;+Infini;+Infini;12,55499;73,02643;10,07191
-Infini;+Infini;+Infini;358,8513;73,82226;0,2261589
-Infini;+Infini;+Infini;359,774;74,6947;359,7481
-Infini;+Infini;+Infini;359,4252;74,76878;0,01069389
-Infini;+Infini;+Infini;359,3902;74,78804;0,007222613
-Infini;+Infini;+Infini;359,4388;74,7623;0,004486529
-Infini;+Infini;+Infini;359,419;74,76307;359,9914
-Infini;+Infini;+Infini;359,4125;74,74892;-0,003964786
-Infini;+Infini;+Infini;359,4184;74,74932;359,9927
-Infini;+Infini;+Infini;359,4309;74,74271;-0,001065829
-Infini;+Infini;+Infini;359,4281;74,75135;-0,0009552868
-Infini;+Infini;+Infini;359,4208;74,75514;-0,004111423
-Infini;+Infini;+Infini;359,425;74,75186;-0,0002080111
-Infini;+Infini;+Infini;359,4478;74,74447;0,005515902
0,09342;0,73182;6,36694;359,4207;74,76322;359,9877
-Infini;+Infini;+Infini;359,4189;74,75302;359,9907
-0,092;3,53646;11,04057;359,4471;74,74857;0,005184328
-0,19119;5,05318;12,82778;359,4253;74,7422;0,005646529
-0,0873;2,25799;5,38978;359,4295;74,73804;0,001969914
-0,06238;1,62196;3,78858;359,4319;74,75295;-0,002096331
-0,0534;1,45083;3,36812;359,4178;74,72793;0,002482075
-0,0614;1,71228;3,95005;359,4264;74,75659;-0,001178453
-0,05036;1,57154;3,62917;359,4085;74,74617;0,001576924
-0,03215;1,04717;2,42318;359,4199;74,75082;0,004984267
-0,0229;0,80096;1,85378;359,4233;74,75566;-0,0001941366
-0,0222;0,78141;1,81415;359,4001;74,75378;359,9887
-0,01874;0,66054;1,53759;359,4093;74,75389;0,002861974
-0,01561;0,56084;1,30722;359,41;74,75397;0,0002129745
-0,01297;0,47605;1,11744;359,4225;74,75632;0,01161218
-0,00975;0,39948;0,94731;359,4006;74,76014;359,9901
-0,00775;0,34855;0,83151;359,3949;74,75282;0,01163609
-0,00575;0,30212;0,7265;359,373;74,75578;359,991
-0,00468;0,27856;0,67392;359,397;74,74343;-0,003947774
-0,00449;0,27946;0,67652;359,3791;74,75323;359,9913
-0,00336;0,25902;0,63224;359,349;74,74931;-0,005466292
-0,00227;0,23998;0,58857;359,4164;74,73949;2,347999E-05
-0,00227;0,24537;0,60168;359,4107;74,74783;359,9748
-0,00157;0,23974;0,59161;359,3396;74,72649;0,02332451
-0,00101;0,23248;0,57506;359,3896;74,74909;359,985
-0,00082;0,21401;0,5304;359,3675;74,73467;359,9929
-0,00073;0,18911;0,47409;359,3251;74,70461;0,02177428
-0,00132;0,1907;0,47524;359,3503;74,7559;359,9815
-0,00144;0,22765;0,5589;359,3666;74,73293;359,9888
-0,00246;0,2905;0,69585;359,2896;74,72285;0,06049796
-0,00342;0,36033;0,85219;359,3435;74,72681;0,02598172
-0,00451;0,4129;0,97159;359,3875;74,75417;359,985
-0,00622;0,49319;1,15195;359,3625;74,73698;359,9933
-0,00899;0,60001;1,39286;359,2748;74,70631;0,03513106
-0,01028;0,65207;1,50855;359,3857;74,74351;359,979
-0,01106;0,73685;1,70365;359,3458;74,71264;359,9942
-0,01154;0,81171;1,87338;359,4289;74,69486;359,9569
-0,01223;0,9046;2,08468;359,2756;74,71457;0,03788905
-0,01111;0,76099;1,75153;359,3015;74,67524;-0,0007835022
-0,01009;0,63822;1,46581;359,3853;74,68784;359,9767
-0,009939999;0,60187;1,38177;359,3797;74,70142;359,9889
-0,00986;0,59633;1,36828;359,33;74,6746;0,004350034
-0,00925;0,59386;1,3633;359,3865;74,67905;359,9634
-0,00715;0,48894;1,12356;359,368;74,66305;0,0003715209
-0,00632;0,41542;0,95486;359,3549;74,692;359,9823
-0,00606;0,39688;0,91144;359,4131;74,70036;-0,003878257
-0,00538;0,3541;0,81342;359,3727;74,67023;359,9778
-0,00464;0,2985;0,68796;359,3622;74,66678;0,0009154889
-0,00429;0,28249;0,65013;359,3952;74,68385;359,9824
-0,00413;0,28643;0,65806;359,3665;74,66622;359,9866
-0,00426;0,30541;0,69816;359,3746;74,67871;359,9805
-0,00392;0,2941;0,67074;359,3614;74,66346;0,01137799
-0,0036;0,26608;0,60614;359,36;74,69013;359,9914
-0,00357;0,26174;0,5959;359,3455;74,6787;359,9828
-0,00341;0,26552;0,60354;359,369;74,67767;-0,0007886145
-0,00296;0,2349;0,53536;359,3836;74,70136;359,9736
-0,00271;0,23335;0,52949;359,3844;74,69801;359,9772
-0,00298;0,22858;0,5190901;359,3464;74,69409;0,01764646
-0,00338;0,39043;0,87929;359,3872;74,7006;-0,002573181
-0,00347;0,3118;0,70387;359,3706;74,70998;-0,0008731696
-0,00333;0,26404;0,59678;359,3953;74,69722;0,0100621
-0,0036;0,24586;0,55613;359,4287;74,707;0,01294329
-0,00378;0,2446;0,55283;359,4491;74,73476;0,001236215
-0,00542;0,39803;0,89365;359,3997;74,70001;0,0308397
-0,00687;0,56535;1,26205;359,4576;74,72781;-0,005392223
-0,00646;0,44175;0,98838;359,3905;74,71822;-0,003541093
-0,008;0,54497;1,2153;359,4084;74,69882;359,9539
-0,00889;0,61329;1,36708;359,3061;74,75475;0,03952995
-0,00887;0,48089;1,07304;359,3123;74,69725;0,0190397
-0,00977;0,56075;1,25153;359,3845;74,68402;0,05259467
-0,01172;0,53082;1,19714;359,3113;74,7704;359,9232
-0,01179;0,67097;1,50603;359,3233;74,69734;0,03117588
-0,01364;0,74361;1,67312;359,3469;74,6843;0,003246579
-0,01398;0,79824;1,79323;359,3359;74,69811;0,002778099
-0,01401;0,7914;1,776;359,3476;74,65208;-0,005596208
-0,01417;0,89319;2,00021;359,3373;74,6671;359,9895
-0,01573;1,04625;2,3453;359,3682;74,64529;359,9898
-0,01464;1,04702;2,34972;359,3485;74,65308;-0,005518749
-0,01714;1,3017;2,92143;359,3818;74,63488;-0,003237698
-0,018;1,4162;3,17909;359,3557;74,63272;-0,005714402
-0,01736;1,44987;3,25455;359,3663;74,64069;-0,002790143
-0,01615;1,41887;3,18517;359,3695;74,63133;359,9803
-0,01675;1,40119;3,14303;359,3515;74,65173;359,9876
-0,01835;1,45347;3,25716;359,3513;74,63753;0,006321451
-0,01876;1,47414;3,29789;359,3969;74,66788;359,9654
-0,01933;1,47749;3,30553;359,3519;74,63016;359,9937
-0,0198;1,48588;3,3225;359,3611;74,62778;-0,0002298661
-0,02205;1,60839;3,58742;359,3109;74,61006;0,02029038
-0,02216;1,60895;3,58491;359,3297;74,62671;-0,004540573
-0,02491;1,75501;3,89598;359,3502;74,62133;0,001297846
-0,02878;1,84545;4,08791;359,3086;74,62583;-0,0001887244
-0,03662;2,03561;4,49867;359,3736;74,62978;0,0107417
-0,04145;2,17279;4,79839;359,3746;74,64265;-0,0007917087
-0,04263;2,2035;4,86177;359,3612;74,6531;0,003459413
-0,04676;2,28597;5,04124;359,3687;74,65483;0,007699451
-0,0513;2,37435;5,2332;359,3442;74,66956;0,01950849
-0,06231;2,69076;5,92213;359,3335;74,67954;359,9902
-0,06437001;2,67137;5,87661;359,3871;74,67049;359,9724
-0,07376;2,87976;6,32305;359,3539;74,67794;359,9933
-0,12114;4,04789;8,88862;359,3935;74,70055;359,9914
-0,14374;4,63779;10,15287;359,3706;74,68899;0,01626454
-0,14405;4,57356;9,99329;359,3275;74,6862;0,04405968
-0,09294999;2,94734;6,43507;359,3063;74,68909;0,05179615
-0,0782;2,48425;5,42745;359,3998;74,72376;5,336378E-08
-0,08421;2,66349;5,82036;359,3503;74,73059;359,9844
-0,08777;2,79651;6,11197;359,3615;74,73421;0,01470092
-0,10334;3,277;7,15862;359,2757;74,7471;0,01172159
-0,11299;3,6343;7,93798;359,384;74,74725;0,009299627
-0,20105;6,23944;13,55472;359,424;74,7389;0,022815
-0,1962;6,12962;13,2911;359,4212;74,73259;0,01192182
-0,18173;5,70332;12,36478;359,43;74,80361;0,03071555
-0,16791;5,27376;11,42727;359,4141;74,66235;359,9742
-0,14579;4,56424;9,894589;359,4257;74,7584;359,9778
-0,1224;3,93934;8,53759;359,4803;74,80048;0,02321546
-0,10779;3,61829;7,83784;359,4528;74,65558;359,9774
-0,09505;3,25719;7,05795;359,5049;74,80501;0,02176286
-0,08332;2,93305;6,36663;359,4809;74,68158;359,9754
-0,06847;2,51069;5,46061;359,5113;74,7939;0,03346729
-0,07242;2,93129;6,40101;359,5073;74,75002;0,005252397
-0,05884;2,5374;5,5596;359,4937;74,74651;0,002795871
-0,04999;2,31313;5,08199;359,4844;74,68761;359,9595
-0,03935;1,97957;4,3652;359,4872;74,75599;359,9857
-0,03177;1,735;3,83994;359,4976;74,76524;0,004698924
-0,02542;1,38344;3,06;359,465;74,76227;0,003966591
-0,02235;1,23788;2,74133;359,3982;74,832;0,007344807
-0,01987;1,16316;2,57881;359,4301;74,73861;0,00869222
-0,01766;1,06479;2,36674;359,4263;74,74584;0,02079161
-0,01833;1,09418;2,42581;359,4622;74,71744;0,0374293
-0,01977;1,12421;2,48855;359,4569;74,76266;0,01095406
-0,02098;1,14488;2,52976;359,3564;74,66481;0,09039353
-0,02058;1,09747;2,42401;359,5418;74,75995;0,02700004
-0,02302;1,13896;2,51098;359,5112;74,76796;0,02196725
-0,02265;1,1099;2,44467;359,5354;74,7754;0,01725576
-0,02592;1,27891;2,82542;359,5245;74,81342;359,9908
-0,0281;1,33987;2,96079;359,563;74,82214;0,0134407
-0,02962;1,35206;2,98617;359,5489;74,83316;0,004751198
-0,04843;1,80296;3,95778;359,5718;74,85421;0,006566809
-0,03543;1,46742;3,22764;359,5791;74,83797;0,02640904
-0,0288;1,26606;2,7961;359,6124;74,90816;0,001547727
-0,02688;1,16572;2,58484;359,6224;74,9241;359,994
-0,02836;1,20664;2,67425;359,6087;74,90839;0,02513938
-0,02639;1,1685;2,59232;359,6555;74,94056;359,9854
-0,02893;1,21336;2,69182;359,5618;74,90041;0,02226003
-0,03095;1,226;2,71678;359,6756;74,95685;359,9761
-0,03365;1,27046;2,81413;359,6347;74,96846;359,9928
-0,03608;1,31168;2,90594;359,6055;74,9213;0,008970905
-0,03732;1,34681;2,98631;359,5268;74,93031;0,003837817
-0,04073;1,39952;3,10647;359,5428;74,9522;359,9741
-0,05472;1,87031;4,11229;359,54;74,94652;359,9924
-0,05594;1,88522;4,14325;359,6004;74,99651;359,9784
-0,05715;1,89531;4,15999;359,5286;74,96576;359,9903
-0,05175;1,73458;3,812;359,4834;74,93843;-3,201781E-07
-0,05847;1,8564;4,07838;359,4398;74,92133;359,9917
-0,06137;1,86414;4,10657;359,5324;74,97076;359,9501
-0,05591;1,7109;3,78035;359,5128;74,92237;-0,0007820849
-0,04916;1,52969;3,38891;359,4456;74,92997;359,9864
-0,04559;1,45202;3,21642;359,5052;74,91656;-0,00277871
-0,04749;1,50422;3,32788;359,4836;74,92348;359,9933
-0,04555;1,46713;3,25139;359,4549;74,93461;359,9856
-0,04369;1,44957;3,21335;359,4926;74,93254;0,01071602
-0,0422;1,44922;3,21525;359,4877;74,92403;5,336299E-07
-0,0399;1,40883;3,12558;359,502;74,93085;0,03034165
-0,03841;1,40811;3,12792;359,4992;74,93616;0,005860954
-0,03538;1,36755;3,04108;359,49;74,9332;0,01109181
-0,03094;1,27616;2,84459;359,4806;74,9277;0,01196407
-0,02777;1,19879;2,68186;359,4892;74,94386;0,01722687
-0,02468;1,13492;2,54891;359,4703;74,92341;0,01389371
-0,02148;1,06482;2,40219;359,48;74,91533;-0,001811596
-0,01966;0,97724;2,21094;359,4764;74,9195;9,071723E-07
-0,01537;0,82052;1,86085;359,5027;74,89251;359,9765
-0,01377;0,70242;1,59425;359,489;74,90613;-0,003583884
-0,01471;0,67223;1,53077;359,482;74,90997;359,9721
-0,01316;0,5658;1,2947;359,4942;74,90904;359,9923
-0,01322;0,55403;1,26839;359,4955;74,90979;359,9928
-0,01223;0,51063;1,16862;359,4731;74,93652;359,9865
-0,01093;0,44151;1,01223;359,4637;74,88641;0,02716787
-0,01133;0,45439;1,03664;359,5152;74,95621;359,9786
-0,01217;0,45535;1,03608;359,5191;74,9227;0,02001263
-0,01124;0,43871;0,99805;359,4686;74,93349;-0,003440029
-0,01084;0,45724;1,03811;359,5322;74,88286;0,004728516
-0,01134;0,50533;1,14437;359,4634;74,92152;0,009886225
-0,01125;0,50012;1,12989;359,47;74,92127;0,01119553
-0,01109;0,50593;1,14031;359,4474;74,90585;-0,001134211
-0,00998;0,44188;0,99693;359,414;74,91141;359,9854
-0,00942;0,39968;0,90372;359,4308;74,90337;359,9764
-0,009319999;0,38981;0,88457;359,3915;74,90131;-0,005130162
-0,00895;0,36402;0,82684;359,375;74,90063;0,0006832996
-0,008529999;0,34825;0,79167;359,4073;74,89934;359,965
-0,00871;0,34752;0,79189;359,3377;74,87669;0,009273641
-0,00907;0,34475;0,78867;359,3141;74,88893;-0,002145367
-0,00901;0,34119;0,78298;359,3304;74,87408;359,9937
-0,00775;0,31197;0,72178;359,3458;74,86609;359,9903
-0,00651;0,29046;0,67747;359,28;74,89106;0,0001458201
-0,00503;0,26952;0,63503;359,3863;74,84004;359,9865
-0,004;0,25026;0,59474;359,3168;74,89746;359,985
-0,00333;0,23678;0,56645;359,3843;74,85465;359,9761
-0,00262;0,22849;0,54849;359,3053;74,85782;0,001419343
-0,00206;0,21479;0,51829;359,3169;74,85278;-0,005602861
-0,00161;0,2061;0,49894;359,266;74,85651;0,004468617
-0,00101;0,20102;0,48805;359,2776;74,84715;359,9862
-0,00052;0,19138;0,4665;359,2888;74,83775;0,0009346874
-2E-05;0,1893;0,46225;359,2629;74,83572;-0,003824529
0,00033;0,19313;0,47056;359,2699;74,81526;0,01581824
0,00075;0,20493;0,49579;359,2665;74,80724;0,01744632
0,00117;0,21529;0,51719;359,2509;74,79984;359,9856
0,00161;0,25689;0,60465;359,1714;74,81367;0,0168405
0,00196;0,2721;0,63685;359,2398;74,78857;0,01161395
0,00239;0,29005;0,67559;359,2362;74,78963;0,004295156
0,00282;0,32277;0,74991;359,3161;74,77827;-0,004720424
0,00358;0,36885;0,84803;359,1575;74,84188;0,007710996
0,00494;0,40669;0,93537;359,3248;74,80302;359,9813
0,00564;0,43589;0,99878;359,2194;74,82095;0,004215525
0,00528;0,45727;1,0515;359,1761;74,86362;0,009209089
0,00451;0,45188;1,03979;359,3042;74,80398;359,9898
0,00561;0,50076;1,14921;359,1617;74,84433;0,02251402
0,00438;0,49004;1,12864;359,2313;74,81577;0,004678993
0,00404;0,48449;1,1134;359,2643;74,83154;359,9906
0,0037;0,48582;1,11781;359,226;74,82026;0,01067168
0,00296;0,4808;1,10905;359,3359;74,80611;359,9873
0,00219;0,46924;1,08466;359,2473;74,81377;0,01775234
0,00173;0,46602;1,07643;359,2292;74,84237;-0,004492644
0,00089;0,45495;1,05304;359,2326;74,84296;0,009544712
0,00059;0,46248;1,0689;359,2148;74,84769;0,0109059
0,00057;0,48093;1,11021;359,21;74,8598;0,004788925
0,00137;0,54978;1,27502;359,1949;74,85889;0,0164365
0,00911;0,64996;1,49806;359,2662;74,89603;359,9924
0,01344;0,33956;0,87602;359,2021;74,85902;0,01714973
0,03835;0,28202;0,89719;359,2182;74,86644;0,001235179
-Infini;+Infini;+Infini;359,2455;74,88567;-0,003776301
0,00056;0,15911;0,93033;359,1818;74,86044;0,01603177
0,02508;0,18498;0,9243;359,234;74,88186;359,9905
0,02397;0,21302;0,91811;359,209;74,87388;359,9919
0,03514;0,48031;1,43461;359,1984;74,86323;0,002613123
0,03314;0,78185;1,94135;359,2156;74,86676;0,001088984
0,02172;0,71963;1,70079;359,2237;74,86795;-0,003397504
0,01548;0,44656;1,03378;359,1928;74,86031;359,989
0,00977;0,39112;0,88649;359,2029;74,85019;0,001148517
0,00678;0,38877;0,88394;359,2444;74,86948;359,9847
0,00939;0,52206;1,19767;359,2337;74,86425;359,9878
0,01141;0,3798;0,90777;359,2131;74,86781;-0,001645671
0,007900001;0,30691;0,73959;359,2119;74,86295;0,001657865
0,00703;0,35412;0,83932;359,235;74,87273;359,9889
0,00905;0,51793;1,19598;359,2296;74,85052;0,0177713
0,0081;0,41611;0,97398;359,1887;74,86607;359,9911
0,0065;0,37685;0,88794;359,2227;74,85202;0,0127616
0,00608;0,36059;0,85449;359,2003;74,84935;359,9939
0,00585;0,35119;0,83578;359,2242;74,841;359,9939
0,00539;0,33141;0,78898;359,1689;74,8224;0,008461813
0,00462;0,25039;0,60476;359,2324;74,86504;359,9893
0,0049;0,24832;0,59862;359,1867;74,8204;0,01410368
0,00495;0,22148;0,53781;359,2385;74,8679;359,982
0,00507;0,20316;0,49661;359,177;74,83667;0,008254976
0,00503;0,1918;0,47098;359,1999;74,86166;359,9934
0,00511;0,18542;0,45443;359,234;74,86797;359,9892
0,00443;0,16575;0,41037;359,1887;74,84736;0,001275906
0,00536;0,18646;0,45527;359,2104;74,85444;-0,003620317
0,0065;0,19625;0,47602;359,2017;74,84385;359,9885
0,00788;0,19669;0,47652;359,2116;74,83856;359,9933
0,0085;0,19703;0,47665;359,2119;74,84092;359,9831
0,00572;0,17251;0,42467;359,2195;74,83632;359,9886
0,00899;0,19951;0,48049;359,2234;74,8217;0,002777714
0,0112;0,20301;0,48658;359,2097;74,83244;0,001630863
0,01276;0,20144;0,48225;359,2031;74,8372;0,002222748
0,00978;0,1841;0,44306;359,2096;74,83233;0,006648808
0,00933;0,17697;0,42392;359,1928;74,84327;0,009506298
0,00754;0,16305;0,39157;359,1933;74,82682;-0,00123097
0,00748;0,16668;0,39956;359,188;74,85313;0,002486892
0,00718;0,16576;0,39676;359,1644;74,82522;0,001606092
0,00744;0,16279;0,38977;359,1736;74,83554;0,01285648
0,00721;0,15608;0,37421;359,2175;74,84973;-0,004102872
0,00678;0,14584;0,35052;359,1755;74,81998;0,005338185
0,00565;0,12806;0,31188;359,2046;74,85456;-0,003549212
0,0048;0,1139;0,27999;359,1833;74,85076;0,01997558
0,00451;0,11089;0,2721;359,147;74,82317;0,0071623
0,00437;0,10894;0,2666;359,1769;74,85677;359,99
0,00442;0,10982;0,26956;359,1954;74,84962;359,9903
0,00412;0,10352;0,25564;359,1887;74,82522;0,006047511
0,00366;0,09473;0,23545;359,1792;74,83652;359,9941
0,00526;0,10094;0,24701;359,1946;74,83425;359,9916
0,00649;0,11011;0,26468;359,1483;74,8084;0,005498616
0,00718;0,1137;0,27163;359,2179;74,83451;359,9741
0,00745;0,11793;0,2803;359,1432;74,81668;-0,0009511836
0,0068;0,11916;0,28321;359,1631;74,81426;0,004524816
0,00714;0,12137;0,28801;359,1736;74,8316;-0,002713735
0,00739;0,12351;0,29291;359,17;74,8261;-0,002314983
0,00742;0,1316;0,3103;359,1581;74,82137;0,001069173
0,00784;0,13278;0,31405;359,1497;74,82765;-0,004211595
0,0083;0,14393;0,33868;359,1697;74,82831;0,001294457
0,008020001;0,13846;0,32731;359,166;74,80878;0,004417839
0,0089;0,14911;0,35333;359,1611;74,81417;359,9935
0,00971;0,16635;0,39221;359,1583;74,80213;0,00418613
0,00961;0,17163;0,40451;359,1721;74,80672;359,9905
0,00912;0,17073;0,40285;359,1571;74,80923;-0,003099854
0,00936;0,17204;0,40784;359,1665;74,80984;359,9894
0,00949;0,17959;0,42546;359,1561;74,81181;359,989
0,00959;0,18173;0,43173;359,1683;74,81625;8,00497E-08
0,01006;0,19306;0,45868;359,166;74,80196;359,9872
0,01003;0,19596;0,46526;359,1711;74,82227;0,0007520399
0,01051;0,2064;0,48979;359,1582;74,81664;-0,003197301
0,01079;0,21086;0,50008;359,165;74,82883;0,002546944
0,0108;0,21074;0,49986;359,1681;74,81947;0,003470902
0,01083;0,21021;0,49908;359,1322;74,82702;359,9903
0,01148;0,21948;0,52148;359,1874;74,81261;0,0009401793
0,01176;0,22249;0,52886;359,1908;74,81451;0,003845487
0,01135;0,21888;0,52186;359,1658;74,82594;0,001192581
0,01116;0,21592;0,51521;359,1843;74,82043;0,01611106
0,00759;0,23236;0,54871;359,2031;74,81992;0,00500141
0,00537;0,22877;0,53895;359,2127;74,83522;-0,004254221
0,00708;0,22327;0,52755;359,136;74,8376;0,004185194
0,00728;0,2131;0,5051;359,1611;74,8393;0,01022277
0,00456;0,20291;0,48068;359,1546;74,85683;-0,003105646
0,00513;0,20119;0,47694;359,1581;74,84258;0,007772019
0,00293;0,18801;0,44652;359,1581;74,85938;0,003383202
0,00323;0,1854;0,44113;359,1624;74,84769;0,007078833
0,00382;0,18881;0,44844;359,2003;74,86147;-0,002853509
0,00236;0,18211;0,43244;359,1667;74,84607;0,004609718
0,00351;0,19969;0,47075;359,1698;74,84561;0,004375169
0,00474;0,21135;0,49624;359,2015;74,87562;359,9772
0,00531;0,22252;0,52079;359,1616;74,86135;-0,001294699
0,00282;0,21838;0,51115;359,1641;74,8533;359,9937
0,00454;0,23723;0,55221;359,1757;74,85989;-0,003567488
0,00522;0,24245;0,5638;359,1698;74,86443;0,008186949
0,00278;0,23604;0,54989;359,1611;74,86118;359,9912
0,00139;0,2359;0,54953;359,1799;74,86156;359,9812
0,00037;0,23674;0,55131;359,1848;74,85261;359,981
0,00234;0,27103;0,62499;359,1642;74,85484;-0,002900391
0,00288;0,27523;0,63463;359,1584;74,85293;-0,001005987
0,00282;0,26835;0,6205;359,1778;74,85229;359,993
0,00026;0,25262;0,58576;359,1664;74,84849;0,008039342
-0,00089;0,2475;0,57395;359,179;74,84895;0,002741508
-0,00178;0,23402;0,544;359,1501;74,85939;0,009191859
-0,00231;0,22797;0,52991;359,169;74,83514;0,02349395
-0,00226;0,2308;0,5353;359,1609;74,84784;0,00348369
-0,00227;0,23953;0,5536;359,1633;74,84016;0,00824601
-0,00216;0,23888;0,55175;359,1793;74,8438;-0,002096923
-0,0023;0,21306;0,49652;359,1697;74,83955;-0,003552258
-0,00235;0,17837;0,42068;359,1568;74,825;0,006465021
-0,00225;0,1744;0,41142;359,177;74,84265;359,9938
-0,00221;0,16098;0,3823;359,195;74,82748;0,003169494
-0,00217;0,15936;0,37897;359,1374;74,85009;0,004056765
-0,00209;0,16155;0,38382;359,2058;74,86004;359,9916
-0,00225;0,16111;0,38279;359,1764;74,85052;-0,001028877
-0,00242;0,15778;0,37558;359,193;74,85258;359,9909
-0,00261;0,16423;0,38943;359,1414;74,84351;0,01123388
-0,00291;0,17134;0,40439;359,171;74,85173;359,9915
-0,00325;0,17707;0,41591;359,202;74,84504;359,9909
-0,00339;0,22578;0,52098;359,1627;74,84585;0,0160164
-0,00381;0,21459;0,49686;359,2295;74,86142;0,01765283
-0,00404;0,22551;0,52011;359,1613;74,84589;0,0159109
-0,00451;0,24094;0,55268;359,1156;74,8949;0,01776514
-0,00496;0,25804;0,58939;359,1615;74,86875;-1,600997E-07
-0,00525;0,27756;0,63133;359,1555;74,87106;-0,003949666
-0,00548;0,2923;0,66318;359,1971;74,8865;359,993
-0,00575;0,29068;0,65979;359,1344;74,867;0,01795504
-0,00466;0,3187;0,7218;359,1409;74,88118;0,01263311
-0,00263;0,3269;0,74155;359,1624;74,87495;0,01405301
-0,00188;0,31285;0,71239;359,1787;74,88302;0,0129677
-0,00052;0,30569;0,69817;359,1548;74,88184;0,001948203
0,00055;0,29828;0,68335;359,1457;74,87518;0,003119716
0,0014;0,29037;0,66644;359,1806;74,90635;359,9789
0,00265;0,27626;0,63612;359,168;74,88805;359,9887
0,004;0,26079;0,60361;359,1411;74,88212;0,01142987
0,0054;0,24752;0,57496;359,1621;74,89316;-0,005071184
0,00667;0,23448;0,54747;359,1842;74,89439;359,9842
0,00701;0,22831;0,53438;359,1375;74,88286;0,003825072
0,00724;0,22273;0,52263;359,1093;74,87075;0,00183829
0,00737;0,22157;0,52031;359,1805;74,88348;359,9838
0,00739;0,2178;0,51201;359,1415;74,88071;359,9933
0,00746;0,21665;0,50926;359,1366;74,87543;-0,001603169
0,00749;0,21523;0,50617;359,1196;74,87166;0,00847014
0,00752;0,21521;0,50616;359,1569;74,88402;-0,003053105
0,00753;0,21329;0,50214;359,1331;74,87883;0,004038758
0,00734;0,2136;0,50357;359,1849;74,90671;359,9877
0,00763;0,21745;0,51214;359,1489;74,88807;0,002389149
0,00779;0,21798;0,51325;359,0976;74,87226;0,01986414
0,00768;0,21729;0,51107;359,1598;74,89034;-0,004896331
0,00756;0,21445;0,5047;359,1297;74,88199;0,00403588
0,0076;0,21752;0,51087;359,1214;74,88254;-0,002076222
0,0073;0,21773;0,51143;359,1451;74,87492;0,002077062
0,00711;0,21693;0,50991;359,0992;74,87811;0,007797117
0,00693;0,21544;0,50739;359,1539;74,89133;0,005056893
0,00752;0,2248;0,52665;359,1371;74,87904;359,9892
0,00694;0,22452;0,52655;359,1512;74,8801;359,9913
0,00641;0,22257;0,52208;359,1242;74,8641;0,008842072
0,00553;0,20866;0,48974;359,1537;74,88528;359,9762
0,00509;0,20759;0,48677;359,1151;74,85188;0,001264429
0,00483;0,20865;0,48911;359,1567;74,86818;359,9937
0,00477;0,21061;0,49352;359,1265;74,85365;0,001210098
0,00478;0,21429;0,50119;359,1566;74,84074;359,9934
0,00474;0,213;0,49832;359,1402;74,88169;0,005619237
0,00484;0,21656;0,50565;359,1838;74,88413;0,0004042761
0,00484;0,21685;0,50626;359,1373;74,87993;0,005205194
0,00487;0,21229;0,49685;359,105;74,88825;0,01811502
0,00478;0,20555;0,48329;359,1382;74,90041;359,9918
0,00733;0,21939;0,50907;359,175;74,87973;-0,001709032
0,00546;0,19599;0,46;359,0878;74,90932;0,00555605
0,00484;0,18435;0,43425;359,143;74,92239;359,9924
0,00496;0,18419;0,43521;359,1126;74,92184;0,001143473
0,00511;0,18067;0,42832;359,1104;74,90704;0,02203919
0,00531;0,1803;0,42778;359,1463;74,93334;359,97
0,00548;0,17697;0,42047;359,071;74,90697;0,02977885
0,00779;0,18109;0,42785;359,1399;74,92677;359,9929
0,00656;0,17121;0,40709;359,1083;74,91048;-0,004794813
0,00611;0,16784;0,39926;359,1396;74,9251;0,00282623
0,00639;0,17312;0,41238;359,1312;74,92178;359,9855
0,00653;0,17515;0,41716;359,0654;74,90307;0,02692317
0,0062;0,1669;0,39761;359,1193;74,90433;359,9916
0,0063;0,16253;0,38752;359,1199;74,87425;0,002172176
0,00637;0,16145;0,38499;359,1003;74,90947;359,9932
0,00646;0,16268;0,38732;359,1319;74,9129;359,9768
0,00669;0,16585;0,39478;359,0739;74,93276;359,9892
0,0063;0,16144;0,38457;359,1;74,88664;0,01384514
0,00636;0,16472;0,39234;359,1042;74,91044;-0,003552586
0,00617;0,15853;0,37799;359,0982;74,89291;0,0190283
0,00622;0,15793;0,37723;359,1143;74,89935;0,009161472
0,0063;0,15746;0,37627;359,175;74,86369;0,003670273
0,0065;0,15972;0,3827;359,1198;74,91245;359,9887
0,0064;0,15937;0,38285;359,1286;74,89535;0,008804411
0,00629;0,15767;0,37967;359,1248;74,88133;0,005603037
0,00615;0,15662;0,3776;359,1602;74,90252;-0,002433196
0,00614;0,15572;0,37572;359,1193;74,90868;359,9918
0,0061;0,1602;0,38686;359,0851;74,88939;0,02359987
0,00633;0,16025;0,38687;359,1092;74,9143;0,004803485
0,00634;0,15923;0,38489;359,0948;74,90673;-0,003853988
0,00642;0,15871;0,38378;359,1035;74,91669;359,9814
0,00629;0,15828;0,38306;359,0762;74,90321;359,9903
0,00636;0,15969;0,38617;359,0703;74,89765;359,9922
0,00648;0,16241;0,39168;359,0921;74,89756;-0,0006558071
0,009430001;0,1595;0,38583;359,0984;74,89217;-0,001764461
0,008350001;0,15721;0,38045;359,098;74,89436;359,9892
0,00774;0,15744;0,38144;359,1173;74,88721;0,03371542
0,00736;0,15837;0,38356;359,1067;74,91442;359,994
0,00729;0,15703;0,38016;359,0658;74,89297;0,04193192
0,00534;0,1239;0,2997;359,1185;74,92518;359,9917
0,00585;0,13323;0,32122;359,0852;74,91718;-0,0006007064
0,00636;0,14163;0,3405;359,0823;74,91045;-0,003868651
0,00688;0,15383;0,36955;359,0347;74,90268;0,01056786
0,00705;0,15451;0,37082;359,1024;74,90365;359,9941
0,00712;0,15625;0,37458;359,0912;74,9081;359,9735
0,00718;0,15786;0,37793;359,0945;74,88072;-0,00358934
0,0072;0,16187;0,38588;359,0508;74,90445;-7,343461E-05
0,00737;0,16667;0,3957;359,0577;74,89932;359,993
0,00646;0,15017;0,3564;359,0923;74,88142;0,003688979
0,00744;0,16756;0,39742;359,0695;74,89082;359,9933
0,00784;0,17381;0,4123;359,0764;74,88923;-0,004341816
0,008060001;0,17618;0,41781;359,0638;74,87804;0,01167027
0,00817;0,17766;0,42094;359,058;74,92153;359,9719
0,00818;0,17934;0,4242;359,1005;74,866;359,9839
0,008020001;0,17889;0,42325;359,1089;74,87164;-0,005475005
0,00828;0,18258;0,43116;359,0779;74,85991;0,007713349
0,00854;0,18907;0,44542;359,1376;74,87745;359,9834
0,01091;0,21006;0,48563;359,1001;74,8708;359,9929
0,01139;0,21152;0,48805;359,0971;74,86521;0,0009131441
0,01159;0,21046;0,48577;359,0775;74,86298;0,01366447
0,01167;0,21323;0,49096;359,1126;74,87464;0,003359762
0,0101;0,19133;0,44005;359,1297;74,87502;359,9861
0,0102;0,19481;0,44949;359,0691;74,85737;0,009064244
0,01028;0,19689;0,45492;359,1274;74,87023;359,989
0,01059;0,20821;0,48289;359,0834;74,84012;0,02230353
0,01028;0,19765;0,45651;359,1304;74,86861;359,9878
0,01012;0,19418;0,44758;359,0459;74,83581;0,02728948
0,01112;0,21385;0,49358;359,1502;74,87616;359,9746
0,01139;0,22032;0,50925;359,0731;74,84724;0,02223461
0,01114;0,21378;0,49205;359,0884;74,86546;-0,0001823304
0,01123;0,21938;0,50677;359,0798;74,87094;-6,292055E-05
0,01064;0,21121;0,48561;359,0845;74,86124;0,01205277
0,01067;0,21303;0,48919;359,1022;74,8784;359,9906
0,01126;0,22109;0,50637;359,0809;74,86775;359,9938
0,01125;0,22381;0,51208;359,1331;74,86709;359,9783
0,01131;0,22652;0,51821;359,0843;74,84933;0,005028195
0,01166;0,23154;0,53052;359,1107;74,86366;359,9909
0,0121;0,23338;0,53542;359,1654;74,85204;-0,001115734
0,01215;0,23565;0,5404601;359,0826;74,85242;0,01988878
0,01225;0,23852;0,5475399;359,0777;74,85378;0,02858357
0,01196;0,2392;0,54866;359,1996;74,87373;359,962
0,01237;0,24583;0,5643401;359,054;74,84641;0,02745686
0,01257;0,2527;0,57983;359,0509;74,8761;0,01186257
0,01279;0,25761;0,59053;359,0837;74,88241;0,002166274
0,0128;0,26031;0,59615;359,1121;74,90111;359,9731
0,01285;0,26212;0,59935;359,031;74,85614;0,03047629
0,01274;0,26331;0,60157;359,0922;74,86789;0,0009786275
0,01265;0,26554;0,60615;359,0853;74,88882;359,9889
0,01223;0,26723;0,61002;359,0554;74,87656;0,0003572995
0,01244;0,2678;0,61019;358,9913;74,89098;0,01727388
0,01243;0,26974;0,61414;359,0896;74,89327;359,9829
0,01242;0,26856;0,61214;359,0757;74,88017;-0,0001215185
0,01259;0,26771;0,61065;359,1317;74,88307;359,9859
0,01273;0,26491;0,60517;359,0591;74,86575;0,003320293
0,01224;0,25666;0,58695;359,1505;74,87766;359,9824
0,01272;0,25699;0,58907;359,0799;74,86716;-0,002255587
0,01268;0,25226;0,57955;359,0851;74,86361;0,00560854
0,0127;0,24826;0,57189;359,1142;74,88267;359,993
0,01261;0,24549;0,5663;359,1408;74,87878;359,983
0,01284;0,24258;0,56035;359,0745;74,86382;0,01136852
0,0131;0,24037;0,55618;359,0927;74,87525;-0,0002751364
0,01343;0,23936;0,55388;359,0962;74,86926;0,0181188
0,01342;0,23578;0,54606;359,0806;74,86884;0,004432564
0,01339;0,23302;0,5405;359,0991;74,87347;-0,002218218
0,01329;0,23232;0,53934;359,0883;74,87543;359,9919
0,01478;0,22294;0,51627;359,1085;74,86588;0,002955456
0,01416;0,22671;0,52524;359,0807;74,86642;0,02001164
0,01489;0,22361;0,51744;359,1249;74,87788;-0,003747489
0,01402;0,22429;0,51973;359,0701;74,87179;0,0184109
0,01366;0,22551;0,52306;359,1151;74,89957;359,9895
0,0134;0,22652;0,52519;359,0981;74,87805;0,0004875652
0,01345;0,22786;0,5276;359,0819;74,87626;0,01588559
0,01332;0,22844;0,52885;359,0868;74,90069;-0,004229945
0,0136;0,23066;0,53268;359,1404;74,89243;359,9937
0,01377;0,23307;0,53763;359,1335;74,88847;359,9923
0,01409;0,2378;0,54681;359,0799;74,88103;0,003765788
0,01424;0,23857;0,54784;359,1104;74,88768;359,9941
0,01397;0,2332;0,5330999;359,1217;74,89678;359,9851
0,01364;0,23382;0,53409;359,1117;74,88091;0,002403448
0,01358;0,23204;0,52989;359,1268;74,87308;0,0006903294
0,01151;0,2078;0,48465;359,1164;74,82473;0,01761937
0,01183;0,20468;0,47674;359,0931;74,91749;-0,001126455
0,01251;0,21493;0,49476;359,1464;74,86391;359,9866
0,01227;0,21496;0,49327;359,0884;74,87603;0,006355122
0,01595;0,23136;0,51121;359,1284;74,90874;359,9711
0,01081;0,1734;0,40353;359,0392;74,86986;0,0305988
-0,00508;0,18631;0,39647;359,118;74,92068;359,9675
-0,00477;0,11609;0,425;359,1084;74,88684;-0,00120386
-Infini;+Infini;+Infini;359,0629;74,89845;0,002558301
-Infini;+Infini;+Infini;359,0236;74,86784;0,03692621
-Infini;+Infini;+Infini;359,0826;74,89276;0,004728085
0,02385;0,08485;0,43467;359,1174;74,9103;359,9707
0,02822;0,09735;0,43143;359,0369;74,88284;0,01681835
-0,00445;0,14657;0,41516;359,015;74,90495;359,9914
0,02712;0,15132;0,41464;359,0906;74,87508;-0,002849909
0,00023;0,12335;0,29518;359,0977;74,87646;359,9865
-0,00582;0,80987;1,72357;359,0871;74,85622;0,002934899
0,00444;0,30182;0,69008;359,1217;74,87605;359,9735
0,00596;0,18506;0,43449;359,0899;74,86761;359,9871
0,00384;0,16741;0,39687;359,1052;74,85841;359,9898
0,009810001;0,20778;0,47904;359,0855;74,86363;-0,000586297
0,00489;0,19456;0,4853;359,0847;74,86669;359,9894
0,01133;0,20026;0,46679;359,0557;74,8437;0,02482372
0,01208;0,19583;0,45223;359,0995;74,87636;359,9896
0,01183;0,18889;0,43794;359,088;74,85934;359,9911
0,00816;0,25932;0,58175;359,1052;74,8596;359,9862
0,00488;0,31863;0,70357;359,0626;74,86164;-0,0004894378
0,00412;0,31651;0,69861;359,0727;74,85378;359,9885
0,00684;0,28061;0,62694;359,0506;74,84269;0,005986788
0,00534;0,29252;0,65182;359,0822;74,85612;-0,001101029
0,00401;0,28855;0,64485;359,0854;74,85777;0,0002476526
0,00274;0,28599;0,64004;359,0485;74,8671;0,003094342
0,00303;0,27523;0,61801;359,0772;74,85976;0,01774329
-0,00014;0,34303;0,75652;359,0571;74,8558;0,02238647
-0,00452;0,44624;0,96681;359,1134;74,86792;359,994
-0,00557;0,46052;0,99595;359,121;74,89137;359,9831
-0,00491;0,43049;0,93663;359,1051;74,86914;359,9834
-0,00476;0,41112;0,89677;359,1122;74,87639;359,9714
-0,0067;0,41746;0,91052;359,0861;74,84665;0,001120907
-0,00699;0,4271;0,93003;359,1048;74,85983;-0,002212157
-0,00791;0,44775;0,97098;359,1748;74,85552;359,9671
-0,01001;0,50125;1,08152;359,1086;74,85142;0,002441021
-0,01284;0,59702;1,27915;359,114;74,86024;-0,003754118
-0,01302;0,57223;1,22335;359,0986;74,85214;0,004680274
-0,0131;0,55864;1,19396;359,1059;74,87481;359,988
-0,01302;0,58678;1,25398;359,0967;74,86994;-0,002286637
-0,01256;0,58482;1,25089;359,0974;74,85735;0
-0,0121;0,5904;1,26419;359,0654;74,86723;-0,0001280831
-0,01168;0,59937;1,28318;359,0899;74,83846;0,01475825
-0,01164;0,59593;1,2754;359,1161;74,85258;0,01514313
-0,009699999;0,5465;1,17027;359,116;74,86302;359,9823
-0,01006;0,53852;1,15552;359,0744;74,83992;0,02172465
-0,00948;0,50789;1,09169;359,1218;74,87327;359,9758
-0,00821;0,44317;0,9544;359,0747;74,86039;-0,004964087
-0,00789;0,41625;0,89765;359,0716;74,85919;-0,003070653
-0,00708;0,37052;0,80279;359,0573;74,83263;0,0135295
-0,00742;0,36685;0,79602;359,1251;74,85268;359,9801
-0,00778;0,35413;0,76991;359,0694;74,81638;-0,002167697
-0,00795;0,32426;0,70847;359,103;74,82261;-0,003539513
-0,00787;0,32607;0,7118;359,1156;74,82042;359,9929
-0,008350001;0,3183;0,69575;359,1297;74,83794;359,9789
-0,008760001;0,32889;0,7167;359,0823;74,81824;0,0116412
-0,009260001;0,33734;0,73422;359,1297;74,84237;359,9832
-0,01001;0,36373;0,78948;359,0944;74,82879;0,01535941
-0,03116;0,35191;0,79525;359,1115;74,83673;0,007794369
-0,01042;0,39076;0,84606;359,1086;74,84527;0,0007158958
-0,03097;0,37897;0,85181;359,1109;74,84971;0,03261068
-0,00486;0,36654;0,7996;359,1221;74,8301;0,002198966
-0,00251;0,33701;0,74139;359,0694;74,81633;0,03110972
-0,00108;0,3357;0,74048;359,1224;74,81987;0,003123017
-0,00711;0,41818;0,90776;359,103;74,83392;359,9922
-0,01044;0,49478;1,06536;359,1087;74,83175;-0,003633166
-0,01234;0,54888;1,17725;359,0521;74,81422;0,01942073
-0,00478;0,43784;0,95326;359,0922;74,83674;359,9894
-0,00232;0,39108;0,85874;359,0798;74,81738;-0,0009018613
-0,00125;0,38194;0,84244;359,0579;74,84783;-0,002267449
-7E-05;0,37273;0,8245;359,0875;74,85027;359,9831
0,00036;0,38102;0,84273;359,0806;74,83977;359,9941
-0,01173;0,58857;1,27059;359,0875;74,8527;359,9932
-0,00508;0,50822;1,10623;359,0683;74,82195;0,03339235
-0,00142;0,45655;0,99967;359,1443;74,84873;-0,004738599
0,00061;0,41244;0,90743;359,0687;74,83122;0,02705286
0,00232;0,38318;0,84682;359,0903;74,84905;0,0004811888
0,00288;0,37753;0,83349;359,0959;74,86015;-0,0001990074
0,00319;0,38302;0,84538;359,1049;74,85755;-0,003384532
-0,00099;0,5124;1,11038;359,047;74,85083;0,01596868
-0,00299;0,58088;1,25105;359,0706;74,86604;359,982
-0,00357;0,62091;1,33098;359,0547;74,83902;0,03064434
0,00075;0,51097;1,10469;359,065;74,85279;359,9909
0,00154;0,44438;0,96178;359,0322;74,83485;0,01472815
-0,00039;0,53967;1,15348;359,0684;74,84026;-0,0002388747
0,00062;0,51358;1,0996;359,0356;74,84286;359,9793
-0,00193;0,58831;1,24855;359,0191;74,82143;-0,0004670827
-0,00411;0,64207;1,35599;359,0479;74,81252;359,993
-0,00606;0,70806;1,48622;359,0614;74,79607;0,003070475
-0,00727;0,71639;1,50059;359,072;74,80845;359,9908
-0,0089;0,72589;1,51712;359,0496;74,80176;0,004261023
-0,01116;0,75116;1,56649;359,0255;74,79543;0,007812412
-0,01551;0,83444;1,73279;359,0605;74,79713;-0,004659615
-0,0196;0,93452;1,93306;359,0816;74,8159;359,9759
-0,01779;0,85712;1,78002;359,0633;74,80244;0,01517068
-0,01749;0,8357199;1,74045;359,0398;74,80043;-0,001806465
-0,01489;0,75186;1,57227;359,0851;74,80279;8,872371E-05
-0,01142;0,64017;1,34596;359,0346;74,78441;0,01857878
-0,008470001;0,54533;1,15507;359,1012;74,80145;359,984
-0,00598;0,48244;1,02856;359,0316;74,794;359,9866
-0,00396;0,42634;0,91638;359,0363;74,78285;0,01357473
-0,00218;0,37515;0,81318;359,0381;74,77182;0,01312078
-0,00072;0,33174;0,72536;359,0656;74,81094;359,959
0,00028;0,30585;0,67377;359,0514;74,78017;-3,735772E-07
-0,00375;0,3294;0,72007;359,0179;74,78845;359,9853
-0,00603;0,39642;0,85413;358,9937;74,75751;0,01023219
-0,00771;0,43097;0,92286;359,0583;74,7781;359,9913
-0,00904;0,46338;0,98862;359,0341;74,76247;0,005724458
-0,00646;0,42604;0,91411;359,0874;74,77206;359,9875
-0,00555;0,41303;0,88798;359,0403;74,78316;359,9822
-0,00446;0,39921;0,857;359,0954;74,78549;359,983
-0,00728;0,45787;0,97473;359,0961;74,79626;-0,0003190308
-0,00899;0,5081;1,07517;359,0357;74,79264;359,9933
-0,01036;0,53919;1,13698;359,1014;74,79945;0,009211564
-0,01055;0,56734;1,19324;359,0607;74,78712;0,02455927
-0,01082;0,57208;1,20192;359,05;74,79644;0,008439593
-0,01409;0,54857;1,15544;359,0376;74,80944;0,00120287
-0,01195;0,58908;1,23724;359,0424;74,79349;0,01672008
-0,00948;0,59508;1,25304;359,0299;74,80329;359,9843
-0,00984;0,60063;1,26163;359,0703;74,80527;-0,005700117
-0,01362;0,67549;1,41577;359,0299;74,79426;-0,004196846
-0,01486;0,6913;1,44856;359,0715;74,79549;0,0101788
-0,01675;0,72145;1,50807;359,0274;74,79886;0,02165936
-0,01623;0,70634;1,47767;359,059;74,80374;0,0001811312
-0,01569;0,6852199;1,43548;359,0854;74,82317;359,9942
-0,0149;0,65356;1,37321;359,0266;74,81622;0,01585201
-0,01495;0,6523;1,37094;359,067;74,83096;0,01342409
-0,01369;0,62101;1,30605;359,0186;74,85442;359,9872
-0,01536;0,62246;1,30786;359,0361;74,83556;0,009969858
-0,01558;0,60659;1,27376;359,0471;74,82854;0,001653668
-0,01541;0,58867;1,23607;359,0456;74,8357;-0,002614511
-0,01526;0,56962;1,1962;359,0369;74,82072;359,9766
-0,01519;0,56432;1,18479;359,0316;74,81837;-6,404217E-07
-0,0142;0,53402;1,1239;359,0211;74,79642;359,9813
-0,01411;0,5278;1,11126;359,0268;74,80526;-0,004259771
-0,01298;0,50507;1,06344;359,0547;74,80949;0,005792842
-0,01314;0,49514;1,04244;359,0323;74,83688;359,9671
-0,01229;0,46907;0,98935;359,0155;74,80438;0,01221023
-0,01201;0,45965;0,97008;359,0551;74,84008;359,9882
-0,01146;0,44409;0,93874;359,0385;74,81712;0,01552561
-0,01105;0,4383;0,92703;359,0335;74,80831;0,001290609
-0,01046;0,43684;0,92384;359,0093;74,81257;0,01689118
-0,00991;0,43021;0,91004;359,0319;74,80908;0,007849807
-0,00671;0,40418;0,86127;359,0467;74,81558;-0,003137839
-0,00628;0,38032;0,81518;359,0271;74,81436;0,005938479
-0,00702;0,39416;0,8445;359,031;74,8087;0,009730089
-0,00818;0,43491;0,92573;359,0778;74,83378;359,9818
-0,00883;0,47842;1,01359;359,0075;74,82608;359,9828
-0,008939999;0,43517;0,92999;359,0313;74,80848;0,0167901
-0,00956;0,44635;0,95298;359,0101;74,83745;359,9895
-0,00942;0,45636;0,97298;359,05;74,83141;-0,002987498
-0,00923;0,45665;0,97366;359,077;74,84513;359,9771
-0,00939;0,46335;0,98808;359,0338;74,8184;0,001810044
-0,01006;0,49549;1,0533;359,0456;74,81759;0,01561849
-0,01046;0,48663;1,0372;359,0327;74,82027;0,003444293
-0,01;0,48005;1,0229;359,0437;74,81348;0,003295972
-0,01041;0,47328;1,0093;359,0676;74,80067;359,992
-0,01002;0,46072;0,98261;359,0088;74,80431;0,01182248
-0,009260001;0,45739;0,97496;359,0356;74,79849;0,01162647
-0,00881;0,44982;0,95847;359,0073;74,81801;0,003542945
-0,00956;0,44138;0,93997;359,0213;74,81898;0,0006498165
-0,00948;0,42237;0,90093;359,0273;74,81409;0,007307595
-0,00875;0,41115;0,87596;359,0424;74,82494;0,004331959
-0,00796;0,39281;0,83601;359,0176;74,82529;0,01195373
-0,008140001;0,39755;0,84404;359,0063;74,84053;-0,001404669
-0,00841;0,40763;0,86315;359,053;74,83749;359,9772
-0,00861;0,42316;0,89411;358,9858;74,81317;0,001862318
-0,00878;0,42722;0,9017;359,0455;74,81324;-0,004999806
-0,00987;0,44711;0,94176;359,0262;74,81129;-0,00161029
-0,01058;0,46738;0,98168;359,0021;74,79004;0,00715987
-0,0113;0,49021;1,02741;358,9865;74,78107;0,01182998
-0,01167;0,517;1,07944;359,0294;74,79009;359,9887
-0,01189;0,5295;1,10397;359,0696;74,78807;359,9833
-0,01168;0,53095;1,10696;358,9939;74,76595;0,0009074346
-0,0107;0,5293;1,10331;359,0243;74,77061;0,00109443
-0,01043;0,5413;1,12726;359,0163;74,7776;-0,0007263483
-0,01009;0,54677;1,13812;359,0135;74,77282;0,002638605
-0,01007;0,56407;1,17293;359,0074;74,78075;-0,0005901528
-0,00916;0,55841;1,16184;359,0031;74,77364;0,003245204
-0,0082;0,54345;1,13252;359,0134;74,7793;-0,002185238
-0,00734;0,5273401;1,10113;359,0056;74,76669;0,004613367
-0,00706;0,52928;1,10615;358,9602;74,76892;0,01599744
-0,00707;0,52763;1,10475;359,0178;74,77346;-0,002604285
-0,00732;0,53769;1,12605;359,0009;74,76776;0,007135005
-0,00834;0,54689;1,14649;359,041;74,77776;359,988
-0,00895;0,55083;1,15732;358,9607;74,76855;0,01256855
-0,00975;0,56099;1,18028;359,0011;74,77308;0,0002586794
-0,01023;0,56907;1,19919;358,991;74,77208;0,004772748
-0,01102;0,57664;1,21539;359,0524;74,78677;359,9808
-0,01202;0,5923499;1,24834;358,9829;74,77116;359,9846
-0,01307;0,61344;1,29231;359,0102;74,77757;359,9858
-0,01336;0,61932;1,30504;359,0015;74,77966;0,002065699
-0,01356;0,60749;1,28047;359,0334;74,76858;0,006513992
-0,01356;0,59526;1,25607;359,0236;74,78303;-0,005195967
-0,01341;0,58445;1,23418;359,002;74,77155;0,009257804
-0,013;0,57722;1,2158;358,9778;74,78056;0,02078208
-0,01271;0,53887;1,13668;359,0056;74,78625;0,002839545
-0,01283;0,50751;1,07127;358,9907;74,78233;-0,001322541
-0,01312;0,48736;1,02946;358,98;74,77171;0,005552276
-0,01184;0,44476;0,94331;358,9709;74,77164;0,006887062
-0,0114;0,40273;0,85789;358,9547;74,77937;0,002035308
-0,01129;0,38218;0,81621;359,0061;74,78141;359,9892
-0,01089;0,36578;0,783;358,9528;74,76986;0,01260306
-0,01197;0,37991;0,80994;358,9755;74,77955;-0,002175549
-0,01248;0,38109;0,81023;358,9715;74,77613;0,002807713
-0,01391;0,41615;0,8797899;359,0052;74,78921;359,9768
-0,0151;0,43755;0,92242;358,9579;74,76856;0,001420007
-0,01438;0,4238;0,89504;358,9997;74,78153;0,0005536497
-0,01396;0,41544;0,87775;358,9714;74,77887;0,0006467843
-0,01456;0,44229;0,93089;358,9878;74,77277;-0,004461716
-0,01464;0,45041;0,9455301;358,9863;74,77173;359,9865
-0,01429;0,44833;0,94093;358,9971;74,76576;359,9918
-0,01594;0,49653;1,03757;359,0002;74,76295;359,9906
-0,01766;0,5452;1,13572;358,9791;74,77068;-0,003065587
-0,01879;0,53076;1,1074;359,0187;74,76263;359,9755
-0,02025;0,55877;1,1629;358,9652;74,76333;-0,004130964
-0,0208;0,57331;1,19189;358,9983;74,77236;359,9878
-0,02101;0,58696;1,21914;358,9688;74,76174;0,007087097
-0,02011;0,55793;1,16137;358,9824;74,76416;0,0008827277
-0,02004;0,55266;1,15126;359,0226;74,76105;-0,003276886
-0,02047;0,55319;1,1534;358,9695;74,74493;0,0019395
-0,02111;0,56381;1,1748;359,0063;74,74866;-0,003114982
-0,02014;0,54602;1,13944;359,0011;74,76187;359,9872
-0,01867;0,51841;1,08383;358,9997;74,72205;0,001394371
-0,01719;0,51071;1,06902;358,9956;74,76144;5,710489E-05
-0,01616;0,50616;1,0614;358,9945;74,76118;0,0003336634
-0,01496;0,49442;1,03772;359,026;74,76395;-0,002674993
-0,01423;0,48774;1,02453;359,0275;74,77097;359,9884
-0,01331;0,48879;1,02712;359,0141;74,77316;359,9927
-0,01258;0,48526;1,0195;359,0254;74,77344;-0,001786674
-0,0119;0,48609;1,02101;359,0101;74,77139;359,9915
-0,01154;0,4895;1,02797;359,0485;74,77011;0,004419954
-0,01172;0,49919;1,04754;359,0478;74,77412;-0,001294073
-0,01197;0,50702;1,06372;359,0485;74,78333;-0,0002736188
-0,01247;0,50728;1,06423;359,045;74,77465;0,00979345
-0,01291;0,5156;1,08045;359,0292;74,77371;0,006077019
-0,01349;0,53288;1,11596;359,031;74,77359;0,001390142
-0,01363;0,541;1,13355;359,0419;74,77903;-0,001740981
-0,01447;0,56113;1,1756;359,0026;74,77763;-0,002212142
-0,01451;0,5672801;1,19059;359,0253;74,78663;-0,002063603
-0,01466;0,58412;1,2272;358,9857;74,77616;0,003529626
-0,01463;0,59352;1,24838;359,0341;74,7893;0,009097718
-0,01428;0,58743;1,23876;359,0157;74,78498;0,006365501
-0,01381;0,58477;1,23424;359,0167;74,77238;-0,002075669
-0,01357;0,61311;1,29153;359,0344;74,79503;359,9906
-0,01289;0,60839;1,28205;358,9908;74,78186;0,006918081
-0,01275;0,6197;1,3056;358,9936;74,76575;359,9897
-0,01056;0,58855;1,24424;359,0263;74,76805;359,9895
-0,01139;0,65006;1,36799;359,004;74,75037;-0,004931394
-0,01231;0,71911;1,50577;359,0185;74,74443;0,00504825
-0,01256;0,75319;1,57305;359,0086;74,7599;359,9928
-0,01213;0,78483;1,63357;358,9869;74,76398;359,9907
-0,01045;0,8023;1,66693;359,0057;74,75934;359,9864
-0,00992;0,82201;1,70593;359,003;74,75346;0,005153358
-0,00968;0,82959;1,72212;359,0141;74,75206;-0,004280335
-0,00946;0,8896;1,8381;359,0123;74,75692;0,00157043
-0,00844;0,86768;1,7943;359,0055;74,75375;-0,004309111
-0,00617;0,79555;1,64829;359,017;74,7559;0,002397002
-0,00611;0,77743;1,61202;359,0344;74,76732;359,9778
-0,00609;0,76055;1,5798;358,9774;74,73563;0,02636985
-0,00471;0,7329;1,52423;358,9762;74,76104;0,005096294
-0,00368;0,69899;1,45755;359,0174;74,7534;0,01396798
-0,00293;0,67171;1,40113;358,9836;74,77077;0,01088578
-0,0004;0,61846;1,29405;359,0216;74,77676;359,9888
0,00131;0,5804099;1,21705;358,9802;74,74942;0,018356
0,00182;0,56778;1,19224;358,966;74,75911;0,001005536
0,00263;0,54752;1,15139;358,9962;74,76479;0,002985251
0,00235;0,56484;1,18625;358,9834;74,75941;359,9905
0,00231;0,56462;1,18495;359,0081;74,75478;359,9792
0,00239;0,56694;1,18797;359,0418;74,78178;359,9723
-0,00015;0,63137;1,31555;358,957;74,73289;0,0304956
-0,00136;0,66161;1,37485;359,0107;74,75948;0,01038381
-0,00011;0,62389;1,29849;359,015;74,77973;0,002144889
-0,00197;0,65548;1,35841;358,9879;74,76643;0,02512247
-0,00332;0,67388;1,3947;358,9901;74,79034;0,01139335
-0,00397;0,66372;1,37383;358,9799;74,82747;359,9607
-0,0041;0,63341;1,31368;358,9942;74,81086;0,02203588
-0,00419;0,60362;1,25352;358,9376;74,80905;0,005975788
-0,00417;0,57811;1,20179;358,9565;74,78811;0,02705839
-0,00453;0,56327;1,17144;358,9655;74,80058;359,9916
-0,00332;0,51921;1,08244;358,9676;74,80193;-0,001972271
-0,00294;0,48888;1,02276;358,9461;74,79391;0,008355001
-0,0041;0,49522;1,03521;358,9592;74,79152;-0,001406984
-0,00493;0,48984;1,02538;358,9876;74,80537;359,9714
-0,00535;0,47031;0,98635;358,948;74,7952;359,9932
-0,00548;0,45099;0,94723;358,9606;74,80396;-0,004411533
-0,00577;0,44209;0,92811;358,951;74,79731;0,01425587
-0,00579;0,42705;0,8967;358,9527;74,79392;-0,00138676
-0,00584;0,41989;0,8821501;358,9719;74,79425;-0,003458607
-0,00587;0,40299;0,84864;358,9048;74,80605;359,9938
-0,00605;0,39965;0,84245;358,9594;74,78934;359,9825
-0,00626;0,40078;0,84464;359,0221;74,7784;359,9745
-0,00633;0,40164;0,84682;358,9353;74,7691;359,9929
-0,00627;0,39802;0,8391;358,9522;74,76779;359,9894
-0,00617;0,39994;0,8435;358,9529;74,76734;-0,002446203
-0,00612;0,40129;0,84762;358,9439;74,75745;-2,668496E-07
-0,00601;0,40155;0,84955;358,9519;74,78995;359,987
-0,00595;0,40639;0,8591;358,9539;74,7484;0,001301955
-0,00586;0,41069;0,8686;358,9101;74,7394;0,008148503
-0,00586;0,41936;0,886;358,9565;74,75843;0,001853156
-0,00576;0,4163;0,88016;358,9276;74,74013;0,01620138
-0,00579;0,42127;0,89069;358,9644;74,75272;359,9922
-0,00562;0,4191;0,88583;358,9205;74,76234;359,9927
-0,00562;0,41699;0,88209;358,9341;74,741;0,01184917
-0,00558;0,41933;0,88645;358,9351;74,75803;-0,002216939
-0,00527;0,42667;0,90002;358,9394;74,7514;0,002959579
-0,0045;0,44698;0,94031;358,9276;74,75065;359,9913
-0,00389;0,46172;0,97148;358,9235;74,75433;359,9736
-0,00324;0,48056;1,00903;358,9323;74,73125;-0,004945222
-0,00286;0,48085;1,00932;358,9354;74,74055;-0,00322526
-0,00242;0,50302;1,05271;358,9448;74,7402;0,006115552
-0,00212;0,51519;1,07568;358,9508;74,7304;0,005752143
-0,00216;0,54147;1,1271;358,9162;74,73316;0,009905494
-0,00375;0,53756;1,12177;358,9416;74,73166;0,009600348
-0,00365;0,55554;1,15675;358,9255;74,73484;0,001961089
-0,00418;0,58169;1,2096;358,9328;74,75068;359,9905
-0,00532;0,5889601;1,22462;358,9488;74,72791;0,005326791
-0,00649;0,58167;1,21133;358,9028;74,74759;-5,347738E-05
-0,00771;0,5641;1,17742;358,9515;74,75357;0,001382758
-0,00856;0,56101;1,17117;358,893;74,73637;0,01681976
-0,00963;0,55726;1,16509;358,9346;74,76394;-0,004933957
-0,0099;0,53261;1,11665;358,9086;74,75176;0,008256262
-0,01047;0,51369;1,0803;358,9482;74,74411;359,9929
-0,01066;0,50995;1,07375;358,931;74,7591;359,9838
-0,0105;0,51485;1,08339;358,9431;74,72281;-0,0052793
-0,01022;0,5079;1,06868;358,9129;74,7205;0,008277546
-0,0101;0,4932;1,03912;358,9484;74,74464;-4,749916E-05
-0,01013;0,47861;1,01009;358,9488;74,75529;359,9797
-0,01013;0,46934;0,99212;358,9233;74,73463;0,0009814261
-0,00992;0,45648;0,96659;358,9374;74,73919;-0,000941714
-0,00949;0,44467;0,94218;358,938;74,73306;359,99
-0,00923;0,43806;0,92771;358,9494;74,7383;0,009340679
-0,00883;0,42499;0,90027;358,9805;74,7399;-0,001011775
-0,00838;0,4075;0,86375;358,9209;74,74072;359,9911
-0,00748;0,39906;0,84497;358,9097;74,73891;0,01084254
-0,00068;0,39041;0,81722;358,9327;74,73759;0,005876582
-0,0018;0,51719;1,03361;358,9398;74,72651;0,01423324
-0,01585;0,25174;0,52386;358,9221;74,74685;0,007872866
-0,01638;0,1335;0,37385;358,9309;74,75028;0,004082336
-0,01473;0,11133;0,38225;358,9565;74,73528;0,01075965
-0,01321;0,08385;0,28401;358,9529;74,7541;359,9932
-0,0107;0,10765;0,32134;358,9541;74,73344;0,007541678
-0,00162;0,21627;0,53312;358,936;74,7608;-0,002427804
-0,00694;0,52065;1,13875;358,9255;74,75052;0,0188825
-0,00118;0,41478;0,90162;358,9656;74,77034;359,9744
0,00067;0,29221;0,63774;358,968;74,7722;359,9915
0,0002;0,25514;0,55997;358,9344;74,75427;359,9926
0,00011;0,25544;0,55977;358,9636;74,74986;-0,004763822
-0,005;0,30474;0,65758;358,9626;74,76094;-0,005464193
-0,00246;0,27756;0,60282;358,9913;74,73985;-0,002499276
-0,00079;0,25714;0,56362;358,9691;74,75626;0,0073794
-0,00034;0,23577;0,52132;358,9232;74,7552;0,007780585
-0,00021;0,22944;0,50941;358,9537;74,75951;0,006163086
-0,00318;0,26304;0,57641;358,9056;74,76347;0,00107387
-0,00552;0,2921;0,63549;358,9675;74,77297;359,9835
-0,00415;0,27894;0,6109;358,9278;74,75501;0,02027219
-0,00338;0,26635;0,58683;358,9183;74,76841;0,007962804
-0,00291;0,2599;0,57506;358,9496;74,75785;-0,005587713
-0,00218;0,24895;0,55462;358,9404;74,77579;359,9934
-0,00148;0,22299;0,50386;358,9019;74,85197;359,8661
-0,00445;0,26633;0,59088;358,982;74,6711;0,124283
-0,0063;0,29228;0,64442;358,8982;74,72583;0,00959264
-0,00769;0,30702;0,67438;358,929;74,75661;359,9744
-0,008640001;0,32048;0,70279;358,9336;74,73375;359,9931
-0,008939999;0,32137;0,70487;358,9188;74,727;359,9923
0,00401;0,21362;0,48802;358,9258;74,72382;359,9879
-0,00212;0,2712;0,60453;358,9392;74,71482;359,9832
0,00564;0,19106;0,44233;358,9098;74,69261;359,9941
0,00831;0,16982;0,39844;358,9564;74,68221;359,9793
0,00191;0,24159;0,5437;358,9354;74,69586;359,9897
-0,00163;0,27952;0,62098;358,932;74,66689;-0,003640589
-0,00177;0,2918;0,64771;358,9242;74,66656;359,99
-0,0007799999;0,27473;0,61277;358,948;74,67274;359,979
0,0004;0,25097;0,56381;358,9366;74,66228;0,005201926
0,00126;0,23164;0,52454;358,949;74,67542;359,984
0,00136;0,22412;0,50858;358,9316;74,66437;0,008900643
-0,0009;0,24377;0,54456;358,9002;74,65276;0,003345274
-0,00306;0,26801;0,59097;358,9276;74,64755;0,0005185449
-0,00447;0,25389;0,55485;358,9104;74,65491;0,008847172
-0,00486;0,27336;0,59296;358,9391;74,63872;0,003357133
-0,0052;0,28245;0,60991;358,9413;74,63861;-0,001523606
-0,00503;0,26302;0,56666;358,9156;74,62536;-0,00250937
-0,00493;0,24091;0,51715;358,932;74,63515;0,0007225247
-0,00529;0,23988;0,51219;358,9441;74,63023;-0,00119191
-0,00581;0,24728;0,52443;358,9303;74,63326;-0,0005204657
-0,00672;0,24238;0,51097;358,9472;74,63182;0,0005480552
-0,00733;0,25505;0,53633;358,9291;74,63017;359,9833
-0,00769;0,26106;0,54826;358,9434;74,65015;359,9913
-0,00751;0,27624;0,58169;358,9754;74,63171;-0,005335283
-0,00737;0,27756;0,58562;358,9267;74,64607;0,005996465
-0,00634;0,26195;0,55599;358,9458;74,65056;0,02613289
-0,00659;0,27921;0,59322;358,9436;74,67207;0,009593777
-0,007;0,30629;0,65233;358,9177;74,70414;0,01662129
-0,00727;0,31898;0,68081;358,9206;74,69279;0,009493032
-0,0075;0,32133;0,68789;358,9019;74,69701;-0,003391865
-0,00785;0,34697;0,7439;358,927;74,70287;0,01189884
-0,00868;0,37773;0,81144;358,8919;74,70765;-0,005455567
-0,008479999;0,36795;0,7913401;358,9235;74,68977;0,02660428
-0,009409999;0,37865;0,81297;358,9168;74,70657;0,006119982
-0,01018;0,38722;0,83087;358,9255;74,71075;0,001763352
-0,01343;0,43488;0,92732;358,9473;74,71013;0,004051359
-0,0156;0,47765;1,01414;358,9097;74,69173;0,007391443
-0,01715;0,50765;1,07615;358,9272;74,72386;359,9934
-0,01736;0,51067;1,08199;358,9277;74,71618;0,003800172
-0,01691;0,50149;1,06367;358,9528;74,74554;359,986
-0,01527;0,44601;0,94569;358,9196;74,72472;0,004229173
-0,01481;0,42322;0,89844;358,9522;74,73473;-0,002769625
-0,01363;0,41759;0,8867199;358,9652;74,75436;359,9782
-0,01253;0,40334;0,85663;358,9103;74,74238;-0,002394841
-0,01217;0,40336;0,85607;358,9813;74,73151;359,9884
-0,01183;0,40298;0,85482;358,9001;74,74849;0,009925827
-0,01112;0,39684;0,84157;358,9792;74,75503;359,9884
-0,01021;0,40198;0,8510301;358,9328;74,76188;359,9899
-0,00935;0,39559;0,8369;358,9134;74,75415;-0,002069493
-0,009029999;0,38695;0,81788;358,9792;74,72324;-0,001180209
-0,0094;0,42138;0,88977;358,9398;74,74138;0,003264748
-0,00939;0,43472;0,91715;358,9585;74,72555;0,008968293
-0,00924;0,4397;0,92716;358,9084;74,70611;0,01124378
-0,00906;0,44402;0,93546;358,9918;74,74986;359,9928
-0,00882;0,43739;0,92116;358,9695;74,73898;359,9891
-0,0089;0,43665;0,91906;358,9593;74,71448;0,001622277
-0,00906;0,43482;0,91529;358,9657;74,72888;-0,003595453
-0,009020001;0,43725;0,92017;358,9327;74,7233;0,007549521
-0,00962;0,45222;0,95014;359,0368;74,74548;359,9618
-0,009819999;0,45627;0,95809;358,951;74,72758;359,9902
-0,00946;0,45383;0,95327;358,987;74,73192;359,9644
-0,00922;0,44898;0,94313;358,9961;74,7577;359,9878
-0,00921;0,4543;0,95336;358,9795;74,72899;0,006862974
-0,009260001;0,45665;0,95863;358,9584;74,7368;0,007312498
-0,00942;0,46761;0,98148;358,9899;74,70652;0,01994661
-0,00907;0,45905;0,96499;358,9727;74,73452;359,9838
-0,008939999;0,49724;1,04124;358,9448;74,70721;0,0106973
-0,00913;0,48016;1,00796;358,9782;74,72452;0,005033423
-0,00906;0,4789;1,00812;358,9575;74,71017;359,9939
-0,00995;0,52934;1,11277;358,9443;74,71973;359,9917
-0,01063;0,55952;1,17473;359,0101;74,7307;0,00289878
-0,01142;0,5786;1,21503;358,9576;74,70084;0,006013482
-0,01139;0,57484;1,20766;358,9843;74,72687;-0,0005696099
-0,01118;0,5862;1,22968;358,9886;74,69263;0,009749587
-0,01111;0,60562;1,26851;358,9822;74,70247;0,0008687449
-0,01142;0,63687;1,33237;358,9554;74,71238;0,001102885
-0,01362;0,72142;1,50105;358,9859;74,71025;359,9922
-0,01355;0,76271;1,58232;359,0158;74,71517;359,9725
-0,01193;0,74012;1,53757;358,9659;74,69693;0,008898677
-0,01083;0,72473;1,50336;359,0034;74,70813;359,9913
-0,0101;0,7086599;1,46971;358,9891;74,69731;359,9882
-0,00921;0,70502;1,46097;358,9403;74,68924;359,9918
-0,00879;0,71233;1,4755;358,992;74,69874;-0,004959058
-0,00872;0,70465;1,46336;358,9324;74,68622;359,9939
-0,00877;0,72676;1,50811;358,9561;74,68484;0,0009151304
-0,008859999;0,74725;1,54869;358,9619;74,67913;359,9941
-0,00881;0,7736501;1,60654;358,9807;74,67564;0,00951073
-0,008979999;0,77893;1,6189;358,9464;74,66361;0,002222481
-0,00986;0,78634;1,63244;358,9666;74,67652;359,9896
-0,01058;0,80287;1,66735;358,9545;74,67954;-0,001339954
-0,01145;0,81444;1,69129;358,9454;74,66193;0,02007065
-0,01219;0,82404;1,71039;358,9677;74,68523;-0,0007038906
-0,0132;0,85802;1,77988;358,9504;74,6995;0,01101451
-0,01396;0,88103;1,82389;358,9636;74,70767;359,9872
-0,01445;0,87551;1,81029;358,9778;74,70196;0,009090506
-0,01399;0,84295;1,7411;358,9474;74,6984;0,01994053
-0,01413;0,83049;1,71313;358,9432;74,71012;359,993
-0,01387;0,81969;1,68916;358,9305;74,69328;-0,003446751
-0,01135;0,76186;1,57395;358,9366;74,69074;-8,539207E-07
-0,00837;0,67987;1,40953;358,9519;74,69318;-0,002882235
-0,00562;0,60897;1,2683;358,9378;74,68494;-0,001280613
-0,002;0,47573;1,00532;358,9517;74,69051;0,01267639
0,00521;0,33414;0,72073;358,9449;74,68696;359,9925
0,0038;0,35408;0,75974;358,9111;74,69215;0,0008711665
0,00352;0,35002;0,75188;358,9604;74,70642;0,002951074
0,00366;0,33492;0,72261;358,9441;74,71405;0,02821977
0,0043;0,31543;0,68393;358,9333;74,71457;0,005788468
0,00497;0,29479;0,64315;358,9382;74,71677;359,9938
0,00604;0,27776;0,60841;358,9414;74,69997;0,02517573
0,00609;0,27259;0,59805;358,9919;74,71496;-0,001742021
0,007;0,26608;0,58464;358,9263;74,70066;0,01235611
0,008090001;0,26159;0,57532;358,9572;74,69614;0,005142543
0,00631;0,29065;0,63392;358,936;74,69898;-0,0002963639
0,0087;0,2915;0,63388;358,9304;74,69711;359,9914
0,00957;0,28114;0,61332;358,949;74,70747;0,006154394
0,00927;0,28584;0,62349;358,9309;74,71975;0,0107163
0,00928;0,29222;0,63647;358,9134;74,71353;0,006031874
0,008640001;0,31119;0,6744699;358,9489;74,71637;0,007892705
0,00829;0,32783;0,70752;358,914;74,70998;0,003461393
0,008;0,33655;0,72535;358,9572;74,73742;0,0007628129
0,00777;0,34399;0,74098;358,9233;74,70967;0,007581408
0,00746;0,34868;0,75071;358,9418;74,72931;0,01148858
0,00728;0,35288;0,75907;358,951;74,74005;359,9929
0,00647;0,36878;0,79099;358,9437;74,73697;0,00242054
0,00598;0,37412;0,8019699;358,9365;74,72169;0,001152206
0,0055;0,37837;0,81112;358,9544;74,74128;359,9914
0,00523;0,38496;0,82516;358,9122;74,72634;0,01621987
0,00483;0,38806;0,83195;358,9478;74,73392;0,008122625
0,00462;0,3882;0,83206;358,955;74,73875;0,01242138
0,0046;0,38802;0,83108;358,9425;74,73557;-0,002995708
0,00467;0,38466;0,82398;358,946;74,75079;359,9894
0,00356;0,44413;0,93906;358,9286;74,72457;0,009453836
0,00227;0,47186;0,99365;358,9476;74,74825;359,9907
0,00337;0,43296;0,91812;358,913;74,73653;0,01027024
0,00181;0,48486;1,0197;358,9237;74,73803;359,9858
0,00086;0,52146;1,09129;358,9193;74,72608;0,01092817
0,00218;0,48385;1,01663;358,9457;74,73863;359,9918
0,00077;0,52886;1,10591;358,9479;74,73908;0,004527311
0,00165;0,50513;1,06089;358,9504;74,75604;0,003352958
0,00035;0,55489;1,15946;358,9248;74,74837;0,02223415
-0,00077;0,5941;1,23667;358,9394;74,75364;359,9921
-0,00193;0,62103;1,29003;358,9284;74,7576;0,01202628
-0,00237;0,63498;1,31927;358,9328;74,76039;-0,004031258
-0,004;0,67699;1,40096;358,9016;74,84743;359,88
-0,00464;0,69198;1,43177;358,9651;74,76006;0,007513794
-0,00464;0,69887;1,44536;358,979;74,68451;0,115449
-0,00566;0,72766;1,50121;358,9381;74,73528;0,03020967
-0,0061;0,74771;1,53971;358,9661;74,76514;359,9853
-0,00735;0,79239;1,62601;358,9212;74,75834;0,002556918
-0,00816;0,81278;1,66598;358,947;74,75688;0,0009652473
-0,00846;0,82882;1,69799;358,9524;74,76921;359,9872
-0,008520001;0,84254;1,72786;358,9175;74,76266;-0,00373107
-0,00899;0,86877;1,77897;358,9395;74,75986;-0,003081423
-0,00908;0,86307;1,7688;358,9464;74,75174;0,008149419
-0,00907;0,86725;1,77523;358,9417;74,74612;359,9937
-0,00975;0,87902;1,79668;358,9612;74,75212;359,9808
-0,01038;0,88605;1,81096;358,9387;74,74274;-0,002290214
-0,01018;0,86914;1,77763;358,933;74,75189;359,9894
-0,0104;0,86819;1,7773;358,9153;74,76411;359,9904
-0,01081;0,8714;1,78537;358,9526;74,73167;0,001692142
-0,01055;0,85868;1,76053;358,9392;74,73773;0,009800814
-0,01;0,82966;1,70207;358,9489;74,73159;359,9929
-0,00934;0,80182;1,64937;358,9435;74,73289;359,9908
-0,00875;0,79149;1,62682;358,9339;74,73386;0,009091541
-0,00842;0,7744;1,59397;358,9618;74,7467;-0,004860691
-0,00766;0,74267;1,53232;358,9496;74,73515;359,982
-0,00713;0,74005;1,52705;358,9551;74,72225;0,01283878
-0,00688;0,73515;1,51739;358,929;74,73928;0,004086128
-0,00687;0,74192;1,53035;358,9532;74,7383;-0,004207191
-0,00608;0,7259001;1,49883;358,9579;74,72932;0,004520678
-0,00604;0,69463;1,4345;358,9491;74,72625;359,9822
-0,006;0,69272;1,42929;358,9383;74,71323;359,9828
-0,00623;0,70348;1,44931;358,9451;74,70876;359,9886
-0,00602;0,69753;1,43893;358,9305;74,7025;359,994
-0,00625;0,7;1,44492;358,9533;74,70069;359,9785
-0,00662;0,70754;1,46108;358,9184;74,69521;0,01423489
-0,00704;0,70005;1,44834;358,951;74,69305;-0,002133137
-0,00726;0,69403;1,43704;358,9323;74,6879;0,009760328
-0,00767;0,68119;1,41265;358,9132;74,69787;0,009310742
-0,008359999;0,68953;1,4285;358,9208;74,69711;-6,895445E-05
-0,00918;0,71082;1,47242;358,901;74,70255;0,006387775
-0,009810001;0,72153;1,4959;358,9144;74,69925;0,008840332
-0,01068;0,72154;1,49814;358,9173;74,69254;0,01443125
-0,01153;0,73546;1,52598;358,9124;74,79035;359,8767
-0,01184;0,73461;1,52313;358,9656;74,6187;0,1291211
-0,01185;0,73961;1,53199;358,9193;74,68758;0,00636596
-0,01182;0,75376;1,55774;358,923;74,68416;0,01008602
-0,01168;0,75781;1,56245;358,9435;74,69987;359,9774
-0,01162;0,75467;1,55261;358,9172;74,70469;359,9749
-0,01206;0,75016;1,54136;358,899;74,70197;-0,001680163
-0,01315;0,7749;1,59248;358,935;74,70427;359,986
-0,01379;0,75645;1,55443;358,9154;74,68932;0,000780222
-0,01441;0,74219;1,52486;358,9501;74,68333;0,0007852833
-0,01509;0,7256;1,4903;358,8786;74,67213;0,00675016
-0,01512;0,71745;1,47333;358,9215;74,68156;359,9575
-0,01585;0,72054;1,4796;358,9388;74,67068;0,004065407
-0,01706;0,73015;1,49765;358,8841;74,65976;359,9841
-0,01832;0,75409;1,54543;358,916;74,67574;-0,003263761
-0,01939;0,77395;1,58432;358,939;74,66469;-0,004123046
-0,01931;0,77634;1,58845;358,9087;74,66428;0,02053549
-0,01966;0,78302;1,59996;358,9111;74,67378;0,00660241
-0,02075;0,81209;1,65513;358,9208;74,67884;0,005908628
-0,02124;0,82146;1,67196;358,9548;74,67767;359,9929
-0,02102;0,82157;1,67139;358,9374;74,68966;0,01417946
-0,02138;0,82717;1,68079;358,8937;74,67985;0,002885813
-0,02152;0,83472;1,69391;358,9692;74,68786;0,009486586
-0,0209;0,81213;1,65;358,8951;74,67832;359,9901
-0,02075;0,80193;1,62849;358,9189;74,69338;-0,003366014
-0,02079;0,79342;1,6111;358,9105;74,69158;0,01625372
-0,02094;0,78433;1,59312;358,9107;74,67756;359,9933
-0,0197;0,72752;1,48664;358,9254;74,68427;359,972
-0,01907;0,72575;1,48278;358,9237;74,68723;-0,0006519711
-0,01862;0,71802;1,46763;358,9351;74,6882;0,0009481728
-0,01824;0,69093;1,4159;358,91;74,65828;0,01458403
-0,01863;0,69486;1,42496;358,9556;74,67036;0,007280056
-0,01883;0,68538;1,40786;358,9046;74,65166;-0,004292011
-0,0189;0,6796;1,3962;358,9076;74,66551;0,01030196
-0,01849;0,6654601;1,369;358,9116;74,65562;0,002270647
-0,01794;0,65005;1,33812;358,9346;74,66475;359,9922
-0,01783;0,64835;1,33476;358,8943;74,64164;-0,004138425
-0,01749;0,6486;1,33394;358,9182;74,64447;0,00339745
-0,01748;0,64777;1,3317;358,9127;74,64391;-0,001091052
-0,01756;0,64777;1,3304;358,9371;74,6429;0,001957399
-0,01757;0,64184;1,3178;358,9225;74,63058;0,00112147
-0,0173;0,63239;1,29703;358,899;74,63477;0,003356804
-0,01744;0,62669;1,28364;358,9125;74,63896;-0,00389156
-0,01737;0,6204;1,2698;358,9218;74,637;359,9933
-0,01726;0,61528;1,25885;358,9277;74,62141;359,9891
-0,01768;0,60808;1,24547;358,9402;74,62491;-0,000998232
-0,01771;0,59648;1,22316;358,9147;74,61201;359,9747
-0,01795;0,58125;1,19339;358,9254;74,61923;359,9877
-0,0181;0,564;1,16046;358,9395;74,61903;359,9878
-0,01821;0,55353;1,14111;358,9242;74,61487;359,9891
-0,01888;0,5500301;1,13596;358,9429;74,62044;-0,00471358
-0,01919;0,54455;1,12718;358,9506;74,62962;359,9814
-0,01933;0,53815;1,11605;358,936;74,62639;-0,003009484
-0,01941;0,5285;1,09917;358,9333;74,62724;-0,003576063
-0,01989;0,52423;1,09238;358,9413;74,6289;359,9926
-0,02017;0,5252;1,09574;358,9457;74,62107;359,9938
-0,02081;0,52638;1,09934;358,9555;74,62892;-0,00311455
-0,02158;0,5334;1,11459;358,9428;74,61829;0,007337779
-0,02197;0,5392801;1,12732;358,9405;74,62953;0,001022942
-0,02075;0,52769;1,10353;358,941;74,63346;-0,002717065
-0,02061;0,53301;1,11454;358,9652;74,63009;0,007284359
-0,02083;0,5388401;1,1273;358,9507;74,63165;-0,003369502
-0,02114;0,54217;1,13472;358,9654;74,63272;359,9921
-0,02196;0,56278;1,1765;358,931;74,64086;0,008986837
-0,0223;0,57438;1,19939;358,9746;74,64399;-0,003380418
-0,02281;0,58866;1,22823;358,9687;74,63209;0,003195392
-0,02382;0,61814;1,28526;358,966;74,63893;359,9865
-0,02469;0,64499;1,33582;358,9731;74,633;359,9874
-0,02451;0,65252;1,34861;358,9778;74,63034;-0,005295893
-0,02512;0,67893;1,39887;358,9844;74,62495;-0,001085103
-0,02455;0,67823;1,39573;358,9491;74,62176;0,002013483
-0,02406;0,68247;1,40249;359,0079;74,61197;0,002495368
-0,02312;0,70734;1,45023;358,9614;74,62921;359,993
-0,02305;0,70928;1,45233;358,9585;74,6264;0,001460514
-0,02311;0,74314;1,51935;358,9609;74,62511;-0,00340605
-0,02276;0,75875;1,55018;358,9677;74,61765;-0,003451513
-0,02282;0,75824;1,54769;358,957;74,62108;0,0119443
-0,02292;0,77697;1,5845;358,9645;74,59987;0,01486684
-0,02267;0,77667;1,58333;358,9533;74,60562;0,001237324
-0,02418;0,79085;1,61313;358,962;74,59843;0,007755779
-0,02509;0,80462;1,64155;358,942;74,59142;-5,016775E-06
-0,02579;0,80137;1,63607;358,9512;74,58256;359,9821
-0,02682;0,81036;1,65625;358,9522;74,56184;-0,005140631
-0,02789;0,82027;1,67796;358,9419;74,57856;359,9735
-0,02748;0,8052199;1,64933;358,9619;74,54017;-0,001104858
-0,02786;0,78766;1,61359;358,9118;74,55135;0,003658653
-0,02799;0,79064;1,61992;358,9729;74,56588;359,9818
-0,02757;0,75255;1,54391;358,944;74,55035;359,9881
-0,02871;0,74625;1,53078;358,9406;74,56201;359,984
-0,02793;0,72879;1,4958;358,9341;74,53558;-0,004135488
-0,02885;0,73789;1,51468;358,9444;74,54311;359,9922
-0,02888;0,7409;1,52157;358,9522;74,53314;-0,003193861
-0,0285;0,73319;1,50619;358,9413;74,53287;-0,001712642
-0,02872;0,7294;1,49782;358,9053;74,51978;-0,002575238
-0,02885;0,74838;1,53404;358,9647;74,53975;0,0111322
-0,02853;0,71515;1,4651;358,9041;74,51573;0,004503359
-0,02888;0,7136;1,46083;358,9488;74,5194;0,01511359
-0,02921;0,72519;1,48337;358,9415;74,54028;0,003468354
-0,02895;0,74532;1,52596;358,9509;74,53162;0,002533091
-0,02871;0,73953;1,51371;358,9018;74,51746;0,006082013
-0,02852;0,7325301;1,49768;358,9958;74,55132;0,007240687
-0,02928;0,74602;1,52161;358,9277;74,54238;0,0006705966
-0,02956;0,74458;1,51611;358,9146;74,54053;-0,002979671
-0,029;0,73325;1,49299;358,9515;74,54139;0,0222457
-0,0292;0,73247;1,49218;358,9601;74,57193;359,9814
-0,02916;0,73488;1,49698;358,9578;74,56091;6,38835E-05
-0,02933;0,74335;1,51355;358,9704;74,56389;-0,0007389002
-0,02907;0,74465;1,51622;358,9783;74,57027;0,0129411
-0,02728;0,73624;1,49966;358,9505;74,58088;0,007907856
-0,02581;0,69481;1,41783;358,9828;74,58519;0,01871484
-0,02488;0,67098;1,37023;358,9427;74,59229;0,01414565
-0,02467;0,65945;1,34772;358,938;74,59629;0,006896261
-0,02428;0,65666;1,34141;358,9725;74,60234;0,007143874
-0,02389;0,66176;1,35272;358,9354;74,61575;-0,002385909
-0,0235;0,66569;1,36181;358,9413;74,61911;0,002292827
-0,02341;0,66905;1,36894;359,008;74,59987;0,03061553
-0,02331;0,67946;1,39169;358,9197;74,65748;0,004570689
-0,02335;0,69195;1,41826;358,9326;74,64697;0,01141774
-0,02478;0,72026;1,47501;358,8799;74,67873;0,01661281
-0,02509;0,73644;1,50769;358,9873;74,62967;359,9848
-0,02484;0,74561;1,52723;358,9306;74,65915;-0,00489922
-0,02496;0,7584;1,55394;358,9473;74,66831;-0,0003985661
-0,02486;0,77013;1,57848;358,9379;74,65561;-0,00202139
-0,02421;0,77402;1,58568;358,9302;74,65125;0,0040667
-0,02385;0,78136;1,59921;358,9413;74,66357;-0,003551931
-0,02316;0,78459;1,60542;358,9594;74,66507;359,9891
-0,02199;0,76971;1,57522;358,9599;74,65009;0,003858732
-0,02136;0,76911;1,57279;358,9081;74,68182;-0,001077658
-0,02051;0,76919;1,5726;358,9402;74,65881;0,006276898
-0,02052;0,7913401;1,61586;358,9539;74,66061;359,9904
-0,01985;0,7943;1,61994;358,9724;74,65085;0,001458533
-0,01849;0,78382;1,59792;358,9638;74,6673;359,9896
-0,01841;0,78382;1,59764;358,9343;74,65735;0,006556781
-0,01844;0,77912;1,58858;358,9542;74,65269;0,001971852
-0,01801;0,7667;1,5639;358,9362;74,65229;0,006694365
-0,01796;0,76109;1,55376;358,9579;74,651;359,9853
-0,0183;0,76251;1,55636;358,9578;74,64231;0,01173001
-0,01749;0,74101;1,51342;358,9532;74,65872;-0,003329793
-0,01719;0,72418;1,48088;358,9566;74,64369;0,01216306
-0,01706;0,72032;1,4759;358,9707;74,64526;359,9744
0,00174;0,28837;0,62512;358,9681;74,66743;-0,002964516
0,00112;0,33277;0,69779;358,9572;74,66202;0,02311884
-0,02667;0,20263;0,47343;358,9448;74,66587;359,9809
-0,04042;0,22696;0,66504;358,9185;74,69394;0,0197141
-0,05965;0,14843;0,68858;358,9576;74,66189;-0,001030889
-Infini;+Infini;+Infini;358,9738;74,67993;-0,003672456
-0,06214;0,25912;0,80156;358,9581;74,66273;0,009264015
-0,04097;0,28824;0,79284;358,9888;74,67093;0,01509531
-0,03461;0,46923;1,16255;358,9477;74,66061;0,01103443
0,00145;0,26426;0,62323;358,9344;74,67709;0,0001095154
-0,00548;0,46602;0,99012;358,9516;74,6688;0,008213342
0,00011;0,36717;0,77974;358,9449;74,67656;359,9925
0,00414;0,31561;0,67263;358,9483;74,6846;0,005495706
0,00245;0,33265;0,70286;358,9301;74,67271;0,008719988
0,00252;0,28353;0,60562;358,927;74,69073;0,005032651
0,00221;0,27119;0,58359;358,9528;74,67562;0,01318927
0,0042;0,26071;0,56277;358,9307;74,69324;0,01649869
0,00252;0,25497;0,55064;358,9417;74,69872;-0,003518575
0,00147;0,25352;0,5488;358,9265;74,68977;0,005191108
0,00129;0,25495;0,5532801;358,9241;74,67222;359,9898
0,00044;0,24171;0,5289;358,9357;74,68598;359,9923
0,00073;0,2514;0,54888;358,9459;74,67428;0,001019845
0,00027;0,25257;0,55289;358,9311;74,67098;-0,003514264
0,0001;0,26198;0,57258;358,9324;74,66737;0,00601113
-0,00024;0,26099;0,57226;358,9444;74,67989;359,9774
-0,00022;0,25884;0,56856;358,9172;74,66965;-0,004396332
-0,0002;0,25956;0,57112;358,9397;74,67612;-0,005528009
0,00053;0,26278;0,57827;358,9414;74,67387;-0,002954081
0,00104;0,26565;0,58452;358,9063;74,674;0,0003371953
0,00205;0,26692;0,58697;358,9598;74,66814;359,987
0,00342;0,26338;0,57854;358,9351;74,65691;0,000108448
0,0009;0,25809;0,56994;358,993;74,64391;359,986
-0,00277;0,30871;0,67067;358,9412;74,64951;-0,004399927
-0,00366;0,33983;0,73104;358,9333;74,62607;0,01214655
-0,00443;0,35559;0,76139;358,9662;74,66479;0,003139249
-0,00323;0,31163;0,67679;358,9027;74,64285;359,9938
-0,00249;0,29343;0,64108;358,9283;74,65633;-0,0009533516
-0,00196;0,28914;0,63339;358,9047;74,67075;359,9771
-0,00167;0,29353;0,64265;358,9468;74,64066;359,9872
-0,0015;0,29895;0,65331;358,9361;74,64812;359,9905
0,00145;0,25603;0,56873;358,9346;74,63805;-0,0008611796
0,00088;0,27149;0,59986;358,9383;74,63403;359,9627
0,00135;0,27482;0,60686;358,9865;74,62486;359,981
0,0035;0,24412;0,54587;358,9432;74,61544;0,004770578
0,00401;0,2394;0,53659;358,9847;74,60346;0,01078261
0,00412;0,23884;0,53593;358,9446;74,60512;0,00469351
0,00373;0,24653;0,55184;358,9334;74,61098;0,003806889
0,0039;0,24284;0,54429;358,9393;74,60601;0,0005493907
0,00081;0,29517;0,64796;358,9257;74,59669;-0,004971758
-0,00098;0,3225;0,70191;358,9411;74,58391;0,01051762
-0,00198;0,34152;0,74017;358,9279;74,59262;5,155561E-05
-0,00022;0,31284;0,68358;358,9318;74,58934;0,003430311
-0,00217;0,34562;0,74907;358,9368;74,59551;0,0007109423
-0,00243;0,35101;0,76083;358,9251;74,58844;0,0008406346
-0,0029;0,35623;0,77161;358,9239;74,58639;-0,004976777
-0,003;0,35917;0,77824;358,9107;74,58717;359,9887
-0,00276;0,35775;0,77517;358,9235;74,57966;-0,002005442
-0,00268;0,35652;0,77325;358,9417;74,57165;-0,00353672
-0,00198;0,34404;0,74848;358,9355;74,57852;-0,003164258
-0,00375;0,376;0,81233;358,9508;74,57326;0,001329548
-0,00478;0,39752;0,85473;358,9539;74,56618;-0,005273731
-0,00586;0,42478;0,90873;358,9188;74,57612;359,993
-0,00551;0,41868;0,8964;358,9411;74,57093;-0,001822905
-0,00586;0,42457;0,90736;358,9391;74,57497;-0,0001437788
-0,00483;0,40097;0,86036;358,9516;74,5738;0,003392717
-0,00375;0,37798;0,814;358,9561;74,57997;-0,004792173
-0,00532;0,40495;0,86761;358,93;74,57638;-0,004000146
-0,00543;0,41055;0,87911;358,9464;74,58054;-0,005700543
-0,00742;0,45097;0,96061;358,92;74,55962;0,02264247
-0,0101;0,49754;1,05246;358,9276;74,57884;-0,001936698
-0,00974;0,49066;1,03881;358,9385;74,57159;-0,00097998
-0,00977;0,48429;1,02528;358,9497;74,57348;0,001402452
-0,009930001;0,48492;1,02673;358,935;74,57082;0,002706023
-0,01035;0,48911;1,03645;358,9641;74,5788;-0,001842158
-0,01085;0,4984;1,05671;358,9295;74,57776;359,9933
-0,01219;0,5195301;1,09981;358,9461;74,57747;0,005066189
-0,01258;0,52888;1,11961;358,9453;74,57803;-0,004226576
-0,01458;0,5757;1,21175;358,9152;74,57951;359,9822
-0,01842;0,6497;1,35836;358,9486;74,58097;-3,20219E-07
-0,01763;0,65137;1,36178;358,9636;74,5741;359,9766
-0,01705;0,64555;1,34961;358,9502;74,57659;-0,003238907
-0,01626;0,63695;1,33635;358,9493;74,57018;1,547725E-06
-0,01605;0,63331;1,33205;358,9712;74,57327;0,00709547
-0,01604;0,63863;1,34438;358,9557;74,56669;0,01288462
-0,01574;0,63796;1,34418;358,9814;74,57525;-0,001937145
-0,01562;0,64037;1,34931;358,9226;74,59253;0,004266261
-0,01528;0,638;1,34396;358,9508;74,58205;0,007132287
-0,01523;0,63606;1,34103;358,9491;74,59904;0,002668919
-0,01437;0,6183;1,30551;358,941;74,58389;0,006327489
-0,01401;0,60836;1,28737;358,9469;74,58208;0,001011786
-0,01386;0,59991;1,27214;358,9488;74,5809;0,003445663
-0,01405;0,60031;1,27173;358,9317;74,57132;0,0107092
-0,01482;0,61898;1,30912;358,9229;74,58148;359,994
-0,01469;0,62717;1,32178;358,9261;74,58481;359,9755
-0,01549;0,64232;1,35244;358,9217;74,54855;0,003317765
-0,01509;0,63999;1,34894;358,9576;74,55745;359,9711
-0,01516;0,64639;1,36205;358,9427;74,55427;359,9793
-0,01543;0,62776;1,32378;358,9427;74,53851;0,009227983
-0,01552;0,64526;1,35937;358,9234;74,54958;359,9788
-0,01546;0,64556;1,35769;358,9443;74,55653;0,01698295
-0,0144;0,63505;1,33506;358,9803;74,5828;359,9793
-0,01349;0,62702;1,31751;358,9654;74,56129;0,005757774
-0,0123;0,60523;1,27124;358,9409;74,56937;0,009325974
-0,01172;0,58939;1,23718;358,8972;74,56908;0,02183338
-0,01078;0,57939;1,216;359,0013;74,5779;359,9936
-0,01018;0,57224;1,19901;358,9522;74,56523;-0,001623562
-0,01005;0,57273;1,19756;358,9346;74,53916;0,02636978
-0,01019;0,57236;1,19557;358,9324;74,54455;0,007213932
-0,01424;0,60831;1,27173;358,9463;74,56277;359,987
-0,01257;0,58285;1,21777;358,9348;74,5485;-5,337007E-08
-0,01313;0,58721;1,22478;358,9249;74,53389;0,001699416
-0,01637;0,61855;1,28836;358,9235;74,55084;359,9919
-0,01734;0,61965;1,28956;358,9159;74,54002;-0,001179006
-0,01719;0,6112;1,27143;358,928;74,55351;359,9924
-0,01891;0,61752;1,28448;358,948;74,54665;-0,0001145851
-0,02002;0,62054;1,2908;358,923;74,52296;0,04987486
-0,01991;0,60625;1,2623;358,9388;74,54698;-1,6011E-07
-0,02001;0,60154;1,25153;358,9894;74,55804;359,978
-0,01982;0,60025;1,24749;358,9084;74,53954;0,003184247
-0,02035;0,60469;1,25499;358,9176;74,5331;0,01197033
-0,02067;0,60217;1,25048;358,9591;74,54595;0,01147405
-0,02018;0,59417;1,23455;358,9358;74,55644;0,005441237
-0,01977;0,58576;1,21842;358,9325;74,56208;-0,005169483
-0,01936;0,5744;1,19574;358,9404;74,55376;0,006200737
-0,0186;0,55744;1,16068;358,9344;74,54567;0,01805254
-0,01829;0,54714;1,13953;358,9444;74,5429;0,003270669
-0,01892;0,54999;1,14415;358,9181;74,55276;0,01787737
-0,01949;0,55652;1,15572;358,9373;74,55011;0,002861488
-0,01932;0,55001;1,14232;358,9269;74,55636;359,993
-0,0198;0,5538;1,14819;358,9336;74,54083;0,0006748647
-0,02027;0,56288;1,16325;358,8937;74,56257;0,002028677
-0,02092;0,57068;1,17626;358,9201;74,5537;0,001532369
-0,0219;0,58282;1,19864;358,9292;74,55844;359,981
-0,02219;0,58967;1,20966;358,8951;74,55095;0,01038611
-0,02272;0,59729;1,22357;358,9193;74,56904;359,9817
-0,0226;0,59547;1,218;358,9344;74,55093;0,00170304
-0,02261;0,59671;1,21942;358,9091;74,57124;359,9889
-0,02249;0,59563;1,21726;358,9804;74,56685;-0,005592997
-0,02262;0,59526;1,21582;358,8839;74,54609;359,9934
-0,02256;0,59467;1,21435;358,9257;74,5684;0,02240466
-0,02286;0,59333;1,2114;358,9475;74,56976;0,00624833
-0,02256;0,58508;1,19603;358,9131;74,56344;0,01397569
-0,02217;0,58341;1,19407;358,9408;74,57392;0,01360785
-0,02222;0,58631;1,20133;358,9139;74,57778;0,01854062
-0,02244;0,59049;1,21074;358,9147;74,58427;0,008778419
-0,023;0,59634;1,22439;358,913;74,58573;0,01068167
-0,02382;0,61275;1,25935;358,9143;74,58262;0,01344396
-0,0237;0,61763;1,27065;358,9391;74,59861;359,9862
-0,02315;0,61423;1,26572;358,9103;74,60448;359,9928
-0,02289;0,61545;1,27048;358,9205;74,60573;0,002032288
-0,02246;0,61748;1,276;358,9315;74,61729;-0,001732821
-0,02195;0,62338;1,28905;358,933;74,62483;-0,002314288
-0,02022;0,60336;1,25077;358,972;74,60265;0,009834921
-0,01927;0,59038;1,22525;358,8766;74,66537;0,02491748
-0,01726;0,5565;1,15851;358,9152;74,66939;0,01874721
-0,01539;0,53193;1,10938;358,9492;74,6598;0,001636532
-0,01409;0,50686;1,05831;358,9095;74,67688;359,9918
-0,01292;0,48848;1,02138;358,942;74,68908;0,003475665
-0,01242;0,47811;1,00005;358,9388;74,67506;0,02251504
-0,01159;0,46408;0,97171;358,9459;74,70915;0,00511038
-0,01069;0,44304;0,92968;358,9276;74,68983;0,01359035
-0,00998;0,41991;0,8836;358,9431;74,70231;0,007418847
-0,00975;0,41781;0,87906;358,9364;74,6906;0,001855677
-0,009670001;0,42127;0,88539;358,9136;74,69647;359,9912
-0,009310001;0,42516;0,89243;358,9656;74,70275;359,9908
-0,00905;0,42624;0,89371;358,934;74,69643;0,001013712
-0,008850001;0,43093;0,90268;358,9344;74,69517;-0,005298528
-0,0087;0,43696;0,91449;358,9462;74,68055;359,9941
-0,0087;0,44486;0,93021;358,9344;74,68894;359,9825
-0,00883;0,45099;0,94175;359,0291;74,6451;-0,002294046
-0,0091;0,46086;0,96204;358,9237;74,6693;0,008983177
-0,00962;0,4855;1,00973;358,9169;74,67622;0,001072478
-0,00988;0,49073;1,01933;358,994;74,6286;-0,005360658
-0,009939999;0,48953;1,0176;358,9017;74,65456;0,01484532
-0,01;0,49275;1,0249;358,9229;74,64497;359,9883
-0,01035;0,49882;1,0374;358,9405;74,62118;0,0119584
-0,01061;0,5044;1,04977;358,9012;74,62778;0,004067058
-0,01081;0,50444;1,04985;358,9051;74,63085;0,003212696
-0,01045;0,49665;1,03531;358,9135;74,62579;359,9851
-0,01055;0,49444;1,03127;358,9315;74,60319;359,989
-0,01235;0,52356;1,08781;358,9136;74,58856;0,00328415
-0,01314;0,52235;1,08734;358,8838;74,60425;359,9879
-0,01341;0,5130301;1,07032;358,9258;74,58169;359,9901
-0,01392;0,51082;1,06678;358,9246;74,59309;359,9785
-0,01499;0,51191;1,06939;358,9469;74,57728;359,9887
-0,01535;0,49999;1,04779;358,9239;74,56376;0,001017664
-0,0157;0,48926;1,02719;358,9275;74,55049;0,003462713
-0,01626;0,48969;1,02903;358,9126;74,55079;0,007660636
-0,0159;0,49163;1,03233;358,8944;74,52939;-0,002071053
-0,01696;0,51305;1,07545;358,9666;74,52155;0,003659602
-0,01723;0,51951;1,08873;358,8928;74,51721;-0,005241068
-0,01739;0,52484;1,09765;358,8699;74,48141;359,9832
-0,01715;0,5209;1,08886;358,9196;74,4741;0,00645557
-0,01706;0,52426;1,09386;358,9019;74,47051;-0,002787763
-0,0165;0,51919;1,08287;358,906;74,47356;-0,001405781
-0,01645;0,52963;1,1016;358,8869;74,4687;0,004441902
-0,01547;0,52877;1,09758;358,9043;74,45055;0,0185758
-0,01485;0,51721;1,07317;358,9172;74,46146;0,0226726
-0,01563;0,51428;1,068;358,8854;74,46388;0,01449518
-0,01449;0,48766;1,01729;358,8978;74,44751;0,07558551
-0,01468;0,48423;1,00927;358,8728;74,45649;0,05575282
-0,01431;0,47451;0,98843;358,9165;74,45003;0,03427959
-0,01406;0,47241;0,98574;358,9156;74,44865;0,04145899
-0,01383;0,46899;0,98;358,9093;74,4503;0,03112644
-0,01405;0,47619;0,99627;358,9057;74,4471;0,01116961
-0,01436;0,4648;0,97777;358,9304;74,4545;0,01302552
-0,01491;0,46895;0,9862199;358,9265;74,44261;359,9896
-0,01585;0,47973;1,00866;358,9213;74,44568;359,9905
-0,01586;0,48398;1,01682;358,9387;74,43278;359,9924
-0,0155;0,48936;1,02832;358,9381;74,4249;359,9878
-0,01502;0,48881;1,02871;358,9141;74,40653;0,01226282
-0,01376;0,46307;0,97769;358,9731;74,42994;-5,897322E-05
-0,01213;0,41693;0,88467;358,8878;74,39821;0,01772325
-0,0118;0,39722;0,84471;358,9106;74,43767;0,03431313
-0,01145;0,38255;0,81456;358,8913;74,42702;0,03424999
-0,01109;0,37288;0,79589;358,7236;74,38;0,1754709
-0,01228;0,38672;0,8236;358,8833;74,43266;0,0497549
-0,01337;0,40392;0,85783;358,9307;74,42458;0,03323124
-0,01258;0,41289;0,8797899;358,9233;74,45547;0,01608745
-0,01243;0,46297;0,98424;358,8947;74,46074;0,02370474
-0,0094;0,44693;0,95663;358,9265;74,47205;0,01292622
-0,008350001;0,45289;0,9692;358,9781;74,47135;0,02322436
-0,009520001;0,46361;0,99419;358,8348;74,40124;0,1067543
-0,0121;0,47743;1,02821;358,9684;74,49694;0,09313378
-0,01445;0,50331;1,08807;358,9577;74,42055;0,1337675
-0,009;0,44288;0,97246;359,1245;74,47601;0,113578
-0,00301;0,20413;0,4582;359,0192;74,48117;0,08965429
-0,00025;0,23198;0,52513;359,0547;74,44314;0,07922936
0,00163;0,17874;0,41001;359,0658;74,52487;0,04442623
0,00274;0,1497;0,34638;359,0757;74,49976;0,03090116
0,00364;0,13495;0,31409;358,9747;74,48911;0,0688578
0,00429;0,12579;0,29391;359,0234;74,50945;0,04279437
0,00482;0,12134;0,28566;359,073;74,47097;0,05173649
0,0028;0,13547;0,31322;358,9824;74,48695;0,05752753
0,00373;0,14606;0,33944;359,0063;74,38552;0,1134877
0,00283;0,17657;0,40576;359,0171;74,40273;0,05991043
0,00237;0,19095;0,43772;359,0728;74,3914;0,06796049
0,003;0,23607;0,53517;358,9986;74,44064;0,1108991
0,0027;0,24066;0,54286;358,8951;74,45;0,3286552
0,00167;0,23336;0,52348;358,8882;74,50351;0,1728774
0,00264;0,28296;0,63609;359,0266;74,49915;0,1223044
0,00172;0,29727;0,6709;359,1004;74,43385;0,1079871
0,00136;0,26961;0,61484;358,9954;74,43772;0,1228077
0,00181;0,255;0,58649;358,7698;74,47138;0,1551767
0,00296;0,30521;0,69854;358,9711;74,43962;0,1121336
0,00616;0,28841;0,6691599;359,0288;74,36655;0,1241757
0,01007;0,2245;0,54663;359,1956;74,16977;0,2524156
0,0102;0,17421;0,4378;358,9865;74,48447;0,2922502
0,01125;0,16115;0,41644;359,1361;74,58738;0,200758
0,01284;0,14909;0,39304;359,3045;74,57864;0,1674173
0,01303;0,18231;0,47554;359,3061;74,63161;0,2715775
0,01456;0,23019;0,59649;359,1462;74,69406;0,1012936
0,01259;0,26551;0,68289;359,2656;74,53105;0,2266242
0,00807;0,19477;0,51889;359,1311;74,70565;0,03894582
0,00602;0,16253;0,43961;359,1231;74,72669;0,3198954
0,00448;0,13071;0,3665;359,2885;74,70807;0,1894732
0,00421;0,14109;0,39351;359,0786;74,97454;0,1428075
0,003;0,15519;0,43305;359,1919;74,71194;-0,0004130008
0,00299;0,17751;0,49922;359,2365;74,50938;359,9601
0,00333;0,19403;0,54582;359,2603;74,5416;-0,0009785061
0,00125;0,14012;0,41108;359,1325;74,52517;0,15379
-0,00025;0,12683;0,40272;359,38;74,5301;0,1194279
-0,00272;0,19403;0,6109;358,6458;74,5207;0,3727119
-0,00378;0,20773;0,67452;359,43;74,53677;0,1558491
-0,00476;0,18164;0,62113;359,4664;74,49229;0,1683742
-0,00534;0,16156;0,5785;359,6327;74,48537;0,1400136
-0,00412;0,15792;0,58945;359,6143;74,52425;0,1619319
-0,00368;0,16991;0,65094;359,6462;74,50461;0,2444551
-0,00115;0,27584;1,05844;359,7404;74,48251;0,2240309
0,00214;0,31717;1,23813;359,7694;74,4429;0,2154653
0,00277;0,21075;0,85921;359,8086;74,43524;0,1382587
0,00213;0,03788;0,21999;359,8499;74,36395;0,04394588
0,00256;0,05942;0,30258;359,8585;74,38824;0,008231452
0,00505;0,14222;0,6163;0,003611638;74,36011;0,01265797
0,008939999;0,23181;0,96023;0,009385977;74,31471;0,00167133
0,00631;0,1457;0,63201;0,01214003;74,3344;359,9554
0,00854;0,15635;0,67492;0,2342564;74,28442;359,9241
0,01239;0,15192;0,67657;0,02112291;74,22529;359,9701
0,01027;0,21148;0,88626;0,4516002;74,13109;359,8991
0,00724;0,21108;0,8669699;359,8932;74,04922;359,9392
0,00798;0,28274;1,1135;359,9009;73,96777;359,9183
0,00453;0,28074;1,0508;359,6827;73,91695;-0,0008175542
0,00156;0,26358;0,93494;359,5359;73,87536;0,02376718
-0,00234;0,28894;0,95958;359,5655;73,80923;0,007234139
-0,00477;0,29108;0,9368;359,2976;73,70676;0,01653924
-0,00461;0,29036;0,91504;359,244;73,61586;0,01915546
-0,0058;0,3335;1,01846;359,1878;73,52431;0,07958195
-0,00838;0,39917;1,1782;359,4669;73,17043;0,3132193
-0,00387;0,38901;1,12367;359,371;73,05479;0,04045519
0,00194;0,36877;1,06873;358,8535;73,10841;-0,002857191
0,00217;0,41512;1,18765;358,9388;73,12964;359,9491
0,00413;0,4247;1,18971;358,6797;73,02176;359,7396
0,01187;0,36453;0,98952;358,7055;73,00302;359,9002
0,01681;0,34988;0,92299;358,8489;72,98053;0,008544478
0,01369;0,20813;0,54144;358,492;72,82157;359,9657
0,01597;0,21629;0,54209;358,5259;72,82861;359,9941
0,01653;0,21609;0,53326;358,5839;72,69669;359,949
0,01787;0,22307;0,5396;358,3634;72,67;359,9653
0,01742;0,2285;0,5470901;358,1975;72,62939;359,9908
0,01975;0,24254;0,57351;358,2405;72,53291;359,9554
0,01958;0,23935;0,5615;358,047;72,41618;359,9431
0,01968;0,24145;0,55889;358,0124;72,29337;359,976
0,02041;0,25283;0,58114;358,1034;72,22486;359,9332
0,02132;0,26154;0,59678;358,1501;72,17416;359,9444
0,02767;0,3067;0,68197;357,9514;72,15827;359,8957
0,03058;0,32528;0,70388;357,9613;72,04166;-0,003666077
0,03202;0,33697;0,7258;357,8811;71,9427;0,003501372
0,03388;0,3504;0,75667;357,9627;71,8941;-0,005440911
0,03414;0,34839;0,75644;357,9225;71,83679;0,02165014
0,03312;0,35505;0,76775;357,8813;71,80994;4,613532E-05
0,03307;0,37436;0,80613;357,7894;71,67659;359,9346
0,03562;0,46321;0,99243;357,8337;71,52559;0,04110902
0,03737;0,51476;1,09161;357,9143;71,51009;359,9573
0,03339;0,44826;0,92734;357,8308;71,4818;359,9085
0,03213;0,42087;0,88574;357,7024;70,91296;359,9531
0,02719;0,37486;0,78372;357,8167;70,79877;359,9202
0,02838;0,40568;0,85498;357,6411;70,61068;359,9164
0,02468;0,38464;0,80703;357,7112;70,5114;359,8594
0,02207;0,38555;0,80907;357,683;70,32481;359,9126
0,01592;0,35937;0,75194;357,6166;70,18435;359,9038
0,01328;0,37866;0,79818;357,5269;69,81373;359,9593
0,01157;0,3935;0,83459;357,5331;69,59203;0,06754328
0,009310001;0,42088;0,89747;357,701;69,65688;0,07034376
0,00737;0,44899;0,96281;357,6396;69,49537;0,2113046
0,00589;0,47564;1,03256;357,6106;69,42245;0,198644
0,0053;0,44737;0,98347;357,5058;69,35546;0,2000409
0,00437;0,4846;1,07433;357,6511;69,37534;0,07557628
0,00165;0,2938;0,63745;357,6774;69,27876;0,0285083
0,00219;0,29959;0,64864;357,5696;69,15411;359,9606
0,00114;0,29808;0,64853;357,6109;68,93086;359,9854
0,00072;0,28771;0,62629;357,7387;68,82391;359,9477
-0,00084;0,27628;0,60143;357,7092;68,63619;359,8293
-0,00177;0,26677;0,58102;357,4905;68,40644;359,9523
-0,00287;0,26803;0,58391;357,4142;68,19854;359,9843
-0,00339;0,26175;0,569;357,4173;68,12593;359,8932
-0,00473;0,30942;0,67058;357,4482;67,96119;359,9198
-0,00577;0,35521;0,7688;357,3326;67,79768;359,8987
-0,01104;0,45059;0,97812;357,2476;67,62242;359,9379
-0,01445;0,4606;1,00853;357,2169;67,52979;359,918
-0,01838;0,48139;1,06096;357,5004;67,35564;0,04522441
-0,01837;0,46364;1,02662;357,0804;67,24493;359,9493
-0,01851;0,44849;0,99824;357,4433;67,14869;0,03964421
-0,02017;0,44679;1,00159;356,9245;66,94508;359,9265
-0,02146;0,44598;1,00371;357,2657;66,77388;0,03221647
-0,02248;0,45658;1,02789;357,3989;66,53876;0,153051
-0,02387;0,45333;1,02544;356,9588;66,69649;359,7356
-0,02313;0,41275;0,93377;357,2679;66,28193;359,9047
-0,02317;0,38548;0,86756;357,2526;66,23434;3,205336E-07
-0,02242;0,35211;0,79271;357,1898;66,11232;359,9431
-0,02453;0,34552;0,78757;357,2256;65,98112;-9,616224E-07
-0,02748;0,3132;0,71624;357,2374;65,76154;0,142042
-0,02999;0,31325;0,71688;356,8938;65,74426;359,7829
-0,03078;0,2969;0,67971;357,3247;65,59833;359,9084
-0,02529;0,22609;0,53124;357,2091;65,30952;359,9722
-0,02378;0,19182;0,46028;356,7972;65,23972;359,6497
-0,02388;0,18621;0,45208;357,4277;64,87649;0,04590564
-0,02461;0,18953;0,46345;356,9628;64,90073;359,9154
-0,02588;0,19617;0,47568;356,902;64,89748;359,7797
-0,03856;0,27382;0,64633;356,879;64,64165;359,9533
-0,04308;0,28829;0,67349;356,8139;64,34911;0,1241218
-0,04753;0,32493;0,76307;356,6902;64,41882;359,8544
-0,02989;0,23096;0,55223;356,6731;64,22272;359,968
-0,04669;0,47269;1,17246;356,6743;63,76831;359,7988
-0,07544;0,36641;1,21019;356,6501;63,92165;359,9223
-0,1195;0,35087;1,21226;356,707;63,85014;0,007669306
-0,09515;0,3731;1,20727;356,5854;63,84248;359,9177
-0,0445;0,35079;1,216;356,4989;63,77837;359,9737
-0,02887;0,37237;1,20773;356,6768;63,82207;359,9143
-0,00657;0,07854;0,25866;356,4581;63,78269;359,8669
-0,01674;0,24314;0,6405;356,231;63,36985;0,08919683
-0,02224;0,38082;0,88289;356,5203;63,68409;359,8694
-0,00615;0,20324;0,46709;356,5105;63,54334;0,06974101
-0,00849;0,17098;0,3895;356,422;63,50801;0,1056091
-0,008529999;0,15496;0,35453;356,4279;63,51381;0,08235098
-0,00858;0,17093;0,39094;356,4523;63,50135;0,06924111
-0,00962;0,16166;0,37317;356,4448;63,47169;0,09474603
-0,01044;0,20082;0,46783;356,3247;63,54898;0,01481452
-0,00948;0,19037;0,45189;356,4971;63,40399;0,1482258
-0,0078;0,16627;0,40113;356,447;63,36681;0,06098637
-0,00694;0,14591;0,35761;356,3748;63,47282;359,9047
-0,00668;0,13369;0,3324;356,7308;63,07837;0,02240319
-0,00656;0,13147;0,32897;356,2194;63,28468;359,8821
-0,00672;0,13694;0,34276;356,4442;63,31112;359,9223
-0,00674;0,13887;0,34835;356,4885;63,11134;0,0271551
-0,0066;0,14173;0,35463;356,6525;63,14954;359,9663
-0,00659;0,1415;0,35372;356,5749;63,01167;359,9341
-0,00664;0,14284;0,356;356,5659;63,09947;-1,069137E-07
-0,0063;0,14569;0,36313;356,3892;62,96638;359,8299
-0,00595;0,14903;0,37157;356,5771;63,02459;-1,176037E-06
-0,00654;0,15869;0,39327;356,7987;62,82928;359,983
-0,00626;0,16289;0,40311;356,5287;62,92886;359,9831
-0,00589;0,1684;0,41576;356,562;62,91824;-0,001243732
-0,00584;0,1744;0,42935;356,3217;62,9667;359,9819
-0,00547;0,17603;0,43348;356,6998;62,72989;359,8361
-0,00525;0,17951;0,4419;356,5035;62,61366;359,9053
-0,0045;0,17952;0,44137;356,4779;62,64228;359,8774
-0,00437;0,18931;0,46394;356,4567;62,48336;359,918
-0,00483;0,19931;0,48816;356,4981;62,48191;-0,001450816
-0,00533;0,1925;0,47535;356,5305;62,46944;0,09262945
-0,00568;0,1934;0,48001;356,4047;62,37418;0,09548511
-0,00646;0,20475;0,50791;356,3725;62,36572;0,1069902
-0,00729;0,19928;0,49957;356,4407;62,34869;0,05128982
-0,00783;0,19423;0,49124;356,4935;62,29308;0,02623992
-0,00842;0,19429;0,49317;356,4038;62,23899;0,02197447
-0,00584;0,15388;0,40344;356,3284;62,14204;0,05778461
-0,00494;0,14483;0,38201;356,3216;62,13517;0,008905168
-0,00586;0,13297;0,3542;356,4224;62,1183;0,03021181
-0,00782;0,14552;0,3809;356,3832;61,9632;-0,0056731
-0,00882;0,14253;0,37364;356,3932;61,94773;4,277341E-07
-0,00913;0,13454;0,35608;356,3457;61,92683;359,973
-0,00948;0,12738;0,34021;356,3022;61,85218;359,9877
-0,01036;0,13014;0,34782;356,4261;61,86479;359,9541
-0,01055;0,1254;0,33698;356,2882;61,83057;359,9858
-0,01112;0,12594;0,3391;356,3568;61,77282;359,9507
-0,01203;0,13127;0,35337;356,4071;61,74861;359,9322
-0,01341;0,13899;0,37382;356,1128;61,7019;359,8424
-0,01513;0,14782;0,39863;356,2808;61,68491;6,416815E-07
-0,01453;0,13942;0,37848;356,3474;61,58079;359,9286
-0,01407;0,13387;0,3656;356,2752;61,61415;359,9888
-0,01373;0,12886;0,35322;356,2765;61,59826;359,9824
-0,01193;0,11113;0,3071;356,2148;61,59367;-0,002842115
-0,01158;0,10573;0,29327;356,2812;61,59456;359,9833
-0,01053;0,1039;0,28821;356,0342;61,66768;359,9079
-0,00976;0,10198;0,28234;356,2099;61,55817;0,05283855
-0,00963;0,09851;0,27353;356,3144;61,53281;0,1030985
-0,0093;0,09633;0,26765;356,1498;61,63859;0,03228479
-0,00861;0,09141;0,25422;356,126;61,65395;0,04336706
-0,00788;0,09078;0,25145;356,1329;61,66227;0,02983742
-0,00706;0,09149;0,25208;356,1286;61,65934;0,02668764
-0,00642;0,08957;0,24672;356,2096;61,68718;0,002519554
-0,0061;0,0909;0,24968;356,1171;61,64341;0,02385605
-0,00591;0,09118;0,24904;356,2381;61,56509;0,02073834
-0,00605;0,08751;0,24014;356,368;61,582;0,04936659
-0,00632;0,08368;0,2306;355,7616;61,67048;359,9464
-0,00661;0,08492;0,23335;356,2833;61,52155;0,05679253
-0,00695;0,08704;0,23753;356,0345;61,5865;359,9897
-0,00731;0,09029;0,24492;355,9233;61,54085;0,03983125
-0,0095;0,12592;0,32302;356,1075;61,62043;359,9409
-0,00907;0,11759;0,30628;356,0378;61,58042;0,01981457
-0,00893;0,1155;0,30172;355,904;61,55874;0,04685033
-0,01063;0,14604;0,3697;355,9804;61,60367;0,03110211
-0,01179;0,16356;0,40782;355,9989;61,59819;0,008300875
-0,01235;0,17158;0,42266;356,0338;61,61787;359,9559
-0,01248;0,17287;0,42408;355,8891;61,54605;0,01769516
-0,01223;0,17125;0,41942;355,9616;61,56899;359,9635
-0,01216;0,17367;0,42388;355,9788;61,55169;359,9543
-0,01206;0,17836;0,43468;356,034;61,59085;359,9149
-0,01258;0,19409;0,47296;356,0013;61,55239;0,01989022
-0,01169;0,18565;0,45564;355,9132;61,55532;359,8998
-0,01105;0,1766;0,43424;355,9626;61,5696;0,003201699
-0,01027;0,16794;0,41394;355,9494;61,57212;0,005897445
-0,0096;0,16077;0,39791;355,9402;61,57913;0,02552325
-0,00784;0,14839;0,37193;356,0213;61,57357;359,9816
-0,00752;0,14638;0,36615;355,9003;61,55401;0,03803412
-0,00748;0,14171;0,35545;356,0522;61,59126;359,9358
-0,00754;0,13698;0,34558;355,9771;61,56252;359,9728
-0,00761;0,13411;0,3405;355,963;61,56618;359,9878
-0,00687;0,12889;0,32898;355,9026;61,54384;0,02029314
-0,00673;0,12347;0,31655;355,7696;61,70924;359,879
