-Infini;+Infini;+Infini;359,4289;74,59865;2,401358E-07
-Infini;+Infini;+Infini;359,4801;74,88435;1,067261E-07
-Infini;+Infini;+Infini;359,4254;74,77149;-5,603171E-07
-Infini;+Infini;+Infini;359,4186;74,77122;1,867726E-07
-Infini;+Infini;+Infini;359,4221;74,76473;-2,40136E-07
-Infini;+Infini;+Infini;359,4216;74,76125;1,147317E-06
-Infini;+Infini;+Infini;359,4219;74,76036;2,668178E-08
-Infini;+Infini;+Infini;359,4227;74,75988;8,004535E-08
-Infini;+Infini;+Infini;359,4235;74,75963;2,40136E-07
-Infini;+Infini;+Infini;359,425;74,75962;9,338618E-07
-Infini;+Infini;+Infini;359,4251;74,75977;-2,668177E-08
-Infini;+Infini;+Infini;359,4245;74,75958;6,670443E-07
-Infini;+Infini;+Infini;359,4244;74,75817;-4,002266E-07
-Infini;+Infini;+Infini;359,4233;74,75592;-6,403626E-07
0,09342;0,73182;6,36694;359,422;74,75338;1,067271E-06
-Infini;+Infini;+Infini;359,4207;74,75166;-8,004536E-08
-0,092;3,53646;11,04057;359,42;74,75036;4,535905E-07
-0,19119;5,05318;12,82778;359,4178;74,75018;4,269088E-07
-0,0873;2,25799;5,38978;359,4153;74,75038;-5,336363E-07
-0,06238;1,62196;3,78858;359,4125;74,75157;-6,670457E-07
-0,0534;1,45083;3,36812;359,408;74,75363;2,668185E-07
-0,0614;1,71228;3,95005;359,4064;74,75546;-4,269097E-07
-0,05036;1,57154;3,62917;359,4052;74,75532;-5,336373E-07
-0,03215;1,04717;2,42318;359,4018;74,75617;2,668188E-07
-0,0229;0,80096;1,85378;359,4005;74,75571;1,867732E-07
-0,0222;0,78141;1,81415;359,3981;74,75645;-4,002284E-07
-0,01874;0,66054;1,53759;359,3955;74,75606;-1,067276E-07
-0,01561;0,56084;1,30722;359,3933;74,75567;-8,004577E-08
-0,01297;0,47605;1,11744;359,3864;74,75513;1,067278E-06
-0,00975;0,39948;0,94731;359,3814;74,75355;4,802756E-07
-0,00775;0,34855;0,83151;359,3805;74,75266;-1,067279E-07
-0,00575;0,30212;0,7265;359,3766;74,75026;6,670501E-07
-0,00468;0,27856;0,67392;359,3734;74,74743;8,004606E-08
-0,00449;0,27946;0,67652;359,3706;74,74438;-2,401383E-07
-0,00336;0,25902;0,63224;359,3697;74,7422;-4,802767E-07
-0,00227;0,23998;0,58857;359,3618;74,73875;3,20185E-07
-0,00227;0,24537;0,60168;359,3556;74,7369;4,53596E-07
-0,00157;0,23974;0,59161;359,3542;74,73492;-4,802782E-07
-0,00101;0,23248;0,57506;359,3489;74,73379;-6,403715E-07
-0,00082;0,21401;0,5304;359,3472;74,73204;1,867751E-07
-0,00073;0,18911;0,47409;359,3497;74,72868;-4,535965E-07
-0,00132;0,1907;0,47524;359,3425;74,72717;4,269149E-07
-0,00144;0,22765;0,5589;359,3426;74,72488;3,468684E-07
-0,00246;0,2905;0,69585;359,348;74,72044;-3,735501E-07
-0,00342;0,36033;0,85219;359,3481;74,71789;3,201858E-07
-0,00451;0,4129;0,97159;359,3443;74,71542;-7,204187E-07
-0,00622;0,49319;1,15195;359,346;74,71106;3,468681E-07
-0,00899;0,60001;1,39286;359,3522;74,70466;0
-0,01028;0,65207;1,50855;359,3541;74,70232;4,53596E-07
-0,01106;0,73685;1,70365;359,3568;74,6992;-6,403705E-07
-0,01154;0,81171;1,87338;359,3607;74,71024;0
-0,01223;0,9046;2,08468;359,3596;74,69476;4,269135E-07
-0,01111;0,76099;1,75153;359,367;74,69186;2,668206E-07
-0,01009;0,63822;1,46581;359,3678;74,69134;2,134564E-07
-0,009939999;0,60187;1,38177;359,3699;74,69198;4,269126E-07
-0,00986;0,59633;1,36828;359,3726;74,68873;-3,735484E-07
-0,00925;0,59386;1,3633;359,3707;74,68536;8,004611E-07
-0,00715;0,48894;1,12356;359,3733;74,6829;5,870045E-07
-0,00632;0,41542;0,95486;359,3715;74,68229;-2,668203E-08
-0,00606;0,39688;0,91144;359,3695;74,68555;1,334102E-07
-0,00538;0,3541;0,81342;359,3688;74,68393;2,935025E-07
-0,00464;0,2985;0,68796;359,3694;74,6834;5,336408E-07
-0,00429;0,28249;0,65013;359,3648;74,68392;1,334103E-07
-0,00413;0,28643;0,65806;359,3673;74,68444;2,401385E-07
-0,00426;0,30541;0,69816;359,3659;74,68631;-2,668206E-07
-0,00392;0,2941;0,67074;359,3689;74,68747;-2,668204E-08
-0,0036;0,26608;0,60614;359,3704;74,69106;-2,935024E-07
-0,00357;0,26174;0,5959;359,3743;74,69286;-2,668201E-08
-0,00341;0,26552;0,60354;359,3752;74,69379;-1,3341E-07
-0,00296;0,2349;0,53536;359,3768;74,6973;-5,3364E-08
-0,00271;0,23335;0,52949;359,3808;74,70045;2,134559E-07
-0,00298;0,22858;0,5190901;359,3856;74,7021;-5,603212E-07
-0,00338;0,39043;0,87929;359,3864;74,70393;3,468654E-07
-0,00347;0,3118;0,70387;359,3871;74,70581;3,735473E-07
-0,00333;0,26404;0,59678;359,386;74,70807;2,668196E-07
-0,0036;0,24586;0,55613;359,3819;74,71049;6,937314E-07
-0,00378;0,2446;0,55283;359,3755;74,71584;9,071882E-07
-0,00542;0,39803;0,89365;359,3741;74,7177;-2,668202E-08
-0,00687;0,56535;1,26205;359,3628;74,71832;-3,201849E-07
-0,00646;0,44175;0,98838;359,3581;74,71582;1,067284E-07
-0,008;0,54497;1,2153;359,3539;74,72243;-1,867748E-07
-0,00889;0,61329;1,36708;359,3518;74,70668;-4,535963E-07
-0,00887;0,48089;1,07304;359,3547;74,69878;1,600927E-07
-0,00977;0,56075;1,25153;359,3389;74,6976;-4,535974E-07
-0,01172;0,53082;1,19714;359,3481;74,68722;-2,935037E-07
-0,01179;0,67097;1,50603;359,3529;74,68178;-1,067285E-07
-0,01364;0,74361;1,67312;359,3533;74,67392;9,338744E-07
-0,01398;0,79824;1,79323;359,3577;74,66378;6,670526E-07
-0,01401;0,7914;1,776;359,3603;74,65824;5,336418E-08
-0,01417;0,89319;2,00021;359,3608;74,65455;1,067284E-07
-0,01573;1,04625;2,3453;359,361;74,65119;8,004626E-08
-0,01464;1,04702;2,34972;359,3594;74,6494;-2,134568E-07
-0,01714;1,3017;2,92143;359,3578;74,64773;-1,867747E-07
-0,018;1,4162;3,17909;359,3556;74,64601;8,004633E-08
-0,01736;1,44987;3,25455;359,3558;74,64371;1,334106E-07
-0,01615;1,41887;3,18517;359,354;74,63671;5,336424E-08
-0,01675;1,40119;3,14303;359,3547;74,63174;5,336424E-08
-0,01835;1,45347;3,25716;359,3544;74,62701;-4,269139E-07
-0,01876;1,47414;3,29789;359,3511;74,62308;1,067285E-07
-0,01933;1,47749;3,30553;359,3501;74,62015;5,60325E-07
-0,0198;1,48588;3,3225;359,3508;74,61954;-2,668214E-07
-0,02205;1,60839;3,58742;359,355;74,62084;5,336424E-08
-0,02216;1,60895;3,58491;359,3592;74,62438;6,136883E-07
-0,02491;1,75501;3,89598;359,3601;74,62852;9,872373E-07
-0,02878;1,84545;4,08791;359,3653;74,64155;5,336413E-08
-0,03662;2,03561;4,49867;359,3662;74,64769;1,867744E-07
-0,04145;2,17279;4,79839;359,3668;74,65393;-5,069591E-07
-0,04263;2,2035;4,86177;359,3699;74,6615;5,336408E-08
-0,04676;2,28597;5,04124;359,3709;74,66734;8,004611E-08
-0,0513;2,37435;5,2332;359,3715;74,67314;-2,668203E-07
-0,06231;2,69076;5,92213;359,3749;74,67845;-2,668201E-08
-0,06437001;2,67137;5,87661;359,3752;74,68403;1,334101E-07
-0,07376;2,87976;6,32305;359,3788;74,69289;-4,26912E-07
-0,12114;4,04789;8,88862;359,3783;74,69993;-3,468659E-07
-0,14374;4,63779;10,15287;359,3784;74,7056;3,201839E-07
-0,14405;4,57356;9,99329;359,3858;74,71402;-2,935016E-07
-0,09294999;2,94734;6,43507;359,3998;74,72376;5,336378E-08
-0,0782;2,48425;5,42745;359,3998;74,72376;5,336378E-08
-0,08421;2,66349;5,82036;359,4062;74,72746;1,280729E-06
-0,08777;2,79651;6,11197;359,4151;74,73179;-6,670453E-07
-0,10334;3,277;7,15862;359,4385;74,73957;8,004513E-08
-0,11299;3,6343;7,93798;359,4478;74,74266;-2,134533E-07
-0,20105;6,23944;13,55472;359,4545;74,7444;4,535878E-07
-0,1962;6,12962;13,2911;359,4616;74,74645;-2,401345E-07
-0,18173;5,70332;12,36478;359,4658;74,74795;-2,934975E-07
-0,16791;5,27376;11,42727;359,4757;74,74952;-8,004463E-07
-0,14579;4,56424;9,894589;359,484;74,75256;2,934966E-07
-0,1224;3,93934;8,53759;359,4841;74,75265;-2,668151E-08
-0,10779;3,61829;7,83784;359,4912;74,75645;-3,735407E-07
-0,09505;3,25719;7,05795;359,4879;74,75603;8,804893E-07
-0,08332;2,93305;6,36663;359,4899;74,75858;-4,535852E-07
-0,06847;2,51069;5,46061;359,4807;74,75463;-3,735413E-07
-0,07242;2,93129;6,40101;359,4802;74,75688;-1,093943E-06
-0,05884;2,5374;5,5596;359,4783;74,75616;-1,334076E-07
-0,04999;2,31313;5,08199;359,4809;74,75695;4,535859E-07
-0,03935;1,97957;4,3652;359,4783;74,75454;-2,668153E-07
-0,03177;1,735;3,83994;359,4751;74,75043;2,668154E-07
-0,02542;1,38344;3,06;359,4778;74,75011;-2,668154E-08
-0,02235;1,23788;2,74133;359,4851;74,75186;1,867705E-07
-0,01987;1,16316;2,57881;359,4917;74,75418;-8,004443E-08
-0,01766;1,06479;2,36674;359,5;74,76085;1,334072E-07
-0,01833;1,09418;2,42581;359,5133;74,76896;6,93716E-07
-0,01977;1,12421;2,48855;359,5211;74,78135;2,934949E-07
-0,02098;1,14488;2,52976;359,5457;74,80492;-4,135596E-07
-0,02058;1,09747;2,42401;359,5556;74,8205;-3,335153E-07
-0,02302;1,13896;2,51098;359,5645;74,83491;8,004359E-08
-0,02265;1,1099;2,44467;359,5731;74,84857;-2,801522E-07
-0,02592;1,27891;2,82542;359,5794;74,86359;8,537967E-07
-0,0281;1,33987;2,96079;359,5851;74,87554;2,534707E-07
-0,02962;1,35206;2,98617;359,5924;74,88711;5,069409E-07
-0,04843;1,80296;3,95778;359,5943;74,89697;3,868759E-07
-0,03543;1,46742;3,22764;359,5974;74,91319;2,134487E-07
-0,0288;1,26606;2,7961;359,5959;74,92143;2,001082E-07
-0,02688;1,16572;2,58484;359,5909;74,92592;4,669194E-07
-0,02836;1,20664;2,67425;359,5876;74,93004;5,069413E-07
-0,02639;1,1685;2,59232;359,5764;74,93296;-2,267898E-07
-0,02893;1,21336;2,69182;359,5659;74,9359;3,068337E-07
-0,03095;1,226;2,71678;359,5497;74,94005;6,403499E-07
-0,03365;1,27046;2,81413;359,5423;74,94344;1,334064E-08
-0,03608;1,31168;2,90594;359,5171;74,94611;6,937158E-07
-0,03732;1,34681;2,98631;359,5056;74,9463;-2,668142E-07
-0,04073;1,39952;3,10647;359,4972;74,94519;-8,80488E-07
-0,05472;1,87031;4,11229;359,4901;74,94409;-4,002223E-07
-0,05594;1,88522;4,14325;359,4898;74,94445;-5,336297E-08
-0,05715;1,89531;4,15999;359,4834;74,93843;-3,201781E-07
-0,05175;1,73458;3,812;359,4834;74,93843;-3,201781E-07
-0,05847;1,8564;4,07838;359,481;74,93235;5,336305E-08
-0,06137;1,86414;4,10657;359,4826;74,92807;-4,002227E-07
-0,05591;1,7109;3,78035;359,4844;74,9264;1,60089E-07
-0,04916;1,52969;3,38891;359,4844;74,92602;-8,004452E-08
-0,04559;1,45202;3,21642;359,4875;74,92497;2,668149E-08
-0,04749;1,50422;3,32788;359,4882;74,92439;5,069484E-07
-0,04555;1,46713;3,25139;359,4876;74,92441;-4,002224E-07
-0,04369;1,44957;3,21335;359,4877;74,92403;5,336299E-07
-0,0422;1,44922;3,21525;359,4877;74,92403;5,336299E-07
-0,0399;1,40883;3,12558;359,4885;74,92327;-1,06726E-07
-0,03841;1,40811;3,12792;359,4857;74,92214;5,336301E-07
-0,03538;1,36755;3,04108;359,485;74,92175;3,468595E-07
-0,03094;1,27616;2,84459;359,4839;74,92087;5,336302E-08
-0,02777;1,19879;2,68186;359,4814;74,92183;1,22735E-06
-0,02468;1,13492;2,54891;359,4776;74,91957;-5,336307E-08
-0,02148;1,06482;2,40219;359,4764;74,9195;9,071723E-07
-0,01966;0,97724;2,21094;359,4764;74,9195;9,071723E-07
-0,01537;0,82052;1,86085;359,475;74,91943;8,27128E-07
-0,01377;0,70242;1,59425;359,474;74,92059;1,600893E-07
-0,01471;0,67223;1,53077;359,4681;74,92105;8,004473E-08
-0,01316;0,5658;1,2947;359,4677;74,91927;-8,538106E-07
-0,01322;0,55403;1,26839;359,4645;74,91765;-3,201791E-07
-0,01223;0,51063;1,16862;359,4562;74,91483;-8,538123E-07
-0,01093;0,44151;1,01223;359,4497;74,91167;-8,004498E-08
-0,01133;0,45439;1,03664;359,4427;74,9102;2,668169E-08
-0,01217;0,45535;1,03608;359,4362;74,90681;-2,401354E-07
-0,01124;0,43871;0,99805;359,4243;74,90503;2,934995E-07
-0,01084;0,45724;1,03811;359,4054;74,90481;2,401368E-07
-0,01134;0,50533;1,14437;359,3939;74,90292;3,735469E-07
-0,01125;0,50012;1,12989;359,3819;74,90079;-2,935018E-07
-0,01109;0,50593;1,14031;359,3697;74,89919;-1,600922E-07
-0,00998;0,44188;0,99693;359,3604;74,89682;7,204164E-07
-0,00942;0,39968;0,90372;359,3507;74,89288;-2,401392E-07
-0,009319999;0,38981;0,88457;359,3427;74,89123;4,269149E-07
-0,00895;0,36402;0,82684;359,3364;74,88725;1,600933E-07
-0,008529999;0,34825;0,79167;359,3246;74,88481;8,53833E-07
-0,00871;0,34752;0,79189;359,3158;74,87784;5,069642E-07
-0,00907;0,34475;0,78867;359,3126;74,87395;2,935058E-07
-0,00901;0,34119;0,78298;359,3079;74,86984;4,802827E-07
-0,00775;0,31197;0,72178;359,3031;74,86516;-3,201887E-07
-0,00651;0,29046;0,67747;359,2976;74,85899;0
-0,00503;0,26952;0,63503;359,2936;74,85698;1,067298E-07
-0,004;0,25026;0,59474;359,2814;74,84964;1,867777E-07
-0,00333;0,23678;0,56645;359,2739;74,84042;5,870165E-07
-0,00262;0,22849;0,54849;359,2695;74,83489;-5,069692E-07
-0,00206;0,21479;0,51829;359,2644;74,82771;1,334131E-07
-0,00161;0,2061;0,49894;359,258;74,82234;-4,269226E-07
-0,00101;0,20102;0,48805;359,2556;74,81585;3,735575E-07
-0,00052;0,19138;0,4665;359,2513;74,80936;3,201924E-07
-2E-05;0,1893;0,46225;359,2496;74,80627;3,201926E-07
0,00033;0,19313;0,47056;359,2457;74,80248;5,603375E-07
0,00075;0,20493;0,49579;359,2393;74,80363;3,735589E-07
0,00117;0,21529;0,51719;359,2404;74,80494;1,600966E-07
0,00161;0,25689;0,60465;359,2379;74,80426;-1,867795E-07
0,00196;0,2721;0,63685;359,2361;74,81042;-2,401452E-07
0,00239;0,29005;0,67559;359,235;74,81384;-3,735592E-07
0,00282;0,32277;0,74991;359,2353;74,82035;3,201936E-07
0,00358;0,36885;0,84803;359,2344;74,81942;-2,401453E-07
0,00494;0,40669;0,93537;359,234;74,82307;-1,334141E-07
0,00564;0,43589;0,99878;359,2355;74,82426;-1,33414E-07
0,00528;0,45727;1,0515;359,233;74,82178;5,336564E-08
0,00451;0,45188;1,03979;359,2342;74,82607;-1,067312E-07
0,00561;0,50076;1,14921;359,231;74,82249;5,603395E-07
0,00438;0,49004;1,12864;359,2312;74,82494;1,600969E-07
0,00404;0,48449;1,1134;359,2298;74,82733;2,134627E-07
0,0037;0,48582;1,11781;359,2287;74,83311;-4,269255E-07
0,00296;0,4808;1,10905;359,2248;74,84;-4,00243E-07
0,00219;0,46924;1,08466;359,2217;74,8442;-6,137063E-07
0,00173;0,46602;1,07643;359,2202;74,84988;3,735606E-07
0,00089;0,45495;1,05304;359,2189;74,8585;-2,401462E-07
0,00059;0,46248;1,0689;359,2173;74,86127;2,134633E-07
0,00057;0,48093;1,11021;359,2162;74,86335;1,600976E-07
0,00137;0,54978;1,27502;359,217;74,86741;6,67073E-07
0,00911;0,64996;1,49806;359,2175;74,86852;2,93512E-07
0,01344;0,33956;0,87602;359,2149;74,869;4,002439E-07
0,03835;0,28202;0,89719;359,2133;74,87019;-1,334147E-07
-Infini;+Infini;+Infini;359,214;74,87143;1,867806E-07
0,00056;0,15911;0,93033;359,2137;74,8707;-2,668294E-08
0,02508;0,18498;0,9243;359,2129;74,87051;-2,668294E-07
0,02397;0,21302;0,91811;359,2122;74,8691;2,401465E-07
0,03514;0,48031;1,43461;359,2137;74,86937;-4,002441E-07
0,03314;0,78185;1,94135;359,2151;74,86894;2,935122E-07
0,02172;0,71963;1,70079;359,2188;74,87018;-3,735607E-07
0,01548;0,44656;1,03378;359,2166;74,86787;-3,468779E-07
0,00977;0,39112;0,88649;359,2174;74,86851;-4,002437E-07
0,00678;0,38877;0,88394;359,2151;74,86626;2,134635E-07
0,00939;0,52206;1,19767;359,2121;74,86102;9,872692E-07
0,01141;0,3798;0,90777;359,2096;74,8568;1,600978E-07
0,007900001;0,30691;0,73959;359,209;74,85339;6,937572E-07
0,00703;0,35412;0,83932;359,208;74,85044;3,201957E-07
0,00905;0,51793;1,19598;359,2047;74,84618;-3,201959E-07
0,0081;0,41611;0,97398;359,2042;74,84531;-8,004901E-08
0,0065;0,37685;0,88794;359,2036;74,84446;-5,3366E-08
0,00608;0,36059;0,85449;359,204;74,84449;1,06732E-07
0,00585;0,35119;0,83578;359,2067;74,84756;1,067319E-07
0,00539;0,33141;0,78898;359,2061;74,84997;-1,867809E-07
0,00462;0,25039;0,60476;359,2065;74,85162;-1,600979E-07
0,0049;0,24832;0,59862;359,2068;74,85323;3,735617E-07
0,00495;0,22148;0,53781;359,2077;74,85312;1,334149E-07
0,00507;0,20316;0,49661;359,2075;74,85239;3,468787E-07
0,00503;0,1918;0,47098;359,2073;74,85094;4,802937E-07
0,00511;0,18542;0,45443;359,2096;74,84932;2,668297E-07
0,00443;0,16575;0,41037;359,2077;74,84557;9,072212E-07
0,00536;0,18646;0,45527;359,2061;74,84034;4,269278E-07
0,0065;0,19625;0,47602;359,2049;74,83917;4,536109E-07
0,00788;0,19669;0,47652;359,203;74,83702;-8,004902E-08
0,0085;0,19703;0,47665;359,2007;74,83515;-8,004907E-08
0,00572;0,17251;0,42467;359,198;74,83407;-4,269287E-07
0,00899;0,19951;0,48049;359,1955;74,83351;1,600983E-07
0,0112;0,20301;0,48658;359,1922;74,83245;-6,137108E-07
0,01276;0,20144;0,48225;359,1892;74,83363;8,004929E-08
0,00978;0,1841;0,44306;359,1866;74,83366;1,334156E-07
0,00933;0,17697;0,42392;359,1848;74,83535;-4,2693E-07
0,00754;0,16305;0,39157;359,1844;74,83644;9,072264E-07
0,00748;0,16668;0,39956;359,1845;74,83635;4,536132E-07
0,00718;0,16576;0,39676;359,1832;74,8372;-1,867819E-07
0,00744;0,16279;0,38977;359,1823;74,83781;-5,870292E-07
0,00721;0,15608;0,37421;359,1822;74,83829;8,805437E-07
0,00678;0,14584;0,35052;359,1819;74,83998;-3,201978E-07
0,00565;0,12806;0,31188;359,1821;74,84059;-2,935146E-07
0,0048;0,1139;0,27999;359,178;74,83735;2,668317E-07
0,00451;0,11089;0,2721;359,1783;74,83586;-5,336634E-08
0,00437;0,10894;0,2666;359,1765;74,83305;-2,134655E-07
0,00442;0,10982;0,26956;359,1774;74,83066;8,271784E-07
0,00412;0,10352;0,25564;359,1766;74,82803;-1,600991E-07
0,00366;0,09473;0,23545;359,1756;74,8263;4,536142E-07
0,00526;0,10094;0,24701;359,1731;74,82428;-1,600992E-07
0,00649;0,11011;0,26468;359,1706;74,82197;2,134658E-07
0,00718;0,1137;0,27163;359,1675;74,81938;-3,468822E-07
0,00745;0,11793;0,2803;359,1647;74,81783;-1,067331E-07
0,0068;0,11916;0,28321;359,1618;74,81553;-8,004985E-08
0,00714;0,12137;0,28801;359,1617;74,81528;-7,471319E-07
0,00739;0,12351;0,29291;359,1621;74,81409;-1,067331E-07
0,00742;0,1316;0,3103;359,16;74,81104;5,336658E-08
0,00784;0,13278;0,31405;359,1609;74,81033;-4,002493E-07
0,0083;0,14393;0,33868;359,1618;74,80862;-4,536158E-07
0,008020001;0,13846;0,32731;359,1618;74,80908;-1,334164E-07
0,0089;0,14911;0,35333;359,1627;74,80975;5,603488E-07
0,00971;0,16635;0,39221;359,1625;74,81107;6,670818E-07
0,00961;0,17163;0,40451;359,1637;74,81251;-2,134662E-07
0,00912;0,17073;0,40285;359,1647;74,81382;8,004979E-08
0,00936;0,17204;0,40784;359,1644;74,81467;-4,269322E-07
0,00949;0,17959;0,42546;359,1683;74,81625;8,00497E-08
0,00959;0,18173;0,43173;359,1683;74,81625;8,00497E-08
0,01006;0,19306;0,45868;359,1695;74,81792;1,600993E-07
0,01003;0,19596;0,46526;359,17;74,81862;3,201987E-07
0,01051;0,2064;0,48979;359,1708;74,81861;-5,336644E-08
0,01079;0,21086;0,50008;359,172;74,8194;-7,738133E-07
0,0108;0,21074;0,49986;359,1728;74,81942;-1,33416E-07
0,01083;0,21021;0,49908;359,1754;74,82038;3,735647E-07
0,01148;0,21948;0,52148;359,1754;74,82198;4,269311E-07
0,01176;0,22249;0,52886;359,1741;74,82412;2,401488E-07
0,01135;0,21888;0,52186;359,173;74,82819;4,269312E-07
0,01116;0,21592;0,51521;359,1712;74,83234;0
0,00759;0,23236;0,54871;359,1674;74,83861;-5,336649E-08
0,00537;0,22877;0,53895;359,1676;74,84256;-1,867827E-07
0,00708;0,22327;0,52755;359,1667;74,84575;-8,004974E-08
0,00728;0,2131;0,5051;359,1662;74,84721;-5,603483E-07
0,00456;0,20291;0,48068;359,1669;74,8494;-8,004974E-08
0,00513;0,20119;0,47694;359,1674;74,85068;2,668325E-07
0,00293;0,18801;0,44652;359,1682;74,85229;6,137145E-07
0,00323;0,1854;0,44113;359,1704;74,85574;-8,004966E-08
0,00382;0,18881;0,44844;359,1713;74,86031;9,872791E-07
0,00236;0,18211;0,43244;359,1732;74,86332;-1,33416E-07
0,00351;0,19969;0,47075;359,1735;74,8658;7,471297E-07
0,00474;0,21135;0,49624;359,1747;74,86521;3,201984E-07
0,00531;0,22252;0,52079;359,1733;74,86349;6,6708E-07
0,00282;0,21838;0,51115;359,1723;74,86453;2,668321E-08
0,00454;0,23723;0,55221;359,1719;74,86343;4,002482E-07
0,00522;0,24245;0,5638;359,1702;74,86111;4,269316E-07
0,00278;0,23604;0,54989;359,1702;74,85618;-1,334161E-07
0,00139;0,2359;0,54953;359,1691;74,85284;4,002485E-07
0,00037;0,23674;0,55131;359,1705;74,85;6,137141E-07
0,00234;0,27103;0,62499;359,1698;74,84632;4,802981E-07
0,00288;0,27523;0,63463;359,1688;74,84292;2,134659E-07
0,00282;0,26835;0,6205;359,1686;74,84106;-8,004971E-08
0,00026;0,25262;0,58576;359,1667;74,83812;-9,339137E-07
-0,00089;0,2475;0,57395;359,1668;74,83717;2,668324E-08
-0,00178;0,23402;0,544;359,1677;74,83567;-3,468821E-07
-0,00231;0,22797;0,52991;359,1694;74,83653;7,204473E-07
-0,00226;0,2308;0,5353;359,1706;74,8369;5,870309E-07
-0,00227;0,23953;0,5536;359,1729;74,83915;-3,201985E-07
-0,00216;0,23888;0,55175;359,175;74,8399;2,401488E-07
-0,0023;0,21306;0,49652;359,176;74,84165;2,134655E-07
-0,00235;0,17837;0,42068;359,1754;74,84319;-5,069806E-07
-0,00225;0,1744;0,41142;359,1777;74,8465;1,867822E-07
-0,00221;0,16098;0,3823;359,1817;74,85166;-3,735641E-07
-0,00217;0,15936;0,37897;359,1795;74,85091;-5,603463E-07
-0,00209;0,16155;0,38382;359,1804;74,85068;-5,336632E-08
-0,00225;0,16111;0,38279;359,1796;74,8506;3,735643E-07
-0,00242;0,15778;0,37558;359,1798;74,8516;4,002473E-07
-0,00261;0,16423;0,38943;359,1755;74,85058;1,067327E-07
-0,00291;0,17134;0,40439;359,1752;74,85055;2,401487E-07
-0,00325;0,17707;0,41591;359,1748;74,8527;-8,004957E-07
-0,00339;0,22578;0,52098;359,1718;74,8545;-1,067328E-07
-0,00381;0,21459;0,49686;359,1684;74,86135;4,269318E-07
-0,00404;0,22551;0,52011;359,165;74,86493;1,867828E-07
-0,00451;0,24094;0,55268;359,1615;74,86875;-1,600997E-07
-0,00496;0,25804;0,58939;359,1615;74,86875;-1,600997E-07
-0,00525;0,27756;0,63133;359,1611;74,87399;2,668328E-08
-0,00548;0,2923;0,66318;359,1607;74,87473;-2,668329E-08
-0,00575;0,29068;0,65979;359,1615;74,87874;1,334164E-07
-0,00466;0,3187;0,7218;359,1595;74,88072;-1,334165E-07
-0,00263;0,3269;0,74155;359,1594;74,8876;-1,067332E-07
-0,00188;0,31285;0,71239;359,1588;74,8894;1,013966E-06
-0,00052;0,30569;0,69817;359,1573;74,89088;2,401498E-07
0,00055;0,29828;0,68335;359,1546;74,89142;-4,536166E-07
0,0014;0,29037;0,66644;359,1532;74,8905;-5,336668E-07
0,00265;0,27626;0,63612;359,1527;74,88922;4,002502E-07
0,004;0,26079;0,60361;359,1493;74,88963;3,202004E-07
0,0054;0,24752;0,57496;359,1476;74,88845;-3,202005E-07
0,00667;0,23448;0,54747;359,1446;74,8847;4,536177E-07
0,00701;0,22831;0,53438;359,1425;74,8841;7,471356E-07
0,00724;0,22273;0,52263;359,1411;74,88244;3,468845E-07
0,00737;0,22157;0,52031;359,1442;74,88168;0
0,00739;0,2178;0,51201;359,1409;74,88069;-2,668343E-08
0,00746;0,21665;0,50926;359,1402;74,87997;3,202012E-07
0,00749;0,21523;0,50617;359,1393;74,87887;2,668344E-08
0,00752;0,21521;0,50616;359,1377;74,87836;-5,87036E-07
0,00753;0,21329;0,50214;359,1375;74,87876;5,336689E-07
0,00734;0,2136;0,50357;359,1367;74,87551;7,204533E-07
0,00763;0,21745;0,51214;359,1375;74,87522;1,334173E-07
0,00779;0,21798;0,51325;359,1346;74,8765;-3,735685E-07
0,00768;0,21729;0,51107;359,1366;74,87651;-2,668346E-08
0,00756;0,21445;0,5047;359,1365;74,87527;4,002518E-07
0,0076;0,21752;0,51087;359,1383;74,87541;5,336688E-07
0,0073;0,21773;0,51143;359,1388;74,87473;-3,202013E-07
0,00711;0,21693;0,50991;359,1382;74,87496;-5,336689E-07
0,00693;0,21544;0,50739;359,1371;74,87255;-3,202014E-07
0,00752;0,2248;0,52665;359,1398;74,87186;-5,069852E-07
0,00694;0,22452;0,52655;359,1389;74,87083;1,601006E-07
0,00641;0,22257;0,52208;359,1379;74,8718;7,738198E-07
0,00553;0,20866;0,48974;359,1385;74,87125;-8,005034E-08
0,00509;0,20759;0,48677;359,1383;74,8737;2,40151E-07
0,00483;0,20865;0,48911;359,1381;74,87508;2,668344E-07
0,00477;0,21061;0,49352;359,136;74,87795;2,668346E-08
0,00478;0,21429;0,50119;359,1281;74,88455;-8,005055E-08
0,00474;0,213;0,49832;359,1249;74,88913;-8,00506E-08
0,00484;0,21656;0,50565;359,1223;74,89209;2,40152E-07
0,00484;0,21685;0,50626;359,1215;74,89578;5,870384E-07
0,00487;0,21229;0,49685;359,1229;74,89923;-1,867849E-07
0,00478;0,20555;0,48329;359,1181;74,90275;-3,202031E-07
0,00733;0,21939;0,50907;359,117;74,9081;1,867852E-07
0,00546;0,19599;0,46;359,1201;74,91109;-5,336715E-08
0,00484;0,18435;0,43425;359,1168;74,91246;-2,668359E-08
0,00496;0,18419;0,43521;359,1165;74,91436;-2,935196E-07
0,00511;0,18067;0,42832;359,1187;74,91535;2,668359E-08
0,00531;0,1803;0,42778;359,1173;74,91368;-2,401523E-07
0,00548;0,17697;0,42047;359,1185;74,91572;8,005074E-08
0,00779;0,18109;0,42785;359,1159;74,9152;0
0,00656;0,17121;0,40709;359,1201;74,91318;1,601014E-07
0,00611;0,16784;0,39926;359,1148;74,9119;5,336722E-07
0,00639;0,17312;0,41238;359,1158;74,90907;2,401524E-07
0,00653;0,17515;0,41716;359,1127;74,90481;-1,867854E-07
0,0062;0,1669;0,39761;359,1126;74,90405;1,867854E-07
0,0063;0,16253;0,38752;359,1148;74,90218;-7,471411E-07
0,00637;0,16145;0,38499;359,1157;74,90086;-5,870392E-07
0,00646;0,16268;0,38732;359,1124;74,89925;6,137235E-07
0,00669;0,16585;0,39478;359,1146;74,8929;-1,334181E-07
0,0063;0,16144;0,38457;359,1125;74,8915;-1,334181E-07
0,00636;0,16472;0,39234;359,1154;74,89024;4,536213E-07
0,00617;0,15853;0,37799;359,1156;74,88984;4,536213E-07
0,00622;0,15793;0,37723;359,1148;74,89135;-7,204575E-07
0,0063;0,15746;0,37627;359,119;74,89618;-6,670895E-07
0,0065;0,15972;0,3827;359,1131;74,89879;5,336724E-08
0,0064;0,15937;0,38285;359,1069;74,90108;4,536223E-07
0,00629;0,15767;0,37967;359,1056;74,90279;5,870409E-07
0,00615;0,15662;0,3776;359,098;74,90232;-1,601024E-07
0,00614;0,15572;0,37572;359,0959;74,90571;-2,668375E-08
0,0061;0,1602;0,38686;359,0946;74,9052;2,668376E-08
0,00633;0,16025;0,38687;359,0901;74,90285;0
0,00634;0,15923;0,38489;359,0892;74,90146;1,33419E-07
0,00642;0,15871;0,38378;359,0873;74,9006;4,536248E-07
0,00629;0,15828;0,38306;359,0907;74,9006;1,334189E-07
0,00636;0,15969;0,38617;359,0931;74,89983;1,094035E-06
0,00648;0,16241;0,39168;359,0932;74,89916;2,668377E-08
0,009430001;0,1595;0,38583;359,0937;74,90073;9,339319E-07
0,008350001;0,15721;0,38045;359,0953;74,90311;-2,1347E-07
0,00774;0,15744;0,38144;359,0916;74,90884;-5,069918E-07
0,00736;0,15837;0,38356;359,0901;74,91084;-3,468892E-07
0,00729;0,15703;0,38016;359,0871;74,90921;-1,12072E-06
0,00534;0,1239;0,2997;359,0826;74,90818;4,002576E-07
0,00585;0,13323;0,32122;359,08;74,90701;-1,601032E-07
0,00636;0,14163;0,3405;359,0788;74,90482;1,601032E-07
0,00688;0,15383;0,36955;359,08;74,9028;1,601032E-07
0,00705;0,15451;0,37082;359,0796;74,90102;-8,005162E-08
0,00712;0,15625;0,37458;359,0781;74,89821;-2,935227E-07
0,00718;0,15786;0,37793;359,0843;74,89683;-2,935222E-07
0,0072;0,16187;0,38588;359,0823;74,89537;1,86787E-07
0,00737;0,16667;0,3957;359,0866;74,89479;-3,468896E-07
0,00646;0,15017;0,3564;359,0892;74,89103;-9,606168E-07
0,00744;0,16756;0,39742;359,0918;74,88876;8,005134E-07
0,00784;0,17381;0,4123;359,0942;74,88587;4,002564E-07
0,008060001;0,17618;0,41781;359,0982;74,88306;-3,735722E-07
0,00817;0,17766;0,42094;359,1018;74,87395;1,334185E-07
0,00818;0,17934;0,4242;359,103;74,87028;-8,005108E-07
0,008020001;0,17889;0,42325;359,1037;74,86845;4,803065E-07
0,00828;0,18258;0,43116;359,1013;74,86816;6,137253E-07
0,00854;0,18907;0,44542;359,1024;74,86499;5,336739E-07
0,01091;0,21006;0,48563;359,1017;74,86339;7,738276E-07
0,01139;0,21152;0,48805;359,1017;74,86275;1,867859E-07
0,01159;0,21046;0,48577;359,0992;74,86166;-9,606141E-07
0,01167;0,21323;0,49096;359,0984;74,85911;5,87042E-07
0,0101;0,19133;0,44005;359,0999;74,85739;8,005116E-08
0,0102;0,19481;0,44949;359,0984;74,85793;-4,536234E-07
0,01028;0,19689;0,45492;359,0982;74,85693;-5,336746E-08
0,01059;0,20821;0,48289;359,0949;74,85914;-1,867863E-07
0,01028;0,19765;0,45651;359,0955;74,85925;1,013982E-06
0,01012;0,19418;0,44758;359,0953;74,86067;-5,336751E-08
0,01112;0,21385;0,49358;359,0946;74,86169;-1,334188E-07
0,01139;0,22032;0,50925;359,0941;74,86443;-4,002565E-07
0,01114;0,21378;0,49205;359,0944;74,86478;2,668376E-07
0,01123;0,21938;0,50677;359,0956;74,86449;5,603587E-07
0,01064;0,21121;0,48561;359,0984;74,86326;2,93521E-07
0,01067;0,21303;0,48919;359,0967;74,86256;1,06735E-07
0,01126;0,22109;0,50637;359,098;74,8619;-4,803071E-07
0,01125;0,22381;0,51208;359,1006;74,86047;-2,134697E-07
0,01131;0,22652;0,51821;359,0982;74,86112;1,094033E-06
0,01166;0,23154;0,53052;359,097;74,86106;6,937772E-07
0,0121;0,23338;0,53542;359,0903;74,86373;1,867865E-07
0,01215;0,23565;0,5404601;359,0849;74,86675;-3,20206E-07
0,01225;0,23852;0,5475399;359,0838;74,86857;-5,336768E-08
0,01196;0,2392;0,54866;359,0748;74,87399;-6,404138E-07
0,01237;0,24583;0,5643401;359,08;74,8757;3,468903E-07
0,01257;0,2527;0,57983;359,0779;74,87597;-8,272003E-07
0,01279;0,25761;0,59053;359,0777;74,87751;3,202066E-07
0,0128;0,26031;0,59615;359,0726;74,87887;-1,601035E-07
0,01285;0,26212;0,59935;359,0805;74,87997;1,067354E-07
0,01274;0,26331;0,60157;359,0821;74,88139;5,33677E-08
0,01265;0,26554;0,60615;359,0872;74,88123;7,204629E-07
0,01223;0,26723;0,61002;359,088;74,88265;5,336761E-08
0,01244;0,2678;0,61019;359,0941;74,87885;8,005129E-08
0,01243;0,26974;0,61414;359,0947;74,87856;5,336752E-07
0,01242;0,26856;0,61214;359,0958;74,87681;5,069912E-07
0,01259;0,26771;0,61065;359,0997;74,87518;-4,269396E-07
0,01273;0,26491;0,60517;359,1018;74,87374;-3,202044E-07
0,01224;0,25666;0,58695;359,1023;74,87171;-3,468881E-07
0,01272;0,25699;0,58907;359,1029;74,87155;2,66837E-07
0,01268;0,25226;0,57955;359,0999;74,87154;2,134697E-07
0,0127;0,24826;0,57189;359,0981;74,86956;6,670934E-07
0,01261;0,24549;0,5663;359,0985;74,86722;6,670932E-07
0,01284;0,24258;0,56035;359,0966;74,86726;-2,401537E-07
0,0131;0,24037;0,55618;359,0952;74,86639;-1,601025E-07
0,01343;0,23936;0,55388;359,0971;74,86896;-1,601024E-07
0,01342;0,23578;0,54606;359,0987;74,87101;-2,134698E-07
0,01339;0,23302;0,5405;359,0985;74,87222;-6,404095E-07
0,01329;0,23232;0,53934;359,0998;74,87468;-2,134697E-07
0,01478;0,22294;0,51627;359,1046;74,87586;1,334184E-07
0,01416;0,22671;0,52524;359,1029;74,87861;2,66837E-07
0,01489;0,22361;0,51744;359,1007;74,88045;8,005115E-07
0,01402;0,22429;0,51973;359,1054;74,88295;-1,334184E-07
0,01366;0,22551;0,52306;359,1044;74,8857;5,0699E-07
0,0134;0,22652;0,52519;359,1048;74,88703;1,601021E-07
0,01345;0,22786;0,5276;359,1085;74,88725;-5,069895E-07
0,01332;0,22844;0,52885;359,1075;74,88692;4,803059E-07
0,0136;0,23066;0,53268;359,1069;74,88598;3,468877E-07
0,01377;0,23307;0,53763;359,11;74,88521;5,336729E-08
0,01409;0,2378;0,54681;359,1061;74,88535;9,339285E-07
0,01424;0,23857;0,54784;359,1051;74,88332;5,870409E-07
0,01397;0,2332;0,5330999;359,0998;74,88003;-5,870418E-07
0,01364;0,23382;0,53409;359,0965;74,87976;3,202049E-07
0,01358;0,23204;0,52989;359,0938;74,88055;6,137265E-07
0,01151;0,2078;0,48465;359,0852;74,88412;-2,401545E-07
0,01183;0,20468;0,47674;359,0872;74,88336;0
0,01251;0,21493;0,49476;359,0834;74,88837;2,668384E-07
0,01227;0,21496;0,49327;359,0816;74,89001;0
0,01595;0,23136;0,51121;359,0745;74,89078;1,067356E-07
0,01081;0,1734;0,40353;359,0789;74,8912;-4,536258E-07
-0,00508;0,18631;0,39647;359,0722;74,88976;-5,336785E-08
-0,00477;0,11609;0,425;359,0718;74,88877;-1,067357E-07
-Infini;+Infini;+Infini;359,0718;74,887;0
-Infini;+Infini;+Infini;359,0786;74,88583;-3,202065E-07
-Infini;+Infini;+Infini;359,0811;74,88467;5,069933E-07
0,02385;0,08485;0,43467;359,0787;74,88257;-4,536258E-07
0,02822;0,09735;0,43143;359,0815;74,87907;-5,336771E-07
-0,00445;0,14657;0,41516;359,085;74,87132;4,269413E-07
0,02712;0,15132;0,41464;359,0854;74,86982;1,60103E-07
0,00023;0,12335;0,29518;359,0869;74,86732;-1,067353E-07
-0,00582;0,80987;1,72357;359,0851;74,86765;-5,336765E-08
0,00444;0,30182;0,69008;359,0807;74,86565;-2,401547E-07
0,00596;0,18506;0,43449;359,0821;74,86383;-2,668385E-07
0,00384;0,16741;0,39687;359,0816;74,86292;2,668385E-08
0,009810001;0,20778;0,47904;359,0804;74,86117;7,471481E-07
0,00489;0,19456;0,4853;359,079;74,85942;2,13471E-07
0,01133;0,20026;0,46679;359,0786;74,85798;5,336776E-07
0,01208;0,19583;0,45223;359,0738;74,8569;-3,20207E-07
0,01183;0,18889;0,43794;359,075;74,8566;5,336781E-08
0,00816;0,25932;0,58175;359,0772;74,85507;-2,668389E-08
0,00488;0,31863;0,70357;359,079;74,85512;6,40413E-07
0,00412;0,31651;0,69861;359,0806;74,85528;3,468902E-07
0,00684;0,28061;0,62694;359,0823;74,85774;1,334192E-07
0,00534;0,29252;0,65182;359,0862;74,85887;0
0,00401;0,28855;0,64485;359,0896;74,86138;-4,803084E-07
0,00274;0,28599;0,64004;359,0956;74,86449;4,2694E-07
0,00303;0,27523;0,61801;359,0948;74,86617;-6,404101E-07
-0,00014;0,34303;0,75652;359,1035;74,86496;4,26939E-07
-0,00452;0,44624;0,96681;359,1051;74,86386;-1,867858E-07
-0,00557;0,46052;0,99595;359,1029;74,86343;1,334185E-07
-0,00491;0,43049;0,93663;359,1045;74,86232;-2,935205E-07
-0,00476;0,41112;0,89677;359,1019;74,86098;7,738273E-07
-0,0067;0,41746;0,91052;359,1054;74,86037;-2,668367E-07
-0,00699;0,4271;0,93003;359,1047;74,86078;-5,069899E-07
-0,00791;0,44775;0,97098;359,0997;74,8624;3,202046E-07
-0,01001;0,50125;1,08152;359,098;74,8626;3,468885E-07
-0,01284;0,59702;1,27915;359,098;74,86252;3,202048E-07
-0,01302;0,57223;1,22335;359,098;74,86218;-8,005119E-08
-0,0131;0,55864;1,19396;359,0986;74,86114;-1,334186E-07
-0,01302;0,58678;1,25398;359,0974;74,85735;0
-0,01256;0,58482;1,25089;359,0974;74,85735;0
-0,0121;0,5904;1,26419;359,0956;74,85464;-4,803074E-07
-0,01168;0,59937;1,28318;359,0953;74,85583;2,668376E-08
-0,01164;0,59593;1,2754;359,0967;74,85522;-2,134699E-07
-0,009699999;0,5465;1,17027;359,0947;74,85448;4,803077E-07
-0,01006;0,53852;1,15552;359,0977;74,85291;1,040666E-06
-0,00948;0,50789;1,09169;359,0959;74,84951;2,401537E-07
-0,00821;0,44317;0,9544;359,0963;74,8461;-3,735724E-07
-0,00789;0,41625;0,89765;359,097;74,84251;1,601024E-07
-0,00708;0,37052;0,80279;359,1022;74,83948;3,202044E-07
-0,00742;0,36685;0,79602;359,1012;74,838;8,005114E-07
-0,00778;0,35413;0,76991;359,1093;74,83278;-5,33673E-07
-0,00795;0,32426;0,70847;359,11;74,83108;4,53622E-07
-0,00787;0,32607;0,7118;359,1109;74,82992;-8,005092E-08
-0,008350001;0,3183;0,69575;359,1079;74,82939;2,668366E-08
-0,008760001;0,32889;0,7167;359,1104;74,82777;-4,53622E-07
-0,009260001;0,33734;0,73422;359,1063;74,82594;-1,334183E-07
-0,01001;0,36373;0,78948;359,1072;74,82446;1,867857E-07
-0,03116;0,35191;0,79525;359,1041;74,82268;-3,468879E-07
-0,01042;0,39076;0,84606;359,0978;74,8218;-8,538795E-07
-0,03097;0,37897;0,85181;359,091;74,8217;2,40154E-07
-0,00486;0,36654;0,7996;359,0877;74,8234;-1,867867E-07
-0,00251;0,33701;0,74139;359,0879;74,82476;1,867867E-07
-0,00108;0,3357;0,74048;359,0856;74,82712;5,603603E-07
-0,00711;0,41818;0,90776;359,0843;74,82979;-2,134707E-07
-0,01044;0,49478;1,06536;359,0791;74,83298;-1,601032E-07
-0,01234;0,54888;1,17725;359,0797;74,83513;2,668386E-07
-0,00478;0,43784;0,95326;359,0805;74,83681;-7,471481E-07
-0,00232;0,39108;0,85874;359,0831;74,84069;2,668384E-08
-0,00125;0,38194;0,84244;359,0845;74,84072;5,336766E-08
-7E-05;0,37273;0,8245;359,0829;74,84078;9,606183E-07
0,00036;0,38102;0,84273;359,0836;74,84136;-5,336767E-07
-0,01173;0,58857;1,27059;359,0833;74,84301;-1,601031E-07
-0,00508;0,50822;1,10623;359,0829;74,84548;1,147405E-06
-0,00142;0,45655;0,99967;359,0761;74,84552;3,735746E-07
0,00061;0,41244;0,90743;359,0754;74,84742;1,067356E-07
0,00232;0,38318;0,84682;359,0722;74,84806;-2,134714E-07
0,00288;0,37753;0,83349;359,0653;74,84653;5,336796E-07
0,00319;0,38302;0,84538;359,0585;74,84402;-2,134722E-07
-0,00099;0,5124;1,11038;359,059;74,8423;0
-0,00299;0,58088;1,25105;359,0555;74,84022;4,269448E-07
-0,00357;0,62091;1,33098;359,0507;74,83617;2,134727E-07
0,00075;0,51097;1,10469;359,0515;74,83233;5,336817E-07
0,00154;0,44438;0,96178;359,0505;74,83022;6,937864E-07
-0,00039;0,53967;1,15348;359,0525;74,82623;2,134726E-07
0,00062;0,51358;1,0996;359,0554;74,81738;4,269448E-07
-0,00193;0,58831;1,24855;359,0556;74,8148;-2,668405E-07
-0,00411;0,64207;1,35599;359,056;74,81166;-4,803129E-07
-0,00606;0,70806;1,48622;359,0599;74,80853;1,174097E-06
-0,00727;0,71639;1,50059;359,0588;74,80825;-3,735764E-07
-0,0089;0,72589;1,51712;359,058;74,80699;7,471531E-07
-0,01116;0,75116;1,56649;359,0603;74,8049;2,134721E-07
-0,01551;0,83444;1,73279;359,0614;74,7983;3,202081E-07
-0,0196;0,93452;1,93306;359,0576;74,79552;-1,601042E-07
-0,01779;0,85712;1,78002;359,0589;74,79149;1,067361E-07
-0,01749;0,8357199;1,74045;359,0534;74,78722;2,134725E-07
-0,01489;0,75186;1,57227;359,0531;74,78496;-2,668407E-07
-0,01142;0,64017;1,34596;359,0523;74,78362;-4,269452E-07
-0,008470001;0,54533;1,15507;359,0493;74,78037;5,33682E-08
-0,00598;0,48244;1,02856;359,0454;74,78145;1,601048E-06
-0,00396;0,42634;0,91638;359,0482;74,78047;0
-0,00218;0,37515;0,81318;359,0512;74,78017;6,937863E-07
-0,00072;0,33174;0,72536;359,0514;74,78017;-3,735772E-07
0,00028;0,30585;0,67377;359,0514;74,78017;-3,735772E-07
-0,00375;0,3294;0,72007;359,0567;74,78086;2,134723E-07
-0,00603;0,39642;0,85413;359,0596;74,78041;8,005206E-07
-0,00771;0,43097;0,92286;359,0627;74,78258;5,87048E-07
-0,00904;0,46338;0,98862;359,064;74,78536;3,735759E-07
-0,00646;0,42604;0,91411;359,0658;74,7877;3,735756E-07
-0,00555;0,41303;0,88798;359,0626;74,79062;-1,60104E-07
-0,00446;0,39921;0,857;359,0594;74,79221;-2,134721E-07
-0,00728;0,45787;0,97473;359,0584;74,79299;4,803126E-07
-0,00899;0,5081;1,07517;359,0538;74,79414;6,937856E-07
-0,01036;0,53919;1,13698;359,0507;74,79459;-5,336817E-08
-0,01055;0,56734;1,19324;359,0491;74,79566;-4,269455E-07
-0,01082;0,57208;1,20192;359,0475;74,79673;4,269458E-07
-0,01409;0,54857;1,15544;359,0464;74,79898;-1,601047E-07
-0,01195;0,58908;1,23724;359,048;74,80108;-5,336821E-08
-0,00948;0,59508;1,25304;359,0476;74,8022;-3,735776E-07
-0,00984;0,60063;1,26163;359,0509;74,80521;3,735772E-07
-0,01362;0,67549;1,41577;359,0501;74,80883;-5,336818E-07
-0,01486;0,6913;1,44856;359,0495;74,81294;-3,202092E-07
-0,01675;0,72145;1,50807;359,0463;74,81775;4,269459E-07
-0,01623;0,70634;1,47767;359,0444;74,82245;1,067365E-07
-0,01569;0,6852199;1,43548;359,0432;74,82384;6,937879E-07
-0,0149;0,65356;1,37321;359,0392;74,82592;4,803152E-07
-0,01495;0,6523;1,37094;359,0392;74,8269;-1,601051E-07
-0,01369;0,62101;1,30605;359,039;74,82565;-1,067367E-07
-0,01536;0,62246;1,30786;359,0354;74,82418;1,601052E-07
-0,01558;0,60659;1,27376;359,0351;74,82233;-2,134737E-07
-0,01541;0,58867;1,23607;359,0338;74,82095;1,601053E-07
-0,01526;0,56962;1,1962;359,0316;74,81837;-6,404217E-07
-0,01519;0,56432;1,18479;359,0316;74,81837;-6,404217E-07
-0,0142;0,53402;1,1239;359,0317;74,81984;-2,668424E-07
-0,01411;0,5278;1,11126;359,0324;74,81975;-2,668423E-07
-0,01298;0,50507;1,06344;359,0342;74,82033;-1,601053E-07
-0,01314;0,49514;1,04244;359,0334;74,81876;2,134738E-07
-0,01229;0,46907;0,98935;359,0336;74,81863;1,067369E-07
-0,01201;0,45965;0,97008;359,0357;74,81754;3,202105E-07
-0,01146;0,44409;0,93874;359,0374;74,81851;5,336838E-07
-0,01105;0,4383;0,92703;359,0359;74,81889;3,202104E-07
-0,01046;0,43684;0,92384;359,0373;74,82179;-1,601052E-07
-0,00991;0,43021;0,91004;359,0374;74,82336;-3,735787E-07
-0,00671;0,40418;0,86127;359,0361;74,82471;-2,668421E-07
-0,00628;0,38032;0,81518;359,0377;74,8275;3,735787E-07
-0,00702;0,39416;0,8445;359,0394;74,82975;1,120735E-06
-0,00818;0,43491;0,92573;359,0392;74,83006;-4,803152E-07
-0,00883;0,47842;1,01359;359,0383;74,83024;1,067367E-07
-0,008939999;0,43517;0,92999;359,0403;74,82887;-1,067367E-07
-0,00956;0,44635;0,95298;359,0401;74,82623;-1,60105E-07
-0,00942;0,45636;0,97298;359,0405;74,8232;4,80315E-07
-0,00923;0,45665;0,97366;359,0397;74,82005;-3,202101E-07
-0,00939;0,46335;0,98808;359,0389;74,81805;-1,067367E-07
-0,01006;0,49549;1,0533;359,0381;74,81736;4,803154E-07
-0,01046;0,48663;1,0372;359,0318;74,81674;2,668424E-07
-0,01;0,48005;1,0229;359,0292;74,81684;-1,601055E-07
-0,01041;0,47328;1,0093;359,0268;74,81935;-2,668428E-07
-0,01002;0,46072;0,98261;359,0234;74,82166;1,067372E-07
-0,009260001;0,45739;0,97496;359,0231;74,82307;-4,269489E-07
-0,00881;0,44982;0,95847;359,0221;74,82466;0
-0,00956;0,44138;0,93997;359,0209;74,82534;3,202118E-07
-0,00948;0,42237;0,90093;359,019;74,82536;-5,336867E-08
-0,00875;0,41115;0,87596;359,0188;74,82451;2,668434E-07
-0,00796;0,39281;0,83601;359,0179;74,82325;7,471618E-07
-0,008140001;0,39755;0,84404;359,0201;74,81661;3,20212E-07
-0,00841;0,40763;0,86315;359,0206;74,81124;-1,067373E-07
-0,00861;0,42316;0,89411;359,02;74,80704;-5,336867E-08
-0,00878;0,42722;0,9017;359,0222;74,80315;5,336863E-08
-0,00987;0,44711;0,94176;359,0203;74,7996;-1,067373E-07
-0,01058;0,46738;0,98168;359,0193;74,79523;-5,870555E-07
-0,0113;0,49021;1,02741;359,0205;74,78936;3,202119E-07
-0,01167;0,517;1,07944;359,019;74,78587;-4,269494E-07
-0,01189;0,5295;1,10397;359,0184;74,78271;3,202121E-07
-0,01168;0,53095;1,10696;359,0103;74,776;2,668441E-07
-0,0107;0,5293;1,10331;359,0069;74,7741;8,539019E-07
-0,01043;0,5413;1,12726;359,0063;74,77188;-1,601067E-07
-0,01009;0,54677;1,13812;359,0046;74,77116;1,067378E-07
-0,01007;0,56407;1,17293;359,0031;74,76961;-5,336893E-07
-0,00916;0,55841;1,16184;359,0025;74,76974;0
-0,0082;0,54345;1,13252;359,0004;74,76864;-1,601069E-07
-0,00734;0,5273401;1,10113;359,0011;74,76934;4,803206E-07
-0,00706;0,52928;1,10615;359,0027;74,77147;1,067379E-07
-0,00707;0,52763;1,10475;359,003;74,77294;-1,601068E-07
-0,00732;0,53769;1,12605;359,0029;74,77442;4,803204E-07
-0,00834;0,54689;1,14649;359,0045;74,77599;-6,937959E-07
-0,00895;0,55083;1,15732;359,0038;74,77741;1,601068E-07
-0,00975;0,56099;1,18028;359,0031;74,77843;2,134757E-07
-0,01023;0,56907;1,19919;359,0032;74,77915;4,269515E-07
-0,01102;0,57664;1,21539;359,0047;74,77863;5,336891E-08
-0,01202;0,5923499;1,24834;359,0004;74,77529;1,601069E-07
-0,01307;0,61344;1,29231;358,9987;74,77374;-2,13476E-07
-0,01336;0,61932;1,30504;358,9942;74,77306;-5,336907E-08
-0,01356;0,60749;1,28047;358,9907;74,77349;3,735839E-07
-0,01356;0,59526;1,25607;358,9884;74,7735;-2,134767E-07
-0,01341;0,58445;1,23418;358,9841;74,77482;-2,668462E-07
-0,013;0,57722;1,2158;358,9795;74,77338;-3,202159E-07
-0,01271;0,53887;1,13668;358,9763;74,77466;3,735856E-07
-0,01283;0,50751;1,07127;358,9746;74,77572;-2,134776E-07
-0,01312;0,48736;1,02946;358,9734;74,77682;5,336942E-08
-0,01184;0,44476;0,94331;358,9741;74,77779;-1,014019E-06
-0,0114;0,40273;0,85789;358,975;74,77959;2,134776E-07
-0,01129;0,38218;0,81621;358,9782;74,78056;0
-0,01089;0,36578;0,783;358,978;74,78165;-3,20216E-07
-0,01197;0,37991;0,80994;358,9802;74,7821;3,735851E-07
-0,01248;0,38109;0,81023;358,9826;74,78181;-1,067385E-07
-0,01391;0,41615;0,8797899;358,9872;74,77892;-3,202151E-07
-0,0151;0,43755;0,92242;358,9871;74,77792;-1,601076E-07
-0,01438;0,4238;0,89504;358,9873;74,77558;6,937993E-07
-0,01396;0,41544;0,87775;358,9881;74,7743;-5,870609E-07
-0,01456;0,44229;0,93089;358,9897;74,77178;-4,269532E-07
-0,01464;0,45041;0,9455301;358,9903;74,76929;4,803222E-07
-0,01429;0,44833;0,94093;358,9906;74,76726;-4,26953E-07
-0,01594;0,49653;1,03757;358,9918;74,76675;-5,336911E-08
-0,01766;0,5452;1,13572;358,9914;74,76524;5,336912E-08
-0,01879;0,53076;1,1074;358,9951;74,7625;1,601072E-07
-0,02025;0,55877;1,1629;358,9946;74,76003;5,336908E-08
-0,0208;0,57331;1,19189;358,998;74,7592;0
-0,02101;0,58696;1,21914;358,997;74,75636;1,067381E-07
-0,02011;0,55793;1,16137;358,9989;74,75607;1,06738E-07
-0,02004;0,55266;1,15126;359,0032;74,75703;5,336894E-08
-0,02047;0,55319;1,1534;359,0046;74,75697;2,668446E-07
-0,02111;0,56381;1,1748;359,007;74,75864;-1,601066E-07
-0,02014;0,54602;1,13944;359,0102;74,76081;-2,134753E-07
-0,01867;0,51841;1,08383;359,0163;74,76645;5,336872E-08
-0,01719;0,51071;1,06902;359,0198;74,76909;-4,269493E-07
-0,01616;0,50616;1,0614;359,023;74,77173;2,66843E-07
-0,01496;0,49442;1,03772;359,0245;74,77287;5,336859E-07
-0,01423;0,48774;1,02453;359,0266;74,77413;2,134742E-07
-0,01331;0,48879;1,02712;359,0279;74,77451;0
-0,01258;0,48526;1,0195;359,0277;74,77445;0
-0,0119;0,48609;1,02101;359,0274;74,77385;2,134742E-07
-0,01154;0,4895;1,02797;359,0276;74,77406;2,668427E-07
-0,01172;0,49919;1,04754;359,025;74,77487;4,803172E-07
-0,01197;0,50702;1,06372;359,0236;74,77627;1,067372E-07
-0,01247;0,50728;1,06423;359,0207;74,77734;-6,937923E-07
-0,01291;0,5156;1,08045;359,0204;74,77903;-4,269492E-07
-0,01349;0,53288;1,11596;359,0188;74,77953;-5,336868E-08
-0,01363;0,541;1,13355;359,0183;74,78009;-6,937928E-07
-0,01447;0,56113;1,1756;359,0162;74,77925;2,668436E-07
-0,01451;0,5672801;1,19059;359,0158;74,77845;-1,601062E-07
-0,01466;0,58412;1,2272;359,0137;74,77771;2,668438E-07
-0,01463;0,59352;1,24838;359,0107;74,77491;-5,336882E-08
-0,01428;0,58743;1,23876;359,0085;74,77295;-5,336884E-08
-0,01381;0,58477;1,23424;359,011;74,77218;-1,601064E-07
-0,01357;0,61311;1,29153;359,0104;74,76949;3,202129E-07
-0,01289;0,60839;1,28205;359,0107;74,76727;-4,803192E-07
-0,01275;0,6197;1,3056;359,0077;74,76278;-5,336886E-08
-0,01056;0,58855;1,24424;359,007;74,76147;-3,735821E-07
-0,01139;0,65006;1,36799;359,0062;74,76062;-1,601066E-07
-0,01231;0,71911;1,50577;359,0072;74,76016;-2,134754E-07
-0,01256;0,75319;1,57305;359,0071;74,75822;2,668443E-07
-0,01213;0,78483;1,63357;359,0066;74,75607;-1,601066E-07
-0,01045;0,8023;1,66693;359,0064;74,7542;0
-0,00992;0,82201;1,70593;359,006;74,75275;4,269511E-07
-0,00968;0,82959;1,72212;359,0054;74,75127;2,134756E-07
-0,00946;0,8896;1,8381;359,0038;74,75047;1,601068E-07
-0,00844;0,86768;1,7943;359,003;74,75036;2,668447E-07
-0,00617;0,79555;1,64829;358,9995;74,75253;1,601069E-07
-0,00611;0,77743;1,61202;358,9942;74,75356;0
-0,00609;0,76055;1,5798;358,9959;74,75467;-5,336905E-07
-0,00471;0,7329;1,52423;358,9937;74,75591;5,336909E-08
-0,00368;0,69899;1,45755;358,9924;74,7578;-2,134764E-07
-0,00293;0,67171;1,40113;358,9906;74,75872;5,336914E-07
-0,0004;0,61846;1,29405;358,9858;74,759;-6,937998E-07
0,00131;0,5804099;1,21705;358,9885;74,76086;1,601075E-07
0,00182;0,56778;1,19224;358,989;74,76224;1,067383E-07
0,00263;0,54752;1,15139;358,9893;74,76591;-3,20215E-07
0,00235;0,56484;1,18625;358,9884;74,76742;-3,20215E-07
0,00231;0,56462;1,18495;358,9876;74,7703;6,404302E-07
0,00239;0,56694;1,18797;358,9819;74,77404;-1,601079E-07
-0,00015;0,63137;1,31555;358,9806;74,78013;2,134772E-07
-0,00136;0,66161;1,37485;358,9776;74,78576;-5,336935E-07
-0,00011;0,62389;1,29849;358,9704;74,79317;1,067389E-07
-0,00197;0,65548;1,35841;358,97;74,80048;-1,601084E-07
-0,00332;0,67388;1,3947;358,9669;74,80063;5,336952E-08
-0,00397;0,66372;1,37383;358,9696;74,80046;2,668475E-07
-0,0041;0,63341;1,31368;358,961;74,80045;-2,668481E-07
-0,00419;0,60362;1,25352;358,965;74,79839;-3,735869E-07
-0,00417;0,57811;1,20179;358,9625;74,79879;-1,601088E-07
-0,00453;0,56327;1,17144;358,9613;74,79864;-1,601089E-07
-0,00332;0,51921;1,08244;358,9615;74,79906;-4,803265E-07
-0,00294;0,48888;1,02276;358,9608;74,80077;-4,269571E-07
-0,0041;0,49522;1,03521;358,9617;74,80117;-4,269569E-07
-0,00493;0,48984;1,02538;358,9588;74,80219;-5,336967E-07
-0,00535;0,47031;0,98635;358,9565;74,8;3,202182E-07
-0,00548;0,45099;0,94723;358,9549;74,79741;-1,601092E-07
-0,00577;0,44209;0,92811;358,9566;74,79372;1,067394E-07
-0,00579;0,42705;0,8967;358,9536;74,78975;1,067395E-07
-0,00584;0,41989;0,8821501;358,9523;74,78609;5,336977E-07
-0,00587;0,40299;0,84864;358,9526;74,77748;-2,134791E-07
-0,00605;0,39965;0,84245;358,952;74,77347;5,870676E-07
-0,00626;0,40078;0,84464;358,9469;74,76849;2,134794E-07
-0,00633;0,40164;0,84682;358,9449;74,76263;5,33699E-08
-0,00627;0,39802;0,8391;358,9444;74,75968;-1,601097E-07
-0,00617;0,39994;0,8435;358,9439;74,75745;-2,668496E-07
-0,00612;0,40129;0,84762;358,9439;74,75745;-2,668496E-07
-0,00601;0,40155;0,84955;358,9393;74,75023;-1,01403E-06
-0,00595;0,40639;0,8591;358,9382;74,75011;1,0674E-07
-0,00586;0,41069;0,8686;358,9402;74,75152;-3,202198E-07
-0,00586;0,41936;0,886;358,9386;74,74982;-2,1348E-07
-0,00576;0,4163;0,88016;358,9374;74,75224;2,668502E-07
-0,00579;0,42127;0,89069;358,9385;74,75108;4,269601E-07
-0,00562;0,4191;0,88583;358,9349;74,74921;-1,067402E-07
-0,00562;0,41699;0,88209;358,9368;74,74989;4,803304E-07
-0,00558;0,41933;0,88645;358,9362;74,74868;-4,803304E-07
-0,00527;0,42667;0,90002;358,9368;74,74579;1,601101E-07
-0,0045;0,44698;0,94031;358,9348;74,74226;-5,337007E-08
-0,00389;0,46172;0,97148;358,9362;74,73978;-2,668503E-07
-0,00324;0,48056;1,00903;358,9335;74,73673;2,134804E-07
-0,00286;0,48085;1,00932;358,9324;74,7361;-5,870712E-07
-0,00242;0,50302;1,05271;358,9296;74,73594;4,803314E-07
-0,00212;0,51519;1,07568;358,9291;74,73685;-4,803316E-07
-0,00216;0,54147;1,1271;358,9288;74,7383;-4,269615E-07
-0,00375;0,53756;1,12177;358,9282;74,73934;-2,134807E-07
-0,00365;0,55554;1,15675;358,9299;74,74258;-3,735911E-07
-0,00418;0,58169;1,2096;358,9286;74,74237;-1,067404E-07
-0,00532;0,5889601;1,22462;358,9314;74,74669;0
-0,00649;0,58167;1,21133;358,9287;74,747;7,471824E-07
-0,00771;0,5641;1,17742;358,9304;74,7485;5,337015E-07
-0,00856;0,56101;1,17117;358,9313;74,7485;4,803313E-07
-0,00963;0,55726;1,16509;358,9337;74,74691;1,067402E-07
-0,0099;0,53261;1,11665;358,9349;74,7451;5,337008E-08
-0,01047;0,51369;1,0803;358,936;74,74302;-5,870706E-07
-0,01066;0,50995;1,07375;358,935;74,74043;-3,202204E-07
-0,0105;0,51485;1,08339;358,9376;74,73971;0
-0,01022;0,5079;1,06868;358,9399;74,74192;9,606598E-07
-0,0101;0,4932;1,03912;358,9396;74,74122;-5,337E-07
-0,01013;0,47861;1,01009;358,938;74,73759;2,134801E-07
-0,01013;0,46934;0,99212;358,9387;74,73628;-5,337E-07
-0,00992;0,45648;0,96659;358,9402;74,73567;2,134799E-07
-0,00949;0,44467;0,94218;358,9391;74,7345;5,337E-08
-0,00923;0,43806;0,92771;358,9386;74,73311;2,1348E-07
-0,00883;0,42499;0,90027;358,9381;74,73241;3,202201E-07
-0,00838;0,4075;0,86375;358,9379;74,73518;4,803302E-07
-0,00748;0,39906;0,84497;358,9403;74,73683;-3,202198E-07
-0,00068;0,39041;0,81722;358,9437;74,74039;-3,202196E-07
-0,0018;0,51719;1,03361;358,9456;74,74385;0
-0,01585;0,25174;0,52386;358,9468;74,7458;5,870685E-07
-0,01638;0,1335;0,37385;358,9486;74,7481;-7,471777E-07
-0,01473;0,11133;0,38225;358,9465;74,74842;-5,336987E-08
-0,01321;0,08385;0,28401;358,9485;74,75343;5,336983E-08
-0,0107;0,10765;0,32134;358,949;74,75909;-5,336983E-07
-0,00162;0,21627;0,53312;358,9506;74,76067;4,269584E-07
-0,00694;0,52065;1,13875;358,9539;74,76139;3,202184E-07
-0,00118;0,41478;0,90162;358,9511;74,76175;5,870677E-07
0,00067;0,29221;0,63774;358,9515;74,76125;6,938072E-07
0,0002;0,25514;0,55997;358,9512;74,76066;4,803281E-07
0,00011;0,25544;0,55977;358,9479;74,75974;1,067397E-07
-0,005;0,30474;0,65758;358,9471;74,76081;5,336987E-08
-0,00246;0,27756;0,60282;358,9413;74,76262;4,269597E-07
-0,00079;0,25714;0,56362;358,9405;74,76424;-5,870697E-07
-0,00034;0,23577;0,52132;358,9381;74,76546;0
-0,00021;0,22944;0,50941;358,9359;74,76575;0
-0,00318;0,26304;0,57641;358,9343;74,7663;-1,601103E-07
-0,00552;0,2921;0,63549;358,9363;74,76546;1,067401E-07
-0,00415;0,27894;0,6109;358,9324;74,76406;3,202207E-07
-0,00338;0,26635;0,58683;358,9306;74,76193;-3,73591E-07
-0,00291;0,2599;0,57506;358,9294;74,75814;3,202211E-07
-0,00218;0,24895;0,55462;358,9283;74,75037;-4,803317E-07
-0,00148;0,22299;0,50386;358,9509;74,75533;-2,66849E-07
-0,00445;0,26633;0,59088;358,9288;74,73992;2,668509E-07
-0,0063;0,29228;0,64442;358,9316;74,73508;-1,067403E-07
-0,00769;0,30702;0,67438;358,9317;74,72852;3,735909E-07
-0,008640001;0,32048;0,70279;358,9328;74,72237;8,005517E-07
-0,008939999;0,32137;0,70487;358,9331;74,71596;1,067402E-07
0,00401;0,21362;0,48802;358,9319;74,70876;3,202208E-07
-0,00212;0,2712;0,60453;358,9325;74,69576;-3,735908E-07
0,00564;0,19106;0,44233;358,934;74,69018;4,269607E-07
0,00831;0,16982;0,39844;358,9333;74,68357;-1,601103E-07
0,00191;0,24159;0,5437;358,9337;74,67841;-2,668505E-07
-0,00163;0,27952;0,62098;358,9331;74,6723;1,067402E-07
-0,00177;0,2918;0,64771;358,9316;74,66607;-1,601104E-07
-0,0007799999;0,27473;0,61277;358,9318;74,66225;1,601104E-07
0,0004;0,25097;0,56381;358,9297;74,65742;-2,134806E-07
0,00126;0,23164;0,52454;358,9299;74,65307;1,601105E-07
0,00136;0,22412;0,50858;358,929;74,64516;5,337017E-08
-0,0009;0,24377;0,54456;358,9294;74,64153;1,067403E-07
-0,00306;0,26801;0,59097;358,9308;74,6399;1,067403E-07
-0,00447;0,25389;0,55485;358,9328;74,63853;2,134805E-07
-0,00486;0,27336;0,59296;358,9335;74,63799;1,601103E-07
-0,0052;0,28245;0,60991;358,9356;74,63782;3,202204E-07
-0,00503;0,26302;0,56666;358,9366;74,63767;-6,404406E-07
-0,00493;0,24091;0,51715;358,9372;74,63879;-4,269602E-07
-0,00529;0,23988;0,51219;358,9384;74,64341;2,668501E-07
-0,00581;0,24728;0,52443;358,9376;74,64637;-4,803303E-07
-0,00672;0,24238;0,51097;358,9358;74,64748;5,337006E-08
-0,00733;0,25505;0,53633;358,9332;74,65009;-2,134804E-07
-0,00769;0,26106;0,54826;358,931;74,65654;-5,337013E-08
-0,00751;0,27624;0,58169;358,9264;74,65927;-1,601107E-07
-0,00737;0,27756;0,58562;358,9243;74,66521;3,202215E-07
-0,00634;0,26195;0,55599;358,92;74,67341;2,134813E-07
-0,00659;0,27921;0,59322;358,9186;74,68031;-5,337036E-08
-0,007;0,30629;0,65233;358,9178;74,68958;-2,134815E-07
-0,00727;0,31898;0,68081;358,9193;74,69316;-1,067407E-07
-0,0075;0,32133;0,68789;358,92;74,69447;-3,735924E-07
-0,00785;0,34697;0,7439;358,9212;74,69951;-2,134812E-07
-0,00868;0,37773;0,81144;358,9237;74,70184;-5,337028E-08
-0,008479999;0,36795;0,7913401;358,9265;74,71008;-6,938129E-07
-0,009409999;0,37865;0,81297;358,9283;74,71474;-1,601105E-07
-0,01018;0,38722;0,83087;358,9306;74,7195;-1,067403E-07
-0,01343;0,43488;0,92732;358,9329;74,72476;-1,067402E-07
-0,0156;0,47765;1,01414;358,9373;74,73402;2,134801E-07
-0,01715;0,50765;1,07615;358,9388;74,73757;-2,668501E-07
-0,01736;0,51067;1,08199;358,9411;74,7417;-2,134799E-07
-0,01691;0,50149;1,06367;358,9403;74,74264;-7,471797E-07
-0,01527;0,44601;0,94569;358,9422;74,74587;-1,601098E-07
-0,01481;0,42322;0,89844;358,9422;74,7467;-4,803296E-07
-0,01363;0,41759;0,8867199;358,9408;74,74521;-5,870696E-07
-0,01253;0,40334;0,85663;358,9424;74,74574;5,336994E-08
-0,01217;0,40336;0,85607;358,9448;74,74496;6,404389E-07
-0,01183;0,40298;0,85482;358,9465;74,74361;9,072878E-07
-0,01112;0,39684;0,84157;358,9486;74,73978;1,067397E-07
-0,01021;0,40198;0,8510301;358,951;74,73827;3,735885E-07
-0,00935;0,39559;0,8369;358,9527;74,73507;-5,336976E-08
-0,009029999;0,38695;0,81788;358,9558;74,7336;0
-0,0094;0,42138;0,88977;358,9584;74,73402;-1,60109E-07
-0,00939;0,43472;0,91715;358,9633;74,73664;4,269567E-07
-0,00924;0,4397;0,92716;358,9691;74,73912;-1,06739E-07
-0,00906;0,44402;0,93546;358,9692;74,74028;4,803254E-07
-0,00882;0,43739;0,92116;358,9692;74,73976;-4,803254E-07
-0,0089;0,43665;0,91906;358,972;74,74201;1,601083E-07
-0,00906;0,43482;0,91529;358,9741;74,74203;2,66847E-07
-0,009020001;0,43725;0,92017;358,9776;74,7418;4,80324E-07
-0,00962;0,45222;0,95014;358,9735;74,74017;-1,601082E-07
-0,009819999;0,45627;0,95809;358,9737;74,73837;3,735859E-07
-0,00946;0,45383;0,95327;358,974;74,72894;-6,938022E-07
-0,00922;0,44898;0,94313;358,9712;74,72696;5,336946E-07
-0,00921;0,4543;0,95336;358,9728;74,72396;-4,803248E-07
-0,009260001;0,45665;0,95863;358,9727;74,72202;-1,067389E-06
-0,00942;0,46761;0,98148;358,975;74,72081;-1,601082E-07
-0,00907;0,45905;0,96499;358,9734;74,71589;0
-0,008939999;0,49724;1,04124;358,9773;74,71634;4,269548E-07
-0,00913;0,48016;1,00796;358,9796;74,71594;-4,269546E-07
-0,00906;0,4789;1,00812;358,9783;74,71258;4,269547E-07
-0,00995;0,52934;1,11277;358,9828;74,71194;-6,938004E-07
-0,01063;0,55952;1,17473;358,9812;74,71198;1,601079E-07
-0,01142;0,5786;1,21503;358,9837;74,71233;1,067385E-07
-0,01139;0,57484;1,20766;358,9811;74,71119;-3,735851E-07
-0,01118;0,5862;1,22968;358,9811;74,71018;-2,668465E-07
-0,01111;0,60562;1,26851;358,9802;74,70918;5,336931E-08
-0,01142;0,63687;1,33237;358,979;74,70727;2,668466E-07
-0,01362;0,72142;1,50105;358,977;74,70492;-1,067387E-07
-0,01355;0,76271;1,58232;358,971;74,69903;-1,601084E-07
-0,01193;0,74012;1,53757;358,9665;74,69732;1,067391E-07
-0,01083;0,72473;1,50336;358,9622;74,6936;-1,601088E-07
-0,0101;0,7086599;1,46971;358,9605;74,68981;2,668482E-07
-0,00921;0,70502;1,46097;358,9612;74,68834;-1,601089E-07
-0,00879;0,71233;1,4755;358,9586;74,6844;1,60109E-07
-0,00872;0,70465;1,46336;358,9586;74,68034;-5,336966E-08
-0,00877;0,72676;1,50811;358,9586;74,67757;-2,134787E-07
-0,008859999;0,74725;1,54869;358,9608;74,67719;0
-0,00881;0,7736501;1,60654;358,9599;74,67788;-5,336964E-08
-0,008979999;0,77893;1,6189;358,9576;74,67883;5,336968E-08
-0,00986;0,78634;1,63244;358,9589;74,68296;-4,269573E-07
-0,01058;0,80287;1,66735;358,9567;74,68434;1,601091E-07
-0,01145;0,81444;1,69129;358,9541;74,68657;0
-0,01219;0,82404;1,71039;358,9543;74,69153;-4,803276E-07
-0,0132;0,85802;1,77988;358,9514;74,69527;2,134792E-07
-0,01396;0,88103;1,82389;358,9487;74,69672;2,668492E-07
-0,01445;0,87551;1,81029;358,9432;74,69448;1,601098E-07
-0,01399;0,84295;1,7411;358,9399;74,69323;-2,1348E-07
-0,01413;0,83049;1,71313;358,94;74,69596;-2,1348E-07
-0,01387;0,81969;1,68916;358,9366;74,69074;-8,539207E-07
-0,01135;0,76186;1,57395;358,9366;74,69074;-8,539207E-07
-0,00837;0,67987;1,40953;358,938;74,69553;2,668501E-07
-0,00562;0,60897;1,2683;358,9399;74,6965;5,336999E-08
-0,002;0,47573;1,00532;358,9397;74,69749;-4,269599E-07
0,00521;0,33414;0,72073;358,9406;74,69987;1,0674E-07
0,0038;0,35408;0,75974;358,9447;74,70102;1,067398E-07
0,00352;0,35002;0,75188;358,9472;74,70316;2,134794E-07
0,00366;0,33492;0,72261;358,9462;74,7029;2,134795E-07
0,0043;0,31543;0,68393;358,9474;74,70297;-5,870684E-07
0,00497;0,29479;0,64315;358,945;74,69998;9,606581E-07
0,00604;0,27776;0,60841;358,9449;74,70303;-3,202194E-07
0,00609;0,27259;0,59805;358,9428;74,70251;0
0,007;0,26608;0,58464;358,9408;74,70386;-2,668498E-07
0,008090001;0,26159;0,57532;358,9381;74,70492;-5,870702E-07
0,00631;0,29065;0,63392;358,9339;74,70718;-2,668504E-07
0,0087;0,2915;0,63388;358,9346;74,71156;-5,337009E-07
0,00957;0,28114;0,61332;358,9313;74,71189;-6,938117E-07
0,00927;0,28584;0,62349;358,9341;74,71672;-4,803308E-07
0,00928;0,29222;0,63647;358,9353;74,71926;-5,870708E-07
0,008640001;0,31119;0,6744699;358,9356;74,72118;-2,134802E-07
0,00829;0,32783;0,70752;358,9384;74,72435;-1,6011E-07
0,008;0,33655;0,72535;358,9384;74,72497;0
0,00777;0,34399;0,74098;358,9404;74,72842;-3,202199E-07
0,00746;0,34868;0,75071;358,9406;74,73016;1,601099E-07
0,00728;0,35288;0,75907;358,9396;74,7293;2,6685E-07
0,00647;0,36878;0,79099;358,94;74,72941;9,072896E-07
0,00598;0,37412;0,8019699;358,9392;74,73136;-1,0674E-07
0,0055;0,37837;0,81112;358,937;74,73121;1,067401E-07
0,00523;0,38496;0,82516;358,9379;74,73411;1,0674E-07
0,00483;0,38806;0,83195;358,9364;74,73467;-1,067401E-07
0,00462;0,3882;0,83206;358,9347;74,73811;-1,067401E-07
0,0046;0,38802;0,83108;358,9326;74,73846;2,134804E-07
0,00467;0,38466;0,82398;358,9303;74,73818;0
0,00356;0,44413;0,93906;358,9322;74,74215;-2,668506E-07
0,00227;0,47186;0,99365;358,9308;74,74183;4,803313E-07
0,00337;0,43296;0,91812;358,9321;74,74176;-5,337013E-07
0,00181;0,48486;1,0197;358,9335;74,74327;-2,668505E-07
0,00086;0,52146;1,09129;358,9354;74,74544;1,601102E-07
0,00218;0,48385;1,01663;358,9355;74,7482;-1,067401E-07
0,00077;0,52886;1,10591;358,9356;74,75031;-1,601102E-07
0,00165;0,50513;1,06089;358,9349;74,7521;4,269606E-07
0,00035;0,55489;1,15946;358,9347;74,7535;-2,134803E-07
-0,00077;0,5941;1,23667;358,9361;74,75532;1,601102E-07
-0,00193;0,62103;1,29003;358,9364;74,75539;4,269603E-07
-0,00237;0,63498;1,31927;358,9379;74,75454;5,337001E-08
-0,004;0,67699;1,40096;358,9606;74,76634;0
-0,00464;0,69198;1,43177;358,9604;74,76794;5,336963E-08
-0,00464;0,69887;1,44536;358,9404;74,75884;-3,202199E-07
-0,00566;0,72766;1,50121;358,942;74,76065;-3,202197E-07
-0,0061;0,74771;1,53971;358,938;74,76118;-5,337002E-08
-0,00735;0,79239;1,62601;358,9393;74,76079;4,2696E-07
-0,00816;0,81278;1,66598;358,9385;74,75935;5,337001E-08
-0,00846;0,82882;1,69799;358,9427;74,75912;1,601098E-07
-0,008520001;0,84254;1,72786;358,9413;74,75653;2,134798E-07
-0,00899;0,86877;1,77897;358,9409;74,75519;4,803297E-07
-0,00908;0,86307;1,7688;358,936;74,74824;5,337005E-08
-0,00907;0,86725;1,77523;358,9399;74,75057;0
-0,00975;0,87902;1,79668;358,9441;74,74827;2,668496E-07
-0,01038;0,88605;1,81096;358,9429;74,74632;-5,336993E-08
-0,01018;0,86914;1,77763;358,9437;74,74352;-3,735894E-07
-0,0104;0,86819;1,7773;358,944;74,73997;2,134797E-07
-0,01081;0,8714;1,78537;358,9431;74,73701;0
-0,01055;0,85868;1,76053;358,9422;74,73462;5,336994E-08
-0,01;0,82966;1,70207;358,9436;74,73411;9,072887E-07
-0,00934;0,80182;1,64937;358,9461;74,73488;4,803289E-07
-0,00875;0,79149;1,62682;358,9493;74,73495;5,336982E-08
-0,00842;0,7744;1,59397;358,9466;74,7318;-3,202192E-07
-0,00766;0,74267;1,53232;358,9473;74,73043;8,005479E-07
-0,00713;0,74005;1,52705;358,9449;74,72696;-4,803291E-07
-0,00688;0,73515;1,51739;358,9439;74,72797;-3,202195E-07
-0,00687;0,74192;1,53035;358,9427;74,72488;5,336994E-08
-0,00608;0,7259001;1,49883;358,9364;74,71895;0
-0,00604;0,69463;1,4345;358,9319;74,71224;-2,134805E-07
-0,006;0,69272;1,42929;358,9294;74,70807;-2,668509E-07
-0,00623;0,70348;1,44931;358,9274;74,70389;-5,337021E-07
-0,00602;0,69753;1,43893;358,9247;74,70023;-3,202215E-07
-0,00625;0,7;1,44492;358,9242;74,69669;-4,269621E-07
-0,00662;0,70754;1,46108;358,9209;74,69647;1,067406E-07
-0,00704;0,70005;1,44834;358,9209;74,69739;1,601109E-07
-0,00726;0,69403;1,43704;358,9202;74,69678;1,60111E-07
-0,00767;0,68119;1,41265;358,9193;74,69711;-3,20222E-07
-0,008359999;0,68953;1,4285;358,9215;74,69771;2,134812E-07
-0,00918;0,71082;1,47242;358,9224;74,69708;-2,668514E-07
-0,009810001;0,72153;1,4959;358,923;74,69701;1,014035E-06
-0,01068;0,72154;1,49814;358,9223;74,69589;-7,471841E-07
-0,01153;0,73546;1,52598;358,9477;74,70762;4,269588E-07
-0,01184;0,73461;1,52313;358,9225;74,69856;1,067406E-07
-0,01185;0,73961;1,53199;358,9209;74,69814;1,067406E-07
-0,01182;0,75376;1,55774;358,9208;74,69907;-3,202219E-07
-0,01168;0,75781;1,56245;358,9174;74,69464;-2,668519E-07
-0,01162;0,75467;1,55261;358,9173;74,69174;-1,601111E-07
-0,01206;0,75016;1,54136;358,9169;74,68948;-5,870743E-07
-0,01315;0,7749;1,59248;358,9157;74,68478;-3,202224E-07
-0,01379;0,75645;1,55443;358,9167;74,68113;-2,134815E-07
-0,01441;0,74219;1,52486;358,9178;74,67787;3,735926E-07
-0,01509;0,7256;1,4903;358,9176;74,67696;4,26963E-07
-0,01512;0,71745;1,47333;358,9208;74,67229;-5,337031E-08
-0,01585;0,72054;1,4796;358,9209;74,67208;1,60111E-07
-0,01706;0,73015;1,49765;358,9239;74,67093;5,337027E-08
-0,01832;0,75409;1,54543;358,9231;74,67148;-5,337028E-08
-0,01939;0,77395;1,58432;358,9242;74,6738;-5,337025E-08
-0,01931;0,77634;1,58845;358,9234;74,67731;-1,067406E-07
-0,01966;0,78302;1,59996;358,9241;74,67978;-1,601108E-07
-0,02075;0,81209;1,65513;358,9239;74,68138;7,471836E-07
-0,02124;0,82146;1,67196;358,9227;74,68248;2,668514E-07
-0,02102;0,82157;1,67139;358,9227;74,68621;-4,269623E-07
-0,02138;0,82717;1,68079;358,9201;74,68423;-2,134813E-07
-0,02152;0,83472;1,69391;358,9178;74,68536;1,067407E-07
-0,0209;0,81213;1,65;358,9172;74,68427;-1,601111E-07
-0,02075;0,80193;1,62849;358,9141;74,68079;-1,067409E-07
-0,02079;0,79342;1,6111;358,913;74,67911;5,870751E-07
-0,02094;0,78433;1,59312;358,9153;74,67704;-3,735929E-07
-0,0197;0,72752;1,48664;358,9187;74,67161;-2,668518E-07
-0,01907;0,72575;1,48278;358,9198;74,66868;1,067407E-07
-0,01862;0,71802;1,46763;358,9181;74,66031;0
-0,01824;0,69093;1,4159;358,9177;74,65825;-4,803333E-07
-0,01863;0,69486;1,42496;358,9169;74,65629;8,005558E-07
-0,01883;0,68538;1,40786;358,9178;74,65311;-2,134815E-07
-0,0189;0,6796;1,3962;358,9174;74,65157;9,072965E-07
-0,01849;0,6654601;1,369;358,918;74,64878;-3,202222E-07
-0,01794;0,65005;1,33812;358,9197;74,64709;0
-0,01783;0,64835;1,33476;358,9199;74,64363;-5,337033E-08
-0,01749;0,6486;1,33394;358,9213;74,64195;-1,067406E-07
-0,01748;0,64777;1,3317;358,9214;74,64065;-1,067406E-07
-0,01756;0,64777;1,3304;358,9218;74,63946;3,735921E-07
-0,01757;0,64184;1,3178;358,9227;74,63752;-4,269623E-07
-0,0173;0,63239;1,29703;358,9239;74,63736;1,601108E-07
-0,01744;0,62669;1,28364;358,9264;74,6362;-3,202213E-07
-0,01737;0,6204;1,2698;358,9279;74,63506;4,269615E-07
-0,01726;0,61528;1,25885;358,9294;74,6321;4,269613E-07
-0,01768;0,60808;1,24547;358,9293;74,63203;-5,870718E-07
-0,01771;0,59648;1,22316;358,9312;74,62956;3,202208E-07
-0,01795;0,58125;1,19339;358,9319;74,62999;0
-0,0181;0,564;1,16046;358,9339;74,62988;-2,668504E-07
-0,01821;0,55353;1,14111;358,9357;74,62987;-2,134803E-07
-0,01888;0,5500301;1,13596;358,9373;74,62955;-5,870704E-07
-0,01919;0,54455;1,12718;358,9418;74,62791;-3,735897E-07
-0,01933;0,53815;1,11605;358,9437;74,62728;4,269593E-07
-0,01941;0,5285;1,09917;358,9457;74,62642;-2,134796E-07
-0,01989;0,52423;1,09238;358,9478;74,62653;0
-0,02017;0,5252;1,09574;358,9499;74,62846;-5,336981E-08
-0,02081;0,52638;1,09934;358,9518;74,63042;5,336979E-08
-0,02158;0,5334;1,11459;358,9543;74,63247;6,404368E-07
-0,02197;0,5392801;1,12732;358,9572;74,63499;-5,336969E-08
-0,02075;0,52769;1,10353;358,9601;74,63707;-1,601089E-07
-0,02061;0,53301;1,11454;358,9619;74,63894;-1,067392E-07
-0,02083;0,5388401;1,1273;358,9634;74,63918;-8,005438E-07
-0,02114;0,54217;1,13472;358,9665;74,64137;4,803258E-07
-0,02196;0,56278;1,1765;358,9666;74,63968;-2,134781E-07
-0,0223;0,57438;1,19939;358,9695;74,63903;-6,404337E-07
-0,02281;0,58866;1,22823;358,9687;74,63609;-3,202169E-07
-0,02382;0,61814;1,28526;358,9691;74,63335;-1,06739E-07
-0,02469;0,64499;1,33582;358,9686;74,62998;-4,803255E-07
-0,02451;0,65252;1,34861;358,9669;74,62756;0
-0,02512;0,67893;1,39887;358,9652;74,62596;-1,067391E-07
-0,02455;0,67823;1,39573;358,9642;74,62361;-1,601087E-07
-0,02406;0,68247;1,40249;358,9623;74,62232;-4,269568E-07
-0,02312;0,70734;1,45023;358,9604;74,61717;5,87066E-07
-0,02305;0,70928;1,45233;358,9581;74,61271;-1,067393E-07
-0,02311;0,74314;1,51935;358,9563;74,60833;3,202182E-07
-0,02276;0,75875;1,55018;358,9545;74,6043;5,87067E-07
-0,02282;0,75824;1,54769;358,9536;74,59924;3,735883E-07
-0,02292;0,77697;1,5845;358,9513;74,59461;2,66849E-07
-0,02267;0,77667;1,58333;358,9496;74,58989;-2,134793E-07
-0,02418;0,79085;1,61313;358,9478;74,58514;0
-0,02509;0,80462;1,64155;358,9492;74,5807;4,803285E-07
-0,02579;0,80137;1,63607;358,9477;74,57239;-3,73589E-07
-0,02682;0,81036;1,65625;358,9443;74,56565;5,336992E-08
-0,02789;0,82027;1,67796;358,9443;74,55977;-5,336991E-07
-0,02748;0,8052199;1,64933;358,9467;74,55985;1,067397E-07
-0,02786;0,78766;1,61359;358,9467;74,55522;5,336988E-07
-0,02799;0,79064;1,61992;358,9436;74,55049;-5,336993E-08
-0,02757;0,75255;1,54391;358,9444;74,54654;-3,202194E-07
-0,02871;0,74625;1,53078;358,9426;74,54044;0
-0,02793;0,72879;1,4958;358,9418;74,53216;0
-0,02885;0,73789;1,51468;358,9426;74,53044;2,134798E-07
-0,02888;0,7409;1,52157;358,942;74,52734;1,067399E-07
-0,0285;0,73319;1,50619;358,9419;74,52551;-3,202197E-07
-0,02872;0,7294;1,49782;358,9406;74,52268;2,134799E-07
-0,02885;0,74838;1,53404;358,9414;74,52457;-1,601099E-07
-0,02853;0,71515;1,4651;358,9412;74,52386;-5,336996E-08
-0,02888;0,7136;1,46083;358,9446;74,52696;-3,202194E-07
-0,02921;0,72519;1,48337;358,9476;74,5338;-4,269588E-07
-0,02895;0,74532;1,52596;358,9478;74,53684;1,067397E-07
-0,02871;0,73953;1,51371;358,9484;74,53951;-2,668492E-07
-0,02852;0,7325301;1,49768;358,9484;74,54342;-2,668492E-07
-0,02928;0,74602;1,52161;358,9519;74,54982;2,668489E-07
-0,02956;0,74458;1,51611;358,952;74,55122;-1,601093E-07
-0,029;0,73325;1,49299;358,9564;74,55756;-5,33697E-08
-0,0292;0,73247;1,49218;358,9573;74,56271;0
-0,02916;0,73488;1,49698;358,9583;74,56544;-1,067393E-07
-0,02933;0,74335;1,51355;358,956;74,57584;-2,134789E-07
-0,02907;0,74465;1,51622;358,9532;74,58246;5,336975E-08
-0,02728;0,73624;1,49966;358,9521;74,58966;4,80328E-07
-0,02581;0,69481;1,41783;358,9492;74,59679;-5,336983E-08
-0,02488;0,67098;1,37023;358,9485;74,60398;-2,668492E-07
-0,02467;0,65945;1,34772;358,9468;74,6097;-5,336987E-07
-0,02428;0,65666;1,34141;358,9455;74,61581;2,134796E-07
-0,02389;0,66176;1,35272;358,9442;74,6212;-1,601097E-07
-0,0235;0,66569;1,36181;358,9431;74,62841;6,404392E-07
-0,02341;0,66905;1,36894;358,9376;74,64748;-1,601101E-07
-0,02331;0,67946;1,39169;358,9394;74,65203;1,6011E-07
-0,02335;0,69195;1,41826;358,9399;74,65469;-4,269598E-07
-0,02478;0,72026;1,47501;358,9409;74,65352;-1,067399E-07
-0,02509;0,73644;1,50769;358,9438;74,658;1,067398E-07
-0,02484;0,74561;1,52723;358,9456;74,65938;3,735893E-07
-0,02496;0,7584;1,55394;358,946;74,66222;3,202193E-07
-0,02486;0,77013;1,57848;358,9463;74,66309;2,134795E-07
-0,02421;0,77402;1,58568;358,9508;74,66301;0
-0,02385;0,78136;1,59921;358,9499;74,66279;-5,336982E-07
-0,02316;0,78459;1,60542;358,9515;74,66166;1,601094E-07
-0,02199;0,76971;1,57522;358,9504;74,65978;5,336981E-08
-0,02136;0,76911;1,57279;358,953;74,65482;-5,336976E-08
-0,02051;0,76919;1,5726;358,9534;74,65434;-3,202185E-07
-0,02052;0,7913401;1,61586;358,9524;74,65299;4,269582E-07
-0,01985;0,7943;1,61994;358,9522;74,65228;1,067395E-07
-0,01849;0,78382;1,59792;358,9544;74,65081;-2,13479E-07
-0,01841;0,78382;1,59764;358,9542;74,64991;-3,202184E-07
-0,01844;0,77912;1,58858;358,9566;74,65141;-7,471758E-07
-0,01801;0,7667;1,5639;358,9564;74,65115;6,404365E-07
-0,01796;0,76109;1,55376;358,9579;74,65263;6,404362E-07
-0,0183;0,76251;1,55636;358,9579;74,65361;-8,005452E-07
-0,01749;0,74101;1,51342;358,9597;74,65664;-2,668483E-07
-0,01719;0,72418;1,48088;358,959;74,65808;-2,134786E-07
-0,01706;0,72032;1,4759;358,9597;74,66792;3,202179E-07
0,00174;0,28837;0,62512;358,9584;74,66915;-5,336967E-08
0,00112;0,33277;0,69779;358,9547;74,67028;7,471762E-07
-0,02667;0,20263;0,47343;358,958;74,67178;2,134787E-07
-0,04042;0,22696;0,66504;358,9539;74,66993;5,336975E-08
-0,05965;0,14843;0,68858;358,9531;74,66891;-4,269581E-07
-Infini;+Infini;+Infini;358,9482;74,66702;-2,134794E-07
-0,06214;0,25912;0,80156;358,946;74,66929;0
-0,04097;0,28824;0,79284;358,9407;74,67173;4,803298E-07
-0,03461;0,46923;1,16255;358,9399;74,6729;0
0,00145;0,26426;0,62323;358,9385;74,67501;1,0674E-07
-0,00548;0,46602;0,99012;358,9391;74,67661;-1,6011E-07
0,00011;0,36717;0,77974;358,9362;74,67741;-1,601102E-07
0,00414;0,31561;0,67263;358,9367;74,67891;-5,337004E-08
0,00245;0,33265;0,70286;358,9352;74,68114;-1,067401E-07
0,00252;0,28353;0,60562;358,934;74,68243;-2,134804E-07
0,00221;0,27119;0,58359;358,9346;74,68311;0
0,0042;0,26071;0,56277;358,935;74,684;-1,601102E-07
0,00252;0,25497;0,55064;358,9341;74,6832;-5,337008E-08
0,00147;0,25352;0,5488;358,9347;74,68423;2,134803E-07
0,00129;0,25495;0,5532801;358,9351;74,68232;-2,134803E-07
0,00044;0,24171;0,5289;358,9352;74,68172;-3,202204E-07
0,00073;0,2514;0,54888;358,935;74,68237;-3,735905E-07
0,00027;0,25257;0,55289;358,9353;74,68094;1,601102E-07
0,0001;0,26198;0,57258;358,9366;74,68153;1,601101E-07
-0,00024;0,26099;0,57226;358,9349;74,67787;0
-0,00022;0,25884;0,56856;358,9386;74,67359;5,337001E-08
-0,0002;0,25956;0,57112;358,9386;74,6698;-2,668501E-07
0,00053;0,26278;0,57827;358,939;74,66827;1,0674E-07
0,00104;0,26565;0,58452;358,9388;74,66352;4,2696E-07
0,00205;0,26692;0,58697;358,9369;74,65892;-5,870704E-07
0,00342;0,26338;0,57854;358,9387;74,65591;5,337001E-08
0,0009;0,25809;0,56994;358,9388;74,65678;-2,1348E-07
-0,00277;0,30871;0,67067;358,9378;74,65524;-3,735902E-07
-0,00366;0,33983;0,73104;358,9395;74,65816;-4,2696E-07
-0,00443;0,35559;0,76139;358,9386;74,65936;2,1348E-07
-0,00323;0,31163;0,67679;358,9407;74,65741;2,668499E-07
-0,00249;0,29343;0,64108;358,9398;74,65382;-3,735899E-07
-0,00196;0,28914;0,63339;358,9444;74,64742;-2,668496E-07
-0,00167;0,29353;0,64265;358,9444;74,64325;2,668496E-07
-0,0015;0,29895;0,65331;358,9462;74,63905;-2,134795E-07
0,00145;0,25603;0,56873;358,9467;74,63575;-2,134794E-07
0,00088;0,27149;0,59986;358,9484;74,621;5,870682E-07
0,00135;0,27482;0,60686;358,9449;74,61221;6,404388E-07
0,0035;0,24412;0,54587;358,9416;74,60868;5,336995E-08
0,00401;0,2394;0,53659;358,9376;74,60452;-3,735902E-07
0,00412;0,23884;0,53593;358,9376;74,60179;1,067401E-07
0,00373;0,24653;0,55184;358,9362;74,59875;-1,067401E-07
0,0039;0,24284;0,54429;358,9338;74,59397;6,404412E-07
0,00081;0,29517;0,64796;358,9326;74,59255;5,33701E-07
-0,00098;0,3225;0,70191;358,9308;74,59131;-1,601104E-07
-0,00198;0,34152;0,74017;358,9312;74,59026;-5,337014E-08
-0,00022;0,31284;0,68358;358,9301;74,59025;6,40442E-07
-0,00217;0,34562;0,74907;358,9302;74,58849;-3,73591E-07
-0,00243;0,35101;0,76083;358,9308;74,58776;4,803313E-07
-0,0029;0,35623;0,77161;358,9334;74,586;-1,067402E-07
-0,003;0,35917;0,77824;358,9373;74,58022;5,337004E-07
-0,00276;0,35775;0,77517;358,9376;74,57789;1,601101E-07
-0,00268;0,35652;0,77325;358,9377;74,5769;-3,202202E-07
-0,00198;0,34404;0,74848;358,9391;74,57674;5,337E-07
-0,00375;0,376;0,81233;358,9395;74,57693;-3,735899E-07
-0,00478;0,39752;0,85473;358,9409;74,57629;-5,336997E-07
-0,00586;0,42478;0,90873;358,9399;74,5743;-3,202199E-07
-0,00551;0,41868;0,8964;358,9392;74,5726;1,0674E-06
-0,00586;0,42457;0,90736;358,9385;74,57119;-3,735901E-07
-0,00483;0,40097;0,86036;358,9376;74,57059;3,735902E-07
-0,00375;0,37798;0,814;358,9377;74,56898;-4,269602E-07
-0,00532;0,40495;0,86761;358,937;74,56911;4,803303E-07
-0,00543;0,41055;0,87911;358,9376;74,57043;2,668502E-07
-0,00742;0,45097;0,96061;358,9359;74,56886;6,404408E-07
-0,0101;0,49754;1,05246;358,9378;74,57178;-1,601101E-07
-0,00974;0,49066;1,03881;358,939;74,57363;0
-0,00977;0,48429;1,02528;358,9398;74,57626;5,336999E-08
-0,009930001;0,48492;1,02673;358,9393;74,57713;-6,4044E-07
-0,01035;0,48911;1,03645;358,9402;74,5791;-1,0674E-07
-0,01085;0,4984;1,05671;358,9417;74,58096;3,735897E-07
-0,01219;0,5195301;1,09981;358,9418;74,58179;4,803296E-07
-0,01258;0,52888;1,11961;358,9446;74,58189;0
-0,01458;0,5757;1,21175;358,9486;74,58097;-3,20219E-07
-0,01842;0,6497;1,35836;358,9486;74,58097;-3,20219E-07
-0,01763;0,65137;1,36178;358,9498;74,57815;1,067396E-07
-0,01705;0,64555;1,34961;358,9485;74,57694;1,067397E-07
-0,01626;0,63695;1,33635;358,9478;74,57769;-1,601096E-07
-0,01605;0,63331;1,33205;358,9473;74,57875;-1,601096E-07
-0,01604;0,63863;1,34438;358,9459;74,58034;-3,202193E-07
-0,01574;0,63796;1,34418;358,945;74,58127;2,668495E-07
-0,01562;0,64037;1,34931;358,9437;74,58077;2,134797E-07
-0,01528;0,638;1,34396;358,9422;74,5807;-3,735897E-07
-0,01523;0,63606;1,34103;358,9391;74,57886;2,6685E-07
-0,01437;0,6183;1,30551;358,938;74,57861;-2,668501E-07
-0,01401;0,60836;1,28737;358,9377;74,5795;-5,337002E-07
-0,01386;0,59991;1,27214;358,9381;74,57954;-5,337001E-08
-0,01405;0,60031;1,27173;358,9375;74,57926;5,337003E-08
-0,01482;0,61898;1,30912;358,9404;74,57578;-1,0674E-07
-0,01469;0,62717;1,32178;358,943;74,57027;5,870692E-07
-0,01549;0,64232;1,35244;358,9438;74,56256;1,067398E-07
-0,01509;0,63999;1,34894;358,9475;74,5642;-5,336986E-08
-0,01516;0,64639;1,36205;358,9495;74,56298;-3,202189E-07
-0,01543;0,62776;1,32378;358,9482;74,55987;-1,067397E-07
-0,01552;0,64526;1,35937;358,95;74,55739;-1,067396E-07
-0,01546;0,64556;1,35769;358,9533;74,56011;2,13479E-07
-0,0144;0,63505;1,33506;358,951;74,55824;4,803283E-07
-0,01349;0,62702;1,31751;358,9492;74,556;-2,134793E-07
-0,0123;0,60523;1,27124;358,9468;74,55377;-3,202192E-07
-0,01172;0,58939;1,23718;358,9408;74,5453;-3,202198E-07
-0,01078;0,57939;1,216;358,942;74,54783;-6,404394E-07
-0,01018;0,57224;1,19901;358,9391;74,54613;-1,6011E-07
-0,01005;0,57273;1,19756;358,936;74,54676;1,601101E-07
-0,01019;0,57236;1,19557;358,9348;74,54811;1,601102E-07
-0,01424;0,60831;1,27173;358,9348;74,5485;-5,337007E-08
-0,01257;0,58285;1,21777;358,9348;74,5485;-5,337007E-08
-0,01313;0,58721;1,22478;358,9363;74,5504;2,134802E-07
-0,01637;0,61855;1,28836;358,9343;74,5457;1,601102E-07
-0,01734;0,61965;1,28956;358,9371;74,54585;7,471805E-07
-0,01719;0,6112;1,27143;358,9384;74,54464;-2,1348E-07
-0,01891;0,61752;1,28448;358,9375;74,54413;-1,067401E-07
-0,02002;0,62054;1,2908;358,9388;74,54698;-1,6011E-07
-0,01991;0,60625;1,2623;358,9388;74,54698;-1,6011E-07
-0,02001;0,60154;1,25153;358,9342;74,54451;5,87071E-07
-0,01982;0,60025;1,24749;358,9347;74,54601;3,735905E-07
-0,02035;0,60469;1,25499;358,9363;74,54757;0
-0,02067;0,60217;1,25048;358,9315;74,54688;-2,134805E-07
-0,02018;0,59417;1,23455;358,929;74,54729;-5,337017E-08
-0,01977;0,58576;1,21842;358,9301;74,54846;5,337016E-08
-0,01936;0,5744;1,19574;358,9275;74,54903;5,33702E-08
-0,0186;0,55744;1,16068;358,9261;74,5501;0
-0,01829;0,54714;1,13953;358,9238;74,55391;-3,202216E-07
-0,01892;0,54999;1,14415;358,9224;74,55448;2,134811E-07
-0,01949;0,55652;1,15572;358,9211;74,55625;-3,202219E-07
-0,01932;0,55001;1,14232;358,9204;74,5584;-5,337033E-08
-0,0198;0,5538;1,14819;358,9181;74,56016;-5,337037E-07
-0,02027;0,56288;1,16325;358,9185;74,56031;1,601111E-07
-0,02092;0,57068;1,17626;358,9184;74,55835;3,202222E-07
-0,0219;0,58282;1,19864;358,9209;74,55993;-4,269625E-07
-0,02219;0,58967;1,20966;358,9253;74,55789;-2,668512E-07
-0,02272;0,59729;1,22357;358,9255;74,55713;5,337024E-08
-0,0226;0,59547;1,218;358,9251;74,55506;6,404429E-07
-0,02261;0,59671;1,21942;358,927;74,55313;-1,067404E-07
-0,02249;0,59563;1,21726;358,9223;74,54851;-1,067406E-07
-0,02262;0,59526;1,21582;358,9245;74,55048;2,13481E-07
-0,02256;0,59467;1,21435;358,9273;74,55613;2,134808E-07
-0,02286;0,59333;1,2114;358,9237;74,55901;5,87073E-07
-0,02256;0,58508;1,19603;358,9243;74,56532;-1,067405E-07
-0,02217;0,58341;1,19407;358,9241;74,57093;-5,337025E-08
-0,02222;0,58631;1,20133;358,924;74,57652;1,067405E-07
-0,02244;0,59049;1,21074;358,9241;74,58308;1,067405E-07
-0,023;0,59634;1,22439;358,9244;74,59695;0
-0,02382;0,61275;1,25935;358,9239;74,60442;5,337027E-08
-0,0237;0,61763;1,27065;358,9283;74,61354;-6,404423E-07
-0,02315;0,61423;1,26572;358,9293;74,62046;-3,20221E-07
-0,02289;0,61545;1,27048;358,9313;74,62638;-1,067403E-07
-0,02246;0,61748;1,276;358,9316;74,63276;-2,134805E-07
-0,02195;0,62338;1,28905;358,9324;74,63979;3,735908E-07
-0,02022;0,60336;1,25077;358,9325;74,65112;-1,067402E-07
-0,01927;0,59038;1,22525;358,9361;74,66437;2,668503E-07
-0,01726;0,5565;1,15851;358,9362;74,67202;-6,404406E-07
-0,01539;0,53193;1,10938;358,9403;74,68276;1,0674E-07
-0,01409;0,50686;1,05831;358,9401;74,68565;1,601099E-07
-0,01292;0,48848;1,02138;358,9397;74,68938;-3,202199E-07
-0,01242;0,47811;1,00005;358,9366;74,69346;-3,735902E-07
-0,01159;0,46408;0,97171;358,938;74,69644;0
-0,01069;0,44304;0,92968;358,9367;74,6982;1,067401E-07
-0,00998;0,41991;0,8836;358,9396;74,69928;-2,1348E-07
-0,00975;0,41781;0,87906;358,9409;74,69751;2,134799E-07
-0,009670001;0,42127;0,88539;358,9411;74,69707;-2,134799E-07
-0,009310001;0,42516;0,89243;358,9424;74,69526;2,668497E-07
-0,00905;0,42624;0,89371;358,9423;74,69272;2,668498E-07
-0,008850001;0,43093;0,90268;358,943;74,68934;3,735895E-07
-0,0087;0,43696;0,91449;358,9424;74,68259;4,269596E-07
-0,0087;0,44486;0,93021;358,9419;74,66189;0
-0,00883;0,45099;0,94175;358,9398;74,6597;-2,668499E-07
-0,0091;0,46086;0,96204;358,9375;74,6543;-3,202202E-07
-0,00962;0,4855;1,00973;358,9348;74,64504;2,134803E-07
-0,00988;0,49073;1,01933;358,9302;74,64461;6,404418E-07
-0,009939999;0,48953;1,0176;358,9255;74,63633;-3,735917E-07
-0,01;0,49275;1,0249;358,9231;74,63301;3,202217E-07
-0,01035;0,49882;1,0374;358,9183;74,62569;-6,938147E-07
-0,01061;0,5044;1,04977;358,9185;74,62077;-3,202221E-07
-0,01081;0,50444;1,04985;358,9184;74,61629;5,337036E-07
-0,01045;0,49665;1,03531;358,9187;74,60921;-3,202221E-07
-0,01055;0,49444;1,03127;358,9215;74,60163;1,067406E-07
-0,01235;0,52356;1,08781;358,9199;74,59369;-3,735923E-07
-0,01314;0,52235;1,08734;358,9214;74,58852;-1,601109E-07
-0,01341;0,5130301;1,07032;358,9204;74,58051;-2,668516E-07
-0,01392;0,51082;1,06678;358,9203;74,56171;-2,668516E-07
-0,01499;0,51191;1,06939;358,9174;74,55121;5,337037E-08
-0,01535;0,49999;1,04779;358,9161;74,54124;1,067408E-07
-0,0157;0,48926;1,02719;358,9158;74,5341;5,870744E-07
-0,01626;0,48969;1,02903;358,9153;74,52609;-2,134816E-07
-0,0159;0,49163;1,03233;358,914;74,51542;-5,337043E-08
-0,01696;0,51305;1,07545;358,9143;74,50874;4,269635E-07
-0,01723;0,51951;1,08873;358,9131;74,5024;-1,067409E-07
-0,01739;0,52484;1,09765;358,9103;74,4875;5,870755E-07
-0,01715;0,5209;1,08886;358,9102;74,48076;0
-0,01706;0,52426;1,09386;358,9101;74,47578;1,06741E-07
-0,0165;0,51919;1,08287;358,9116;74,47243;3,735934E-07
-0,01645;0,52963;1,1016;358,9124;74,471;2,134819E-07
-0,01547;0,52877;1,09758;358,9139;74,46635;-2,134818E-07
-0,01485;0,51721;1,07317;358,9144;74,46394;-3,73593E-07
-0,01563;0,51428;1,068;358,9156;74,45883;-3,202225E-07
-0,01449;0,48766;1,01729;358,9212;74,45364;2,668515E-07
-0,01468;0,48423;1,00927;358,9233;74,45087;-5,337028E-08
-0,01431;0,47451;0,98843;358,928;74,45158;-5,33702E-08
-0,01406;0,47241;0,98574;358,9318;74,45115;5,337013E-07
-0,01383;0,46899;0,98;358,9367;74,44923;-5,337004E-08
-0,01405;0,47619;0,99627;358,9406;74,44553;1,0674E-07
-0,01436;0,4648;0,97777;358,9421;74,44302;5,336994E-08
-0,01491;0,46895;0,9862199;358,9437;74,43674;-3,202196E-07
-0,01585;0,47973;1,00866;358,9448;74,42894;3,735893E-07
-0,01586;0,48398;1,01682;358,942;74,42635;5,336995E-08
-0,0155;0,48936;1,02832;358,9403;74,42315;1,0674E-07
-0,01502;0,48881;1,02871;358,9407;74,42051;8,539195E-07
-0,01376;0,46307;0,97769;358,9406;74,42175;2,668499E-07
-0,01213;0,41693;0,88467;358,94;74,41957;-1,601099E-07
-0,0118;0,39722;0,84471;358,9415;74,42308;4,269597E-07
-0,01145;0,38255;0,81456;358,9446;74,42722;2,668495E-07
-0,01109;0,37288;0,79589;358,965;74,45197;-1,601087E-07
-0,01228;0,38672;0,8236;358,9738;74,45824;3,202165E-07
-0,01337;0,40392;0,85783;358,9833;74,46982;-6,40431E-07
-0,01258;0,41289;0,8797899;358,9947;74,47457;-6,93798E-07
-0,01243;0,46297;0,98424;359,0042;74,47733;-5,336891E-08
-0,0094;0,44693;0,95663;359,0148;74,47918;-6,404249E-07
-0,008350001;0,45289;0,9692;359,0344;74,48095;1,067369E-07
-0,009520001;0,46361;0,99419;359,0504;74,48617;5,8705E-07
-0,0121;0,47743;1,02821;359,0595;74,49459;4,803123E-07
-0,01445;0,50331;1,08807;359,0645;74,50438;-1,067359E-07
-0,009;0,44288;0,97246;359,0733;74,51427;9,339371E-07
-0,00301;0,20413;0,4582;359,0806;74,52;-1,86787E-07
-0,00025;0,23198;0,52513;359,0917;74,52095;9,60616E-07
0,00163;0,17874;0,41001;359,0952;74,51943;-1,867863E-07
0,00274;0,1497;0,34638;359,0979;74,5118;2,668373E-08
0,00364;0,13495;0,31409;359,1034;74,49298;5,336738E-08
0,00429;0,12579;0,29391;359,1003;74,48204;-8,005114E-08
0,00482;0,12134;0,28566;359,0952;74,47429;6,670938E-07
0,0028;0,13547;0,31322;359,0898;74,46906;5,336758E-08
0,00373;0,14606;0,33944;359,09;74,4642;2,668379E-08
0,00283;0,17657;0,40576;359,0895;74,4659;9,873005E-07
0,00237;0,19095;0,43772;359,0946;74,46731;-1,06735E-07
0,003;0,23607;0,53517;359,102;74,47089;-2,401534E-07
0,0027;0,24066;0,54286;359,1288;74,4741;3,735691E-07
0,00167;0,23336;0,52348;359,1409;74,47378;5,60352E-07
0,00264;0,28296;0,63609;359,1566;74,47166;-7,738162E-07
0,00172;0,29727;0,6709;359,1794;74,46867;2,668317E-08
0,00136;0,26961;0,61484;359,2037;74,46509;-1,60098E-07
0,00181;0,255;0,58649;359,2538;74,47149;-4,26923E-07
0,00296;0,30521;0,69854;359,2755;74,48165;1,494223E-06
0,00616;0,28841;0,6691599;359,297;74,49681;-1,067298E-07
0,01007;0,2245;0,54663;359,3143;74,54218;1,067294E-06
0,0102;0,17421;0,4378;359,3376;74,58801;3,73551E-07
0,01125;0,16115;0,41644;359,3535;74,61034;1,62761E-06
0,01284;0,14909;0,39304;359,3498;74,63519;-1,280743E-06
0,01303;0,18231;0,47554;359,3333;74,64777;2,081214E-06
0,01456;0,23019;0,59649;359,3779;74,65695;-6,403681E-07
0,01259;0,26551;0,68289;359,3752;74,6569;-5,870043E-07
0,00807;0,19477;0,51889;359,4094;74,66258;1,067274E-07
0,00602;0,16253;0,43961;359,4371;74,64815;-6,403611E-07
0,00448;0,13071;0,3665;359,4624;74,64456;1,120628E-06
0,00421;0,14109;0,39351;359,4827;74,62978;5,336302E-08
0,003;0,15519;0,43305;359,5171;74,61044;2,668137E-07
0,00299;0,17751;0,49922;359,5602;74,59552;9,738642E-07
0,00333;0,19403;0,54582;359,601;74,58036;9,338375E-08
0,00125;0,14012;0,41108;359,6455;74,57021;3,735331E-07
-0,00025;0,12683;0,40272;359,695;74,55759;-1,720912E-06
-0,00272;0,19403;0,6109;359,7929;74,55037;-2,66806E-08
-0,00378;0,20773;0,67452;359,8325;74,54726;3,268366E-07
-0,00476;0,18164;0,62113;359,8763;74,53798;-4,669085E-08
-0,00534;0,16156;0,5785;359,8979;74,53536;-2,367892E-07
-0,00412;0,15792;0,58945;359,916;74,532;4,002068E-07
-0,00368;0,16991;0,65094;359,9295;74,52374;1,567476E-07
-0,00115;0,27584;1,05844;359,9374;74,52561;9,338157E-07
0,00214;0,31717;1,23813;359,9445;74,51861;-1,317347E-06
0,00277;0,21075;0,85921;359,951;74,50459;-1,265653E-06
0,00213;0,03788;0,21999;359,9394;74,45815;4,90253E-07
0,00256;0,05942;0,30258;359,9207;74,42885;-1,317347E-06
0,00505;0,14222;0,6163;359,8952;74,39667;1,003853E-06
0,008939999;0,23181;0,96023;359,8584;74,35923;-9,004672E-07
0,00631;0,1457;0,63201;359,8098;74,3128;-1,133924E-07
0,00854;0,15635;0,67492;359,7466;74,26675;4,402314E-07
0,01239;0,15192;0,67657;359,6752;74,21349;-7,470639E-07
0,01027;0,21148;0,88626;359,5122;74,08121;-2,934953E-07
0,00724;0,21108;0,8669699;359,4319;74,00344;-1,360769E-06
0,00798;0,28274;1,1135;359,3511;73,93764;4,269141E-07
0,00453;0,28074;1,0508;359,2774;73,86729;-3,468731E-07
0,00156;0,26358;0,93494;359,2122;73,79779;-3,468783E-07
-0,00234;0,28894;0,95958;359,1406;73,73256;2,401508E-06
-0,00477;0,29108;0,9368;359,0769;73,66136;-1,520981E-06
-0,00461;0,29036;0,91504;359,0162;73,60519;3,735811E-07
-0,0058;0,3335;1,01846;358,9671;73,55418;0
-0,00838;0,39917;1,1782;358,7785;73,41543;-2,668649E-07
-0,00387;0,38901;1,12367;358,6319;73,27699;-1,601282E-07
0,00194;0,36877;1,06873;358,5785;73,22829;-1,334432E-06
0,00217;0,41512;1,18765;358,5253;73,17542;-1,067571E-07
0,00413;0,4247;1,18971;358,4682;73,1094;1,601398E-07
0,01187;0,36453;0,98952;358,4037;73,04597;3,202894E-07
0,01681;0,34988;0,92299;358,3434;72,98596;1,601495E-07
0,01369;0,20813;0,54144;358,2916;72,91685;1,067692E-07
0,01597;0,21629;0,54209;358,2462;72,8594;-5,338586E-07
0,01653;0,21609;0,53326;358,1657;72,72546;5,872703E-07
0,01787;0,22307;0,5396;358,132;72,65691;1,121174E-06
0,01742;0,2285;0,5470901;358,104;72,58721;-7,474611E-07
0,01975;0,24254;0,57351;358,0717;72,5149;5,339108E-07
0,01958;0,23935;0,5615;358,0453;72,44422;-4,271354E-07
0,01968;0,24145;0,55889;358,0279;72,37801;1,388204E-06
0,02041;0,25283;0,58114;357,9967;72,30835;-1,388231E-06
0,02132;0,26154;0,59678;357,9663;72,24022;4,271559E-07
0,02767;0,3067;0,68197;357,9427;72,16822;2,135811E-07
0,03058;0,32528;0,70388;357,924;72,02692;0
0,03202;0,33697;0,7258;357,9074;71,95227;-6,407574E-07
0,03388;0,3504;0,75667;357,8894;71,86981;-1,067942E-07
0,03414;0,34839;0,75644;357,872;71,78485;-8,543628E-07
0,03312;0,35505;0,76775;357,8553;71,68975;5,339826E-07
0,03307;0,37436;0,80613;357,8446;71,59157;1,281567E-06
0,03562;0,46321;0,99243;357,8421;71,49186;9,61177E-07
0,03737;0,51476;1,09161;357,8188;71,38149;-1,067991E-07
0,03339;0,44826;0,92734;357,7521;70,88647;4,272155E-07
0,03213;0,42087;0,88574;357,7419;70,75352;-1,068046E-07
0,02719;0,37486;0,78372;357,7228;70,61646;0
0,02838;0,40568;0,85498;357,724;70,4816;4,272239E-07
0,02468;0,38464;0,80703;357,709;70,34734;7,476496E-07
0,02207;0,38555;0,80907;357,7045;70,2166;3,204222E-07
0,01592;0,35937;0,75194;357,6976;69,97021;3,204239E-07
0,01328;0,37866;0,79818;357,6999;69,7719;-1,495308E-06
0,01157;0,3935;0,83459;357,7068;69,69578;1,068072E-06
0,009310001;0,42088;0,89747;357,7007;69,61485;0
0,00737;0,44899;0,96281;357,7196;69,54174;4,272251E-07
0,00589;0,47564;1,03256;357,7264;69,46935;1,708893E-06
0,0053;0,44737;0,98347;357,7375;69,38873;5,340248E-07
0,00437;0,4846;1,07433;357,7309;69,29491;-6,408328E-07
0,00165;0,2938;0,63745;357,7145;69,18614;-9,612601E-07
0,00219;0,29959;0,64864;357,6736;68,95227;-7,476681E-07
0,00114;0,29808;0,64853;357,6419;68,82816;1,068121E-06
0,00072;0,28771;0,62629;357,6097;68,69982;8,545172E-07
-0,00084;0,27628;0,60143;357,5193;68,42406;1,068218E-07
-0,00177;0,26677;0,58102;357,4853;68,28777;-1,709193E-06
-0,00287;0,26803;0,58391;357,4598;68,15341;1,068267E-07
-0,00339;0,26175;0,569;357,427;68,01679;3,204882E-07
-0,00473;0,30942;0,67058;357,4047;67,87961;5,341564E-07
-0,00577;0,35521;0,7688;357,3766;67,74409;-4,273347E-07
-0,01104;0,45059;0,97812;357,3605;67,61668;-7,478454E-07
-0,01445;0,4606;1,00853;357,4182;67,47216;3,204904E-07
-0,01838;0,48139;1,06096;357,3204;67,36304;-9,615467E-07
-0,01837;0,46364;1,02662;357,3791;67,22256;-1,602502E-06
-0,01851;0,44849;0,99824;357,2804;67,11287;9,615784E-07
-0,02017;0,44679;1,00159;357,3124;66,852;-6,410352E-07
-0,02146;0,44598;1,00371;357,303;66,72965;0
-0,02248;0,45658;1,02789;357,1961;66,62891;1,389045E-06
-0,02387;0,45333;1,02544;357,3392;66,49113;1,068369E-06
-0,02313;0,41275;0,93377;357,2526;66,23434;3,205336E-07
-0,02317;0,38548;0,86756;357,2526;66,23434;3,205336E-07
-0,02242;0,35211;0,79271;357,2256;65,98112;-9,616224E-07
-0,02453;0,34552;0,78757;357,2256;65,98112;-9,616224E-07
-0,02748;0,3132;0,71624;357,1124;65,75095;3,205722E-07
-0,02999;0,31325;0,71688;357,1775;65,60757;0
-0,03078;0,2969;0,67971;357,2238;65,4824;2,136942E-07
-0,02529;0,22609;0,53124;357,0486;65,36829;1,068635E-07
-0,02378;0,19182;0,46028;357,1331;65,10363;-3,205663E-07
-0,02388;0,18621;0,45208;356,9283;64,99751;-2,137505E-07
-0,02461;0,18953;0,46345;356,891;64,8845;0
-0,02588;0,19617;0,47568;356,8966;64,77929;5,343922E-07
-0,03856;0,27382;0,64633;356,8607;64,67445;-3,206464E-07
-0,04308;0,28829;0,67349;356,7465;64,47186;2,13788E-07
-0,04753;0,32493;0,76307;356,7626;64,39764;-4,275691E-07
-0,02989;0,23096;0,55223;356,7437;64,32413;6,413658E-07
-0,04669;0,47269;1,17246;356,6651;64,12235;-2,138055E-07
-0,07544;0,36641;1,21019;356,6453;64,06355;-7,483343E-07
-0,1195;0,35087;1,21226;356,6196;64,00925;-3,207231E-07
-0,09515;0,3731;1,20727;356,6018;63,95489;4,276388E-07
-0,0445;0,35079;1,216;356,589;63,89808;4,276444E-07
-0,02887;0,37237;1,20773;356,5646;63,84101;-6,414829E-07
-0,00657;0,07854;0,25866;356,5627;63,79125;-2,138281E-07
-0,01674;0,24314;0,6405;356,518;63,65843;1,389948E-06
-0,02224;0,38082;0,88289;356,5533;63,64331;5,345755E-07
-0,00615;0,20324;0,46709;356,5485;63,61681;1,924481E-06
-0,00849;0,17098;0,3895;356,5551;63,59351;2,138298E-07
-0,008529999;0,15496;0,35453;356,5567;63,57132;1,069147E-06
-0,00858;0,17093;0,39094;356,5527;63,54844;2,138303E-07
-0,00962;0,16166;0,37317;356,5548;63,52475;-9,622344E-07
-0,01044;0,20082;0,46783;356,5761;63,50037;1,496776E-06
-0,00948;0,19037;0,45189;356,5739;63,44199;-9,622152E-07
-0,0078;0,16627;0,40113;356,556;63,41096;-7,484035E-07
-0,00694;0,14591;0,35761;356,5864;63,36776;-1,069114E-07
-0,00668;0,13369;0,3324;356,5439;63,31092;-8,553292E-07
-0,00656;0,13147;0,32897;356,5552;63,27634;-1,069149E-07
-0,00672;0,13694;0,34276;356,5817;63,23158;-1,603679E-06
-0,00674;0,13887;0,34835;356,5736;63,20019;3,207385E-07
-0,0066;0,14173;0,35463;356,5746;63,16898;6,414762E-07
-0,00659;0,1415;0,35372;356,5659;63,09947;-1,069137E-07
-0,00664;0,14284;0,356;356,5659;63,09947;-1,069137E-07
-0,0063;0,14569;0,36313;356,5771;63,02459;-1,176037E-06
-0,00595;0,14903;0,37157;356,5771;63,02459;-1,176037E-06
-0,00654;0,15869;0,39327;356,5447;62,96844;-1,176077E-06
-0,00626;0,16289;0,40311;356,5349;62,93176;-4,276687E-07
-0,00589;0,1684;0,41576;356,5303;62,89133;4,276707E-07
-0,00584;0,1744;0,42935;356,5422;62,83779;-1,069164E-07
-0,00547;0,17603;0,43348;356,5017;62,63177;-1,817656E-06
-0,00525;0,17951;0,4419;356,4947;62,58479;-1,069217E-06
-0,0045;0,17952;0,44137;356,4862;62,52873;-8,553816E-07
-0,00437;0,18931;0,46394;356,4766;62,48239;-6,415428E-07
-0,00483;0,19931;0,48816;356,4658;62,43964;2,138501E-07
-0,00533;0,1925;0,47535;356,445;62,36149;8,554196E-07
-0,00568;0,1934;0,48001;356,4405;62,32533;-1,283136E-06
-0,00646;0,20475;0,50791;356,427;62,28117;-9,623659E-07
-0,00729;0,19928;0,49957;356,4257;62,23254;-2,138594E-07
-0,00783;0,19423;0,49124;356,4309;62,18822;-4,277164E-07
-0,00842;0,19429;0,49317;356,4253;62,14457;8,55438E-07
-0,00584;0,15388;0,40344;356,4111;62,09694;-5,34657E-07
-0,00494;0,14483;0,38201;356,4078;62,06525;-1,069318E-06
-0,00586;0,13297;0,3542;356,3997;62,02378;-3,207982E-07
-0,00782;0,14552;0,3809;356,3932;61,94773;4,277341E-07
-0,00882;0,14253;0,37364;356,3932;61,94773;4,277341E-07
-0,00913;0,13454;0,35608;356,3753;61,89163;1,71097E-06
-0,00948;0,12738;0,34021;356,3563;61,85963;-1,069379E-06
-0,01036;0,13014;0,34782;356,3467;61,83323;-4,27756E-07
-0,01055;0,1254;0,33698;356,3251;61,79695;4,277664E-07
-0,01112;0,12594;0,3391;356,3087;61,76751;-6,416614E-07
-0,01203;0,13127;0,35337;356,2961;61,74451;4,277803E-07
-0,01341;0,13899;0,37382;356,2808;61,68491;6,416815E-07
-0,01513;0,14782;0,39863;356,2808;61,68491;6,416815E-07
-0,01453;0,13942;0,37848;356,2496;61,65479;0
-0,01407;0,13387;0,3656;356,2355;61,64406;2,139049E-06
-0,01373;0,12886;0,35322;356,2207;61,63486;1,283452E-06
-0,01193;0,11113;0,3071;356,2079;61,62987;8,556471E-07
-0,01158;0,10573;0,29327;356,1937;61,62648;6,417458E-07
-0,01053;0,1039;0,28821;356,1989;61,6346;1,06957E-07
-0,00976;0,10198;0,28234;356,1786;61,63988;2,13919E-07
-0,00963;0,09851;0,27353;356,1568;61,63985;-2,139245E-07
-0,0093;0,09633;0,26765;356,1497;61,64119;1,71141E-06
-0,00861;0,09141;0,25422;356,1442;61,64058;7,487468E-07
-0,00788;0,09078;0,25145;356,1365;61,63744;-1,069648E-06
-0,00706;0,09149;0,25208;356,1262;61,6318;3,208983E-07
-0,00642;0,08957;0,24672;356,114;61,62464;4,278704E-07
-0,0061;0,0909;0,24968;356,1044;61,61403;2,139378E-07
-0,00591;0,09118;0,24904;356,0656;61,62449;-8,557905E-07
-0,00605;0,08751;0,24014;356,0317;61,60392;-1,497695E-06
-0,00632;0,08368;0,2306;356,0326;61,6057;3,209342E-07
-0,00661;0,08492;0,23335;356,0219;61,59947;2,139589E-07
-0,00695;0,08704;0,23753;356,0173;61,59896;-2,139601E-07
-0,00731;0,09029;0,24492;356,0042;61,5971;-9,628359E-07
-0,0095;0,12592;0,32302;356,0074;61,6;8,558508E-07
-0,00907;0,11759;0,30628;355,999;61,60439;-9,628419E-07
-0,00893;0,1155;0,30172;355,9855;61,60062;5,34921E-07
-0,01063;0,14604;0,3697;355,9768;61,59475;0
-0,01179;0,16356;0,40782;355,9714;61,59076;6,419164E-07
-0,01235;0,17158;0,42266;355,9772;61,58823;-9,628676E-07
-0,01248;0,17287;0,42408;355,9693;61,58437;2,139726E-07
-0,01223;0,17125;0,41942;355,9669;61,58263;1,069866E-07
-0,01216;0,17367;0,42388;355,9648;61,58143;1,069869E-06
-0,01206;0,17836;0,43468;355,972;61,58129;-6,419158E-07
-0,01258;0,19409;0,47296;355,9638;61,58107;-2,139741E-07
-0,01169;0,18565;0,45564;355,9722;61,57976;8,558876E-07
-0,01105;0,1766;0,43424;355,9738;61,58032;-4,27943E-07
-0,01027;0,16794;0,41394;355,9751;61,58118;-7,488989E-07
-0,0096;0,16077;0,39791;355,9777;61,57821;1,069852E-07
-0,00784;0,14839;0,37193;355,9715;61,58001;0
-0,00752;0,14638;0,36615;355,9639;61,57273;1,497819E-06
-0,00748;0,14171;0,35545;355,9594;61,57298;1,069876E-06
-0,00754;0,13698;0,34558;355,9571;61,56929;7,489155E-07
-0,00761;0,13411;0,3405;355,956;61,56871;8,559048E-07
-0,00687;0,12889;0,32898;355,949;61,56728;0
-0,00673;0,12347;0,31655;355,9736;61,57709;2,139715E-07
