-Infini;+Infini;+Infini;359,2144;121,9052;-2,134635E-07
-Infini;+Infini;+Infini;359,1628;121,61;-8,004981E-08
-Infini;+Infini;+Infini;359,1271;121,6339;-4,536199E-07
-Infini;+Infini;+Infini;359,1294;121,631;3,468855E-07
-Infini;+Infini;+Infini;359,1356;121,6293;-1,334173E-07
-Infini;+Infini;+Infini;359,1349;121,6277;-1,067339E-07
0,09762;0,12357;0,5591;359,1356;121,6277;-5,336693E-08
-Infini;+Infini;+Infini;359,1367;121,6279;0
0,06138;0,27547;0,73452;359,1331;121,6226;-1,334174E-07
-Infini;+Infini;+Infini;359,1343;121,6258;-2,668347E-08
0,03048;0,24934;0,58803;359,1434;121,6388;-1,334171E-07
0,09987999;1,13343;2,48518;359,1425;121,6459;2,401507E-07
0,19151;2,39772;5,16912;359,1409;121,6447;-5,336685E-08
0,23355;3,11672;6,70196;359,1465;121,6558;2,668339E-07
0,21049;2,86531;6,16164;359,1397;121,6503;-1,601006E-07
0,1438;1,96888;4,25575;359,143;121,6582;-2,668341E-08
0,13202;1,81395;3,92512;359,1413;121,6596;-4,536182E-07
0,11203;1,53021;3,32225;359,1403;121,6641;4,803017E-07
0,08455;1,14863;2,50637;359,1306;121,6621;0
0,06997;0,9447;2,06965;359,1186;121,67;-4,803045E-07
0,06866001;0,90933;1,99212;359,1113;121,6721;-1,867855E-07
0,08459;1,1155;2,43408;359,1091;121,6772;1,867856E-07
0,0976;1,29177;2,81313;359,1042;121,6796;1,067347E-07
0,10506;1,37763;2,99871;359,1053;121,6844;5,603573E-07
0,10564;1,38354;3,01129;359,1021;121,6869;-1,867859E-07
0,09888;1,32949;2,89292;359,1021;121,689;5,336741E-08
0,10179;1,33036;2,89609;359,1036;121,692;2,668369E-08
0,12307;1,58652;3,4395;359,1101;121,6994;-2,668365E-07
0,13394;1,72977;3,74761;359,1203;121,7123;0
0,12629;1,63669;3,5442;359,1238;121,7157;-1,867848E-07
0,11992;1,55982;3,38592;359,1279;121,7193;2,668351E-07
0,11869;1,53289;3,32894;359,1309;121,7215;-2,66835E-08
0,11372;1,44696;3,13696;359,1322;121,7218;8,005046E-08
0,10631;1,3249;2,8668;359,1327;121,7232;-3,735688E-07
0,09602;1,16624;2,51933;359,1334;121,724;-5,336695E-07
0,08509;0,99661;2,14785;359,1324;121,7214;-1,601009E-07
0,07737999;0,8904099;1,9179;359,1325;121,7193;1,334174E-07
0,07867;0,89262;1,91994;359,1315;121,7167;3,735689E-07
0,07764;0,86525;1,85627;359,1311;121,7124;-3,20202E-07
0,07867;0,86006;1,84004;359,1257;121,7036;-2,668353E-07
0,07585;0,80916;1,72521;359,126;121,701;-4,00253E-07
0,08368;0,89281;1,89955;359,1241;121,6952;2,668354E-08
0,09247;0,99009;2,10386;359,1183;121,6884;4,269374E-07
0,09554;1,01773;2,16066;359,1122;121,6793;1,334181E-07
0,10006;1,06316;2,25797;359,1127;121,6794;2,668363E-07
0,10266;1,08762;2,30996;359,1126;121,6797;8,005087E-08
0,10305;1,09206;2,31681;359,1125;121,6797;-3,202035E-07
0,10558;1,13655;2,40797;359,1087;121,6774;4,536221E-07
0,11276;1,22301;2,58876;359,1132;121,6798;1,334181E-07
0,12014;1,31845;2,787;359,11;121,6785;-1,601019E-07
0,12611;1,40525;2,95342;359,1116;121,6796;-5,336727E-08
0,12052;1,35482;2,83555;359,106;121,6756;-5,870408E-07
0,12243;1,3757;2,87674;359,1051;121,6746;3,468879E-07
0,13102;1,49548;3,12683;359,1034;121,6735;-2,134695E-07
0,12985;1,50046;3,13717;359,0993;121,6701;-2,668372E-08
0,12757;1,49688;3,13183;359,0966;121,6665;-1,334187E-07
0,12271;1,44581;3,02845;359,0994;121,6665;-2,668373E-08
0,11892;1,39689;2,92869;359,1008;121,6592;-1,86786E-07
0,11131;1,30448;2,74135;359,1008;121,6592;-1,86786E-07
0,1076;1,26527;2,66418;359,1037;121,6528;3,468879E-07
0,11477;1,33195;2,81914;359,1016;121,647;1,867859E-07
0,11322;1,29279;2,74886;359,1027;121,6447;1,867859E-07
0,10563;1,17107;2,49772;359,1093;121,6451;-2,668365E-07
0,10239;1,11552;2,38293;359,1093;121,6451;-2,668365E-07
0,10282;1,09197;2,33292;359,111;121,644;2,668364E-07
0,10068;1,05076;2,25093;359,1154;121,6425;1,867852E-07
0,10114;1,03966;2,23187;359,1154;121,6425;1,867852E-07
0,10131;1,02934;2,21379;359,1199;121,6408;5,336714E-08
0,10192;1,01897;2,19423;359,1234;121,6399;2,93519E-07
0,10246;1,01098;2,18046;359,1273;121,6388;-1,067341E-07
0,10641;1,04264;2,25319;359,1298;121,6356;0
0,11024;1,06427;2,30087;359,14;121,6374;-1,601006E-07
0,1141;1,09081;2,3596;359,1644;121,6267;-4,00249E-07
0,11858;1,11815;2,4204;359,1891;121,6297;8,004928E-08
0,11901;1,10134;2,38512;359,2107;121,6239;-2,668296E-07
0,12359;1,13131;2,44556;359,234;121,6196;-4,802906E-07
0,12917;1,17613;2,53796;359,2711;121,6292;7,204298E-07
0,14022;1,26081;2,71392;359,3196;121,6362;1,600939E-07
0,14242;1,27576;2,74655;359,3424;121,6422;2,668218E-08
0,14614;1,29686;2,78606;359,3549;121,6407;5,336423E-07
0,15385;1,34579;2,88416;359,3715;121,6451;1,067281E-07
0,15863;1,37252;2,93336;359,3829;121,6506;5,336395E-07
0,16556;1,41756;3,02042;359,393;121,6501;-1,334096E-07
0,16451;1,39255;2,96171;359,4074;121,6499;2,134548E-07
0,15527;1,32258;2,82029;359,4203;121,6458;-2,934997E-07
0,1498;1,26404;2,69883;359,4622;121,6406;3,735424E-07
0,10983;0,91877;1,96947;359,4833;121,6332;-1,600891E-07
0,09968;0,82604;1,7738;359,5089;121,6248;4,802653E-07
0,08306;0,67954;1,46411;359,5343;121,6147;2,267911E-07
0,08008;0,6479;1,39948;359,5617;121,6068;6,270084E-07
0,08225;0,65592;1,4171;359,5894;121,6041;1,734272E-07
0,08201;0,64547;1,39654;359,6112;121,6021;2,401294E-07
0,08315;0,64756;1,40593;359,6317;121,6037;4,535766E-07
0,08999;0,70005;1,51969;359,6578;121,6024;-5,336181E-08
0,10995;0,85161;1,83779;359,6628;121,6015;-3,735325E-07
0,12265;0,94459;2,03491;359,6654;121,6034;-6,003198E-07
0,16174;1,23543;2,65483;359,6646;121,601;-2,267875E-07
0,16087;1,22576;2,63847;359,6625;121,5989;5,069369E-07
0,17476;1,32249;2,84297;359,6573;121,5959;-3,201708E-07
0,16964;1,28491;2,76344;359,6529;121,594;0
0,16371;1,26168;2,71813;359,6473;121,5919;-1,73426E-07
0,15266;1,20581;2,60354;359,6389;121,5879;-5,869811E-07
0,13518;1,09638;2,37682;359,6197;121,582;-4,002152E-08
0,13171;1,06819;2,31412;359,6143;121,5827;-3,735344E-07
0,12678;1,03207;2,23587;359,6104;121,588;4,135561E-07
0,11235;0,93412;2,0277;359,6055;121,589;-8,004317E-07
0,09937;0,83374;1,81221;359,6084;121,5951;4,802589E-07
0,0967;0,81144;1,76169;359,6071;121,5958;4,669184E-07
0,09381;0,78494;1,70529;359,6138;121,5989;-1,067241E-07
0,10392;0,86928;1,87549;359,6205;121,6017;4,002152E-08
0,11317;0,93986;2,01215;359,6275;121,5981;-5,336198E-07
0,11851;0,98855;2,10998;359,6316;121,5962;1,600859E-07
0,11435;0,96193;2,05416;359,6321;121,593;2,134478E-07
0,11026;0,93822;2,00437;359,6356;121,5906;3,735335E-07
0,10715;0,92101;1,96847;359,6393;121,5907;-4,402357E-07
0,10307;0,90272;1,9326;359,6389;121,5872;4,268953E-07
0,10158;0,89794;1,92416;359,6409;121,5888;3,201714E-07
0,09734;0,87465;1,87814;359,6434;121,5882;-1,600857E-07
0,0994;0,89266;1,91462;359,6393;121,5842;-4,002144E-08
0,09146;0,8282;1,78206;359,6382;121,585;4,669167E-07
0,08216;0,7473;1,61587;359,6389;121,5833;4,002144E-07
0,07368;0,67329;1,46154;359,6406;121,5825;2,668095E-08
0,07208;0,65949;1,43411;359,6393;121,5799;-1,200643E-07
0,06679;0,61195;1,33506;359,6318;121,5738;6,670244E-08
0,06537;0,60034;1,31357;359,6255;121,5684;-2,267885E-07
0,07306;0,66356;1,44854;359,6227;121,5655;-4,00215E-08
0,08137999;0,73275;1,59657;359,6209;121,5618;-2,668101E-07
0,08633;0,75448;1,64443;359,6201;121,5537;-8,004304E-08
0,08293;0,71646;1,57323;359,6191;121,5481;-3,068317E-07
0,0959;0,81757;1,81306;359,6181;121,541;-2,534697E-07
0,13058;1,09135;2,44384;359,6176;121,5314;-2,668103E-08
0,13716;1,14048;2,57905;359,6166;121,5223;-2,801507E-07
0,13273;1,09674;2,50343;359,6166;121,5119;-2,401293E-07
0,1243;1,01729;2,3447;359,6186;121,5008;1,334051E-07
0,09734;0,79745;1,84177;359,6202;121,4894;3,601937E-07
0,07947;0,65246;1,52175;359,6327;121,4557;-1,067239E-07
0,05347;0,43201;1,02341;359,6367;121,4453;5,202788E-07
0,04525;0,35765;0,8589;359,6436;121,4376;-2,401285E-07
0,03127;0,23733;0,58888;359,64;121,4234;1,334048E-08
0,02489;0,18047;0,4606;359,6417;121,4156;-6,670237E-08
0,02262;0,1636;0,42321;359,6422;121,4085;0
0,01984;0,14011;0,37216;359,6435;121,4034;2,534689E-07
0,02018;0,14099;0,37986;359,6486;121,4032;-8,537896E-07
0,01851;0,12731;0,34928;359,6443;121,3967;2,801499E-07
0,01936;0,1312;0,36041;359,644;121,396;4,135545E-07
0,01913;0,12908;0,35675;359,6418;121,3946;-4,002142E-08
0,0185;0,12117;0,33937;359,6424;121,3936;-4,002141E-08
0,01659;0,10715;0,30491;359,6403;121,3921;-2,8015E-07
0,01722;0,11133;0,31524;359,6411;121,3911;4,402356E-07
0,01672;0,10871;0,30955;359,6392;121,3916;3,201714E-07
0,01634;0,10415;0,29919;359,6378;121,3919;6,803644E-07
0,01709;0,10887;0,31229;359,6375;121,3905;9,338336E-08
0,01821;0,11628;0,33102;359,636;121,3842;1,600858E-07
0,01755;0,11153;0,32071;359,6349;121,38;6,003218E-07
0,01836;0,1181;0,33628;359,6365;121,3763;-1,067238E-07
0,02015;0,1317;0,37121;359,637;121,3719;-4,935977E-07
0,03728;0,26444;0,6895;359,6364;121,3674;2,001072E-07
0,08472;0,16898;0,719;359,6394;121,3634;2,801501E-07
-Infini;+Infini;+Infini;359,637;121,3586;-3,068311E-07
0,11973;0,09951;0,7247;359,6391;121,3574;5,86981E-07
0,04565;0,03481;0,74343;359,6369;121,3528;-8,004288E-08
0,07448;0,09583;0,74676;359,636;121,3528;-9,338338E-08
0,02882;0,03995;0,28651;359,6351;121,3542;-2,134477E-07
0,01816;0,04032;0,20539;359,6337;121,3529;-2,668097E-07
0,05543;0,27535;0,82727;359,6334;121,3537;2,267883E-07
0,06829;0,4488;1,18555;359,6339;121,3564;6,670243E-07
0,02746;0,1876;0,50196;359,6338;121,3595;4,002146E-07
0,02296;0,16884;0,45782;359,6339;121,3628;1,334048E-08
0,01908;0,13438;0,37456;359,6327;121,3627;4,93598E-07
0,02338;0,16827;0,45751;359,6346;121,3648;-2,534692E-07
0,02986;0,21967;0,57897;359,6363;121,3659;8,004289E-08
0,02527;0,18352;0,48904;359,6348;121,3578;4,40236E-07
0,02623;0,19228;0,50798;359,6361;121,3567;-1,734263E-07
0,02083;0,14874;0,403;359,6376;121,3546;6,67024E-07
0,01851;0,1296;0,35692;359,6469;121,3512;3,068307E-07
0,01502;0,10099;0,28765;359,6477;121,3469;1,200642E-07
0,01454;0,09779;0,27881;359,652;121,3417;5,602992E-07
0,0141;0,09405001;0,26918;359,6529;121,3336;1,200641E-07
0,01493;0,10817;0,30313;359,6555;121,3304;4,268945E-07
0,01789;0,13964;0,38282;359,6573;121,3279;9,605125E-07
0,01884;0,15166;0,41309;359,6583;121,3268;-4,669158E-07
0,02104;0,17476;0,47166;359,6582;121,3228;2,801495E-07
0,01869;0,15119;0,41192;359,6505;121,3187;-7,737467E-07
0,01698;0,13597;0,3736;359,6508;121,3166;2,934901E-07
0,01722;0,1383;0,37926;359,6499;121,315;-5,469589E-07
0,01932;0,16263;0,4394;359,6501;121,3135;-2,267878E-07
0,01965;0,1664;0,4494;359,6503;121,3073;-8,6713E-07
0,02209;0,19356;0,51894;359,651;121,3042;-8,004276E-08
0,02361;0,20888;0,55848;359,6507;121,3019;-4,002138E-07
0,01986;0,17662;0,47736;359,6505;121,2982;5,46959E-07
0,01763;0,15528;0,42346;359,6508;121,2953;-8,004276E-08
0,01528;0,13206;0,36527;359,6501;121,291;-2,00107E-07
0,01445;0,12462;0,34698;359,6497;121,2855;-6,937041E-07
0,01468;0,12834;0,35706;359,6508;121,2803;4,669161E-07
0,01438;0,128;0,35653;359,6487;121,2775;-1,73426E-07
0,01372;0,12306;0,34569;359,6476;121,2719;2,00107E-07
0,01299;0,11618;0,32894;359,6458;121,2701;-6,27002E-07
0,01125;0,09801;0,28365;359,6451;121,2689;-5,469592E-07
0,0116;0,10715;0,307;359,6445;121,2682;2,801499E-07
0,01317;0,12629;0,35669;359,6435;121,2668;3,868737E-07
0,01303;0,12555;0,35572;359,6435;121,2668;3,868737E-07
0,01326;0,12923;0,36561;359,6418;121,2666;-2,934904E-07
0,01356;0,13256;0,37443;359,64;121,2651;1,067238E-07
0,01357;0,13474;0,3799;359,638;121,263;1,067238E-07
0,01292;0,12929;0,36657;359,6394;121,2629;-2,534691E-07
0,01255;0,12491;0,35602;359,6396;121,2595;-2,267881E-07
0,01247;0,12383;0,35336;359,6424;121,2591;3,068309E-07
0,01239;0,12442;0,35453;359,6412;121,2558;-2,53469E-07
0,0115;0,11311;0,32572;359,6413;121,2497;0
0,01064;0,10386;0,30198;359,6426;121,2464;-8,404497E-07
0,01056;0,10365;0,30096;359,6437;121,2423;-3,335117E-07
0,01007;0,09869999;0,28787;359,6479;121,2353;-2,267879E-07
0,00878;0,08246;0,24738;359,6483;121,233;3,468521E-07
0,00781;0,06963;0,21502;359,6469;121,2323;-3,73533E-07
0,00784;0,06853;0,21203;359,6478;121,2296;1,73426E-07
0,00767;0,06678;0,20732;359,6468;121,2275;-1,867665E-07
0,008649999;0,07545;0,22677;359,6471;121,2258;-2,401284E-07
0,00765;0,06229;0,19452;359,648;121,2244;7,604065E-07
0,00731;0,05866;0,1857;359,6486;121,2242;-9,338324E-08
0,0073;0,05946;0,18732;359,6499;121,2258;-6,003207E-07
0,00734;0,06025;0,18893;359,6501;121,2276;-2,401283E-07
0,00741;0,06094;0,19055;359,6504;121,2292;1,187301E-06
0,00752;0,06178;0,19209;359,6511;121,2317;-6,803634E-07
0,0076;0,06254;0,19365;359,6511;121,2341;-1,334046E-07
0,00754;0,06325;0,19521;359,6513;121,2375;3,468519E-07
0,00763;0,06392;0,19677;359,6526;121,2412;-2,668092E-07
0,00764;0,0646;0,19831;359,6557;121,2467;9,471722E-07
0,00771;0,06534;0,19982;359,6557;121,2524;-4,13554E-07
0,00774;0,06597;0,20136;359,6558;121,2532;4,935968E-07
0,00777;0,06657;0,2029;359,6545;121,2539;-7,470655E-07
0,00785;0,0672;0,20441;359,6545;121,2563;-4,002137E-08
0,00792;0,06774;0,20596;359,6526;121,2557;-1,334046E-07
0,00797;0,06832;0,20747;359,6539;121,2575;-3,068305E-07
0,00807;0,06889;0,20898;359,6535;121,2574;-5,202778E-07
0,00821;0,06945;0,21048;359,6539;121,2583;4,535756E-07
0,00828;0,07007;0,21194;359,6525;121,258;3,868732E-07
0,00837;0,07067;0,2134;359,6535;121,2605;-5,336183E-08
0,00844;0,07115;0,21489;359,6527;121,2618;-2,668092E-08
0,00849;0,07187;0,21627;359,6517;121,2637;5,202779E-07
0,0086;0,0724;0,21772;359,6497;121,2629;3,335116E-07
0,00872;0,07277;0,21923;359,6485;121,2651;-1,600856E-07
0,008760001;0,07344;0,2206;359,647;121,2663;-2,00107E-07
0,00873;0,07405;0,22198;359,6465;121,2669;5,469591E-07
0,00863;0,07466;0,22335;359,6441;121,2671;-5,602998E-07
0,00854;0,07541;0,22466;359,6419;121,2663;2,668094E-07
-Infini;+Infini;+Infini;359,641;121,2641;6,403427E-07
0,00845;0,07594001;0,22604;359,6422;121,2639;2,001071E-07
0,00837;0,07662001;0,22735;359,6468;121,2632;-2,401284E-07
0,00826;0,07699;0,22877;359,6483;121,2617;-7,870874E-07
0,00833;0,07713;0,23029;359,6507;121,2604;-1,334046E-07
0,00831;0,07757;0,2317;359,6525;121,2586;4,669161E-07
0,00822;0,07844999;0,2329;359,6539;121,2541;-1,067237E-07
0,00682;0,0569;0,18099;359,6539;121,2531;0
0,00747;0,06527;0,20253;359,653;121,2525;8,404488E-07
0,00781;0,0683;0,21128;359,6528;121,2524;-1,334046E-08
0,00882;0,08035;0,24263;359,651;121,253;-4,535756E-07
0,008640001;0,07836;0,23756;359,6507;121,2544;-3,335115E-07
0,00833;0,07441001;0,2282;359,6496;121,2557;-2,267878E-07
0,00757;0,06508999;0,20454;359,6499;121,2584;2,668093E-07
0,00682;0,05677;0,18338;359,645;121,2605;5,602997E-07
0,00678;0,05752;0,1851;359,6441;121,2611;2,668095E-08
0,00677;0,0581;0,18687;359,6434;121,2618;-4,002141E-08
0,00675;0,05897;0,18851;359,6419;121,2633;6,803639E-07
0,00664;0,0599;0,19009;359,6396;121,2647;5,336191E-08
0,00655;0,06094;0,1916;359,637;121,2658;6,670241E-08
0,00641;0,06182;0,19316;359,6333;121,2667;-3,201716E-07
0,00643;0,06239;0,19481;359,6308;121,2666;2,134479E-07
0,00643;0,06289;0,19649;359,6287;121,2675;4,802578E-07
0,00642;0,06344;0,19813;359,6277;121,2675;2,134479E-07
0,0064;0,06406;0,19972;359,6264;121,2658;3,068314E-07
0,00642;0,0647;0,20129;359,6269;121,2668;-2,934909E-07
0,00646;0,06530999;0,20286;359,6266;121,268;-1,467455E-07
0,00647;0,06594;0,20441;359,6266;121,268;-1,467455E-07
0,00653;0,06661;0,20592;359,6266;121,2686;-4,002149E-08
0,00662;0,06715;0,20748;359,6254;121,2686;3,468529E-07
0,00675;0,06777;0,20899;359,6274;121,2681;-3,601934E-07
0,00679;0,06818;0,21058;359,6269;121,2657;5,069389E-07
0,0069;0,06866001;0,21212;359,6259;121,2657;-8,004297E-08
0,00702;0,06915;0,21365;359,6334;121,2689;-6,670243E-08
0,00719;0,06965;0,21516;359,6256;121,2678;-3,468529E-07
0,00728;0,0702;0,21664;359,6226;121,269;-5,336202E-07
0,00734;0,071;0,21801;359,6235;121,271;-3,735341E-07
0,00743;0,07157;0,21946;359,6202;121,2713;-2,001076E-07
0,00753;0,07212999;0,22089;359,6185;121,2743;2,934912E-07
0,00757;0,07282;0,22225;359,6115;121,2781;6,270043E-07
0,00757;0,07354;0,22359;359,61;121,2808;2,001079E-07
0,0076;0,07395;0,22504;359,6082;121,2841;6,670262E-08
0,00764;0,07457;0,2264;359,6051;121,2841;5,336212E-08
0,00766;0,07526;0,2277;359,604;121,2838;4,53578E-07
0,00774;0,07592;0,22901;359,604;121,2838;4,53578E-07
0,00776;0,07661;0,23028;359,6007;121,2867;2,001081E-07
0,00779;0,07724;0,23158;359,6019;121,2865;2,801513E-07
0,00775;0,07799;0,23281;359,6013;121,2901;1,027221E-06
0,00779;0,07867;0,23406;359,6006;121,2944;7,4707E-07
0,00788;0,07922;0,23534;359,6011;121,2972;6,670268E-08
0,00796;0,0798;0,23661;359,6013;121,2968;4,402377E-07
0,00798;0,08071;0,23772;359,6043;121,2967;4,002159E-08
0,00807;0,08142;0,23891;359,6004;121,2955;-3,335134E-07
0,008140001;0,08193;0,24017;359,5992;121,2974;6,803675E-07
0,00816;0,0825;0,24139;359,5941;121,2977;9,338384E-07
0,00822;0,08309;0,24259;359,5891;121,2953;-5,736439E-07
0,0084;0,08347;0,24386;359,5879;121,2933;4,53579E-07
0,008470001;0,08394;0,2451;359,585;121,2917;-6,136659E-07
0,00861;0,08415;0,24644;359,5857;121,2895;7,737526E-07
0,00866;0,08451;0,24771;359,5819;121,2861;-1,200651E-07
0,00883;0,08462001;0,24909;359,5804;121,2824;-3,868766E-07
0,009029999;0,08487;0,25041;359,5776;121,2804;-6,670288E-08
0,009149999;0,08538;0,25162;359,5775;121,2791;-4,002173E-08
0,00922;0,0858;0,25286;359,5736;121,277;-1,200652E-07
0,00925;0,08632;0,25405;359,5682;121,2734;2,93493E-07
0,009409999;0,08661;0,25533;359,5693;121,273;-3,068335E-07
0,00947;0,0868;0,25666;359,5659;121,2706;3,068337E-07
0,009529999;0,08719;0,25789;359,5657;121,268;7,203922E-07
0,009520001;0,08792;0,25899;359,5629;121,2644;-3,201744E-07
0,0096;0,08845;0,26016;359,5636;121,2626;-1,734278E-07
0,009640001;0,08928;0,2612;359,5612;121,2591;-9,205017E-07
0,00958;0,09006;0,26224;359,5593;121,2525;9,338425E-08
0,009550001;0,09061;0,26337;359,5599;121,2525;-6,670303E-08
0,009649999;0,09124;0,26445;359,5611;121,2511;3,201745E-07
0,0077;0,06224;0,1936;359,5599;121,249;8,004364E-08
0,00788;0,0639;0,19755;359,5615;121,2479;6,536895E-07
0,00825;0,06896;0,2094;359,563;121,2473;-5,33624E-07
0,00842;0,06943;0,21104;359,5562;121,2441;4,535809E-07
0,008479999;0,06917;0,21061;359,5554;121,2439;2,001092E-07
0,008649999;0,07151;0,21654;359,5533;121,2453;-3,735373E-07
0,00801;0,06384;0,19794;359,5533;121,2466;1,334062E-08
0,00765;0,05878;0,18611;359,5497;121,2454;9,338438E-08
0,00784;0,06067;0,19085;359,5555;121,2503;0
0,00759;0,05694;0,18184;359,5552;121,2509;-4,002185E-08
0,00767;0,0577;0,18352;359,5503;121,2484;2,668125E-07
0,00766;0,05812;0,18533;359,5504;121,2501;-2,934937E-07
0,0077;0,05873;0,18704;359,5507;121,2513;-4,402406E-07
0,00773;0,05951;0,18867;359,5493;121,2498;-5,069438E-07
0,00775;0,06051;0,19018;359,5506;121,2522;2,001093E-07
0,00762;0,06175;0,19157;359,5486;121,2518;4,535814E-07
0,00776;0,06251;0,19313;359,5479;121,2541;-7,470752E-07
0,00784;0,06324;0,19469;359,5493;121,2548;-2,267906E-07
0,00751;0,05867;0,18361;359,5506;121,2575;-5,202843E-07
0,00773;0,06282;0,1932;359,5493;121,2581;8,004374E-07
0,00772;0,06375;0,19513;359,5508;121,2603;-3,335156E-07
0,00771;0,06423;0,19575;359,5426;121,2599;1,013888E-06
0,00787;0,06656;0,20108;359,5436;121,2622;2,668127E-08
0,00788;0,06657;0,2009;359,5416;121,2682;-2,801535E-07
0,00762;0,06299;0,19301;359,5419;121,2717;7,604164E-07
0,007900001;0,06329;0,19474;359,5417;121,2752;3,868786E-07
0,00769;0,06044;0,18807;359,5414;121,278;-5,069443E-07
0,00785;0,06082;0,18934;359,5421;121,2827;-4,002192E-08
0,0086;0,06940001;0,20951;359,5419;121,2855;1,867689E-07
0,008859999;0,07208;0,21611;359,5414;121,2876;-5,069443E-07
0,00875;0,06914;0,20883;359,5424;121,2904;4,269005E-07
0,00897;0,07083999;0,21268;359,542;121,291;3,601972E-07
0,008939999;0,07056;0,21124;359,5442;121,2934;2,668127E-07
0,00872;0,06829;0,20554;359,5447;121,2917;6,670317E-08
0,00937;0,07621;0,22436;359,546;121,2917;7,070534E-07
0,009670001;0,08063;0,23478;359,5479;121,291;-1,600876E-07
0,01;0,08493;0,24504;359,5486;121,2908;2,134501E-07
0,00988;0,08412001;0,24313;359,5496;121,2913;-5,33625E-07
0,00945;0,08033;0,23376;359,55;121,2913;1,334063E-08
0,00878;0,07177;0,2129;359,5506;121,293;2,534719E-07
0,008880001;0,07364;0,21737;359,5504;121,2961;-3,735375E-07
0,00851;0,06914;0,20653;359,5499;121,2985;-2,668125E-07
0,00878;0,07279;0,21579;359,5486;121,2974;2,401313E-07
0,00884;0,07369;0,21791;359,5481;121,299;3,335157E-07
0,0084;0,06964;0,20746;359,5455;121,2958;-1,334063E-07
0,00825;0,06815;0,20339;359,5473;121,2974;8,538002E-07
0,00772;0,06297;0,1909;359,5473;121,2974;8,538002E-07
0,00777;0,06341;0,19222;359,5491;121,295;-2,534719E-07
0,00738;0,0588;0,18165;359,5518;121,2937;-6,136686E-07
0,00725;0,0594;0,18339;359,5535;121,2923;-2,668123E-08
0,00715;0,06009;0,18507;359,5544;121,2922;-3,335154E-07
0,00692;0,05886;0,18169;359,5573;121,2942;-2,267904E-07
0,00688;0,05971;0,18331;359,5574;121,296;-6,270088E-07
0,00684;0,06054;0,18493;359,5574;121,2957;1,200655E-07
0,00684;0,06106;0,18667;359,5578;121,2966;3,06834E-07
0,0068;0,0617;0,18834;359,557;121,297;-6,003274E-07
0,00678;0,06237;0,18998;359,556;121,2958;-1,067249E-07
0,00664;0,06324;0,19152;359,5544;121,2951;-3,46856E-07
0,00655;0,06399;0,1931;359,5523;121,2929;5,869874E-07
0,00667;0,06481;0,19462;359,5515;121,2925;-4,002187E-08
0,00676;0,06546;0,19621;359,5499;121,2914;9,338437E-08
0,00682;0,06597;0,19784;359,5507;121,2925;1,734281E-07
0,00687;0,06655;0,19943;359,5515;121,2942;1,600875E-07
0,00697;0,06718;0,20099;359,5533;121,2966;5,469653E-07
0,00708;0,06778;0,20254;359,5539;121,2999;3,601966E-07
0,0073;0,06832;0,20411;359,5534;121,2988;1,200656E-07
0,00745;0,06897;0,20563;359,5571;121,3005;1,067249E-07
0,00768;0,06948;0,20719;359,5578;121,298;3,06834E-07
0,00787;0,07015;0,20867;359,5586;121,2959;-3,468558E-07
0,007929999;0,07064;0,21022;359,5612;121,2929;-1,33406E-08
0,00808;0,07132;0,21167;359,562;121,2899;-1,200654E-07
0,00822;0,072;0,21311;359,5626;121,2874;8,671392E-07
0,00828;0,07254;0,2146;359,5621;121,2843;5,336242E-08
0,00838;0,07298;0,21611;359,5615;121,2845;5,202836E-07
0,00844;0,07356;0,21756;359,5609;121,2858;3,468557E-07
0,00844;0,07412;0,21899;359,5605;121,2872;6,803708E-07
0,008529999;0,07459;0,22045;359,561;121,2899;-4,402399E-07
0,00867;0,07524;0,22184;359,5607;121,293;-1,867685E-07
0,0088;0,07578;0,22325;359,5588;121,2948;-2,668122E-08
0,00892;0,07627;0,22467;359,5604;121,2971;-5,336242E-08
0,00892;0,07667;0,22612;359,5605;121,2977;-3,868775E-07
0,00893;0,07707;0,22757;359,5635;121,3016;8,537983E-07
0,00899;0,07759999;0,22896;359,5631;121,3028;8,004361E-08
0,00906;0,07809;0,23034;359,5667;121,3013;3,068337E-07
0,00918;0,0786;0,23171;359,5666;121,3015;9,338416E-08
0,00936;0,07915;0,23305;359,5672;121,2992;-4,93602E-07
0,00948;0,07964;0,23439;359,5694;121,3003;-1,734277E-07
0,009550001;0,0801;0,23574;359,5688;121,302;-4,135584E-07
0,00963;0,08065;0,23705;359,5675;121,3003;4,002177E-07
0,009729999;0,08128;0,2383;359,5657;121,301;1,600872E-07
0,00989;0,08189;0,23955;359,5639;121,2988;-5,33624E-07
0,0101;0,08246;0,2408;359,5644;121,2983;8,004358E-08
0,01024;0,0828;0,24214;359,5646;121,3;3,868774E-07
0,0104;0,0832;0,24346;359,5662;121,3026;2,934931E-07
0,01046;0,08369999;0,24474;359,5666;121,3052;-4,402397E-07
0,01053;0,08419999;0,24603;359,568;121,3058;-9,071603E-07
0,01059;0,08473001;0,24729;359,566;121,3049;-1,734278E-07
0,01064;0,08527;0,24855;359,5689;121,3082;-2,134494E-07
0,01074;0,08582;0,2498;359,5699;121,311;-8,938196E-07
0,01086;0,0864;0,25103;359,5686;121,3123;-1,600871E-07
0,01085;0,08698;0,25227;359,5705;121,3118;3,068335E-07
0,01085;0,08763;0,25347;359,5678;121,3077;7,203918E-07
0,01091;0,08808;0,25475;359,5687;121,3086;3,068336E-07
0,01093;0,08867;0,25597;359,5655;121,3034;-5,336238E-08
0,01102;0,08936;0,25713;359,5657;121,3013;4,002179E-07
0,01105;0,09009;0,25826;359,5647;121,2983;-3,868773E-07
0,01101;0,09058;0,25949;359,5661;121,2969;4,936021E-07
0,01096;0,09102;0,26073;359,5639;121,2906;4,402398E-07
0,01095;0,09128;0,26204;359,5628;121,2882;-1,33406E-07
0,01099;0,09146;0,26337;359,5656;121,2854;-4,002178E-08
0,01107;0,09166;0,26469;359,5664;121,2834;0
0,01117;0,09196;0,26597;359,5685;121,2797;4,402395E-07
0,01134;0,09243;0,26716;359,5697;121,2766;9,338413E-08
0,01148;0,09304;0,2683;359,5699;121,2732;1,334059E-07
0,01165;0,09366;0,26944;359,5716;121,2705;4,669205E-07
0,01173;0,094;0,27069;359,5739;121,267;-1,200652E-07
0,01033;0,08023001;0,23709;359,5733;121,2647;2,801522E-07
0,009260001;0,0653;0,20056;359,5753;121,2641;-4,002174E-08
0,01093;0,08508001;0,24869;359,5745;121,2619;-4,002174E-08
0,01049;0,07892;0,23374;359,5764;121,2608;8,53797E-07
0,01028;0,07504;0,224;359,5761;121,2543;-1,200652E-07
0,009529999;0,06623001;0,20275;359,5744;121,2514;-2,534711E-07
0,0095;0,06671;0,2044;359,5756;121,2513;-4,002173E-07
0,00949;0,06712;0,20606;359,574;121,2495;1,867681E-07
0,00954;0,06738;0,20776;359,5704;121,2448;-4,936018E-07
0,00958;0,06796;0,20932;359,5741;121,2433;-1,60087E-07
0,009640001;0,06865;0,21082;359,5732;121,2362;-1,467464E-07
0,009699999;0,06937;0,21229;359,5727;121,2332;-4,135582E-07
0,00966;0,06996;0,21381;359,5739;121,2273;2,001087E-07
0,00968;0,07063;0,21528;359,5804;121,2236;-8,004343E-08
0,00975;0,0713;0,21674;359,5844;121,2223;-7,0705E-07
0,009810001;0,0721;0,21813;359,5765;121,2181;-1,334058E-08
0,009939999;0,07289;0,21951;359,5852;121,2175;4,936008E-07
0,01002;0,07356;0,22094;359,5853;121,2171;-2,668113E-08
0,01009;0,07439;0,2223;359,5872;121,2157;-1,467461E-07
0,01016;0,07507;0,2237;359,5813;121,2117;-2,80152E-07
0,01024;0,07553;0,22518;359,5825;121,2103;1,867679E-07
0,01029;0,07601;0,22664;359,5822;121,2077;3,335142E-07
0,01037;0,07658999;0,22806;359,5817;121,2062;-2,001085E-07
0,01037;0,0771;0,22948;359,5814;121,2053;2,134491E-07
0,01031;0,07761;0,2309;359,5782;121,2006;-1,334058E-07
0,01023;0,07808;0,23232;359,5783;121,1994;6,670287E-08
0,01011;0,07855;0,23373;359,5742;121,1983;3,601957E-07
0,00999;0,0792;0,23504;359,5725;121,1961;-2,001088E-07
0,009729999;0,07969;0,23641;359,5718;121,1944;-4,002175E-07
0,00947;0,08015;0,23779;359,568;121,1933;-1,867683E-07
0,00904;0,08087;0,23907;359,5672;121,1929;-2,801525E-07
0,00872;0,08142;0,2404;359,5669;121,1929;1,334059E-07
0,00861;0,08179;0,24178;359,5692;121,1912;1,334059E-07
0,00843;0,08231;0,24311;359,5693;121,1899;1,867682E-07
0,00822;0,08274;0,24445;359,5712;121,1883;3,601959E-07
0,0081;0,08308;0,24583;359,5687;121,1862;2,534713E-07
0,00796;0,08353;0,24715;359,5716;121,1843;-1,734276E-07
0,00767;0,08395;0,24848;359,5723;121,1826;8,004351E-08
0,00762;0,08458;0,24972;359,5728;121,1818;5,869857E-07
0,00753;0,08528;0,25092;359,5697;121,18;1,200653E-07
0,0076;0,08604;0,25207;359,5615;121,1771;-1,200654E-07
0,00765;0,08661;0,2533;359,561;121,1773;-1,867685E-07
0,0077;0,08796;0,25417;359,5617;121,1755;-3,735369E-07
0,0147;0,16493;0,43789;359,5617;121,1728;5,869865E-07
0,01396;0,07616001;0,27655;359,5627;121,1709;-3,33515E-07
-Infini;+Infini;+Infini;359,561;121,1677;3,601963E-07
-Infini;+Infini;+Infini;359,5651;121,1668;-2,801525E-07
-0,03269;0,01205;0,29371;359,565;121,162;3,735367E-07
-0,00121;0,05873;0,28103;359,5608;121,158;1,867685E-07
0,0363;0,23657;1,03405;359,5612;121,156;-9,338424E-08
0,03821;0,21418;0,79557;359,5603;121,1543;-3,735369E-07
0,08596;0,97415;2,68295;359,5586;121,1525;1,200655E-07
0,01834;0,23537;0,62377;359,5583;121,1503;9,338425E-08
0,01209;0,17657;0,47714;359,5558;121,1479;6,136683E-07
0,00701;0,09084;0,26159;359,5533;121,1451;4,802623E-07
0,00652;0,09293;0,26217;359,5522;121,1442;-5,336249E-07
0,00626;0,09351;0,26334;359,5468;121,1405;-5,869877E-07
0,00582;0,09418;0,26446;359,5438;121,1387;3,868784E-07
0,00592;0,09502;0,26548;359,5452;121,139;4,269003E-07
0,00595;0,096;0,26643;359,5448;121,1406;-6,136692E-07
0,00576;0,0968;0,26744;359,5431;121,139;-1,334064E-07
0,00564;0,09709;0,26865;359,5408;121,1372;2,668128E-08
0,00701;0,09926999;0,269;359,5413;121,1373;-2,134503E-07
0,00741;0,09989;0,27003;359,5395;121,1351;-1,86769E-07
0,00757;0,1001;0,27125;359,5386;121,1316;-4,269007E-07
0,00788;0,1003;0,27247;359,5381;121,1314;3,735381E-07
0,00816;0,101;0,27346;359,5373;121,1296;0
0,008119999;0,10151;0,27452;359,5353;121,1292;2,534724E-07
0,00829;0,10199;0,27559;359,5353;121,1286;-3,735382E-07
0,00827;0,10243;0,27667;359,5341;121,1289;2,934944E-07
0,00832;0,10289;0,27773;359,5323;121,1299;7,737582E-07
0,00841;0,10356;0,2787;359,5286;121,1289;5,336266E-07
0,00829;0,10374;0,2799;359,5249;121,1292;-3,201762E-07
0,00805;0,10394;0,28108;359,5267;121,1306;3,335167E-07
0,00792;0,10361;0,2825;359,5234;121,1306;-4,135609E-07
0,00786;0,10379;0,28371;359,516;121,1307;-4,135613E-07
0,00784;0,10414;0,28484;359,5169;121,1336;-6,670344E-08
0,00795;0,10415;0,28611;359,511;121,1349;-1,867698E-07
0,00795;0,1043;0,28733;359,5156;121,1397;9,338481E-08
0,0063;0,07128;0,20873;359,5146;121,1419;3,335172E-07
0,00715;0,0865;0,2456;359,5153;121,146;-1,867697E-07
0,00784;0,09779;0,27318;359,5171;121,1483;0
0,00779;0,0953;0,26785;359,5119;121,1466;-1,200663E-07
0,00707;0,08251;0,23803;359,512;121,1473;-5,336278E-08
0,00721;0,08539;0,24521;359,5138;121,1505;4,802649E-07
0,00716;0,0866;0,24825;359,5128;121,149;3,868801E-07
0,00702;0,08691;0,2492;359,5138;121,1486;-6,270125E-07
0,00708;0,09073;0,25847;359,5189;121,1508;-2,134509E-07
0,0071;0,09456;0,2674;359,5147;121,1478;-1,867697E-07
0,00626;0,08348;0,24116;359,5169;121,1477;-1,067255E-07
0,00562;0,07739;0,2267;359,5148;121,1451;-1,600883E-07
0,00501;0,06998999;0,209;359,5116;121,1412;5,869907E-07
0,00499;0,07718;0,22618;359,5086;121,14;8,938272E-07
0,00519;0,08739;0,2506;359,5053;121,1383;-6,670354E-08
0,0051;0,08981;0,25633;359,5032;121,1361;-1,8677E-07
0,00497;0,09005;0,25708;359,5015;121,1345;3,201773E-07
0,00489;0,0918;0,26122;359,5009;121,1324;2,401329E-07
0,00467;0,08808;0,25222;359,5013;121,1233;1,334072E-07
0,00462;0,08965001;0,25607;359,5011;121,1195;9,338504E-08
0,00474;0,09529;0,26929;359,5033;121,1176;3,068364E-07
0,00462;0,09124;0,25931;359,5049;121,1148;4,13562E-07
0,00468;0,09417;0,26597;359,5075;121,1129;-3,735397E-07
0,00483;0,09762999;0,27325;359,5067;121,1083;6,670354E-08
0,00455;0,09139;0,25799;359,5092;121,1067;2,134512E-07
0,00452;0,09321;0,26239;359,5067;121,1037;-2,26792E-07
0,00418;0,08481;0,24214;359,5099;121,0969;6,270129E-07
0,00432;0,0931;0,26175;359,5083;121,0931;5,202874E-07
0,00401;0,08865;0,2509;359,5098;121,0911;1,867698E-07
0,0034;0,07045;0,20797;359,507;121,0859;3,068362E-07
0,00319;0,0651;0,19496;359,5056;121,0843;3,735399E-07
0,0031;0,06254;0,18857;359,5043;121,0823;4,936063E-07
0,00305;0,06328;0,19023;359,5032;121,0816;3,7354E-07
0,00293;0,064;0,19188;359,5024;121,0762;2,401329E-07
0,00289;0,06475;0,19349;359,5024;121,0762;2,401329E-07
0,00288;0,06556;0,19506;359,5034;121,0723;1,067257E-07
0,0029;0,06634;0,19663;359,5037;121,0706;-4,936064E-07
0,00306;0,06694999;0,19825;359,5042;121,0694;4,669249E-07
0,00319;0,06764;0,19982;359,5052;121,0678;-4,936063E-07
0,00326;0,06847;0,20132;359,5058;121,0663;2,001107E-07
0,00343;0,06762;0,1987;359,5085;121,0674;-3,868804E-07
0,00353;0,06832;0,20024;359,5083;121,0664;6,670352E-08
0,00413;0,08058999;0,22961;359,5094;121,0702;-5,869908E-07
0,00469;0,09226;0,25781;359,5089;121,0717;6,136723E-07
0,00499;0,09528;0,26451;359,5091;121,0736;-4,269025E-07
0,00549;0,10521;0,28727;359,5087;121,0749;-6,670352E-08
0,00601;0,11579;0,3126;359,5084;121,0764;-3,068362E-07
0,00599;0,11583;0,31199;359,5082;121,0774;1,33407E-08
0,00573;0,1101;0,29792;359,5088;121,0768;-2,668141E-07
0,00486;0,08954;0,24647;359,5085;121,0783;4,269025E-07
0,00553;0,10667;0,2884;359,5085;121,0778;1,067257E-07
0,00623;0,12701;0,33622;359,508;121,0769;-1,33407E-08
0,00554;0,11171;0,29896;359,5087;121,0773;-3,868805E-07
0,00509;0,09947;0,26945;359,5071;121,0745;-2,801548E-07
0,00493;0,09491999;0,25985;359,5075;121,0737;3,20177E-07
0,00454;0,08414;0,23501;359,5081;121,0721;0
0,00402;0,06773;0,19683;359,5093;121,0726;1,200663E-07
0,00408;0,06836;0,19846;359,5131;121,0738;2,668139E-07
0,00414;0,06901;0,20006;359,5147;121,0748;6,003312E-07
0,00424;0,06923001;0,20184;359,5161;121,0762;-7,070565E-07
0,00425;0,07011;0,20331;359,5185;121,077;-6,670341E-08
0,00436;0,07048;0,205;359,5196;121,0807;2,801543E-07
0,0044;0,07099;0,20661;359,5217;121,0829;-2,801543E-07
0,00444;0,07154;0,2082;359,524;121,0841;2,534728E-07
0,00438;0,07195;0,20983;359,524;121,0841;2,534728E-07
0,00454;0,07245;0,21141;359,5207;121,0862;2,934949E-07
0,00455;0,07342;0,21277;359,5163;121,0874;4,002207E-08
0,00458;0,07397;0,21431;359,5146;121,0931;6,270125E-07
0,00447;0,07457;0,2158;359,5139;121,094;-7,203975E-07
0,00447;0,07515;0,2173;359,5134;121,0964;-3,335173E-07
0,00455;0,07566001;0,2188;359,5134;121,0972;3,46858E-07
0,00451;0,07645;0,22018;359,5133;121,0963;-5,60309E-07
0,00449;0,07711;0,22159;359,5178;121,1008;-3,335171E-07
0,00449;0,07773;0,223;359,5159;121,0993;2,13451E-07
0,0044;0,0787;0,22425;359,5207;121,1019;3,735391E-07
0,00442;0,07896;0,22578;359,5264;121,1081;-2,668134E-08
0,0044;0,07923999;0,22731;359,5297;121,1118;-2,534725E-07
0,00456;0,07948;0,22885;359,5334;121,1146;1,734285E-07
0,00471;0,07988;0,23032;359,5315;121,1167;7,337362E-07
0,00491;0,08082;0,23155;359,5352;121,1207;-6,53692E-07
0,00473;0,08139;0,23292;359,5354;121,1217;-6,803733E-07
0,00475;0,08212;0,23422;359,5371;121,1255;1,334065E-07
0,00482;0,0827;0,23557;359,5394;121,129;1,86769E-07
0,00495;0,08315;0,23698;359,5426;121,134;-1,200658E-07
0,00507;0,08362;0,23836;359,5417;121,1321;6,403508E-07
0,00506;0,08461;0,23951;359,5442;121,1319;-4,669221E-07
0,00497;0,08544;0,2407;359,5465;121,1306;7,20394E-07
0,00501;0,08605999;0,24198;359,548;121,1287;4,402407E-07
0,00494;0,08668;0,24324;359,5486;121,1242;-6,670312E-08
0,00508;0,08696;0,24465;359,5509;121,122;9,20503E-07
0,00507;0,08731;0,24603;359,553;121,1189;-2,534718E-07
0,00509;0,08777;0,24736;359,5574;121,1135;5,069432E-07
0,00502;0,08814;0,24872;359,5647;121,1145;3,468556E-07
0,00499;0,0885;0,25007;359,5638;121,1093;1,33406E-08
0,00491;0,08889;0,2514;359,5735;121,1094;-4,535798E-07
0,00483;0,08951;0,25263;359,5769;121,1068;7,470722E-07
0,00473;0,08998001;0,2539;359,5828;121,1075;-1,200651E-07
0,0047;0,09089;0,25498;359,5871;121,1079;1,334056E-07
0,00464;0,09134;0,25625;359,5907;121,1054;2,267894E-07
0,0046;0,09228;0,25729;359,5942;121,1044;5,469624E-07
0,00455;0,09289;0,25846;359,5991;121,1014;4,002162E-08
0,00468;0,09358;0,25956;359,5995;121,101;3,335135E-07
0,00489;0,09428;0,26065;359,5988;121,1007;3,068324E-07
0,00503;0,09525;0,26163;359,5979;121,099;-1,334054E-08
0,00509;0,09603;0,26268;359,5958;121,0973;3,068325E-07
0,00521;0,09643;0,26389;359,5929;121,0928;2,66811E-07
0,00536;0,097;0,26503;359,5914;121,0912;2,668111E-08
0,00551;0,09771;0,26609;359,586;121,086;4,002169E-07
0,00524;0,09823;0,26721;359,5844;121,0841;2,534707E-07
0,00527;0,09857;0,26839;359,5833;121,0836;1,867679E-07
0,00522;0,09867;0,26966;359,5823;121,085;-4,669198E-07
0,00512;0,09875;0,27095;359,5799;121,0833;3,068331E-07
0,00513;0,09894;0,27216;359,5811;121,0873;1,734274E-07
0,00515;0,09903;0,27342;359,5795;121,0907;7,870937E-07
0,00521;0,09916;0,27465;359,5795;121,094;5,33623E-08
0,0051;0,09934;0,27586;359,5797;121,099;2,934926E-07
0,00505;0,09935;0,27713;359,5817;121,1017;-1,600869E-07
0,00479;0,0991;0,27851;359,5824;121,1039;-4,002171E-08
0,00477;0,09917;0,27976;359,5824;121,1049;-3,335142E-07
0,00472;0,09932;0,28096;359,5827;121,1068;-1,200651E-07
0,00471;0,09968;0,28207;359,5815;121,1085;5,736445E-07
0,00485;0,10015;0,28314;359,5812;121,1122;-2,668114E-07
0,00472;0,10028;0,28435;359,5709;121,1168;-5,336234E-08
0,0046;0,10053;0,28551;359,5662;121,1189;5,336239E-08
0,00451;0,10078;0,28667;359,5636;121,1235;0
0,00458;0,10108;0,2878;359,5597;121,1272;1,200655E-07
0,00457;0,1014;0,28892;359,5549;121,1299;5,069434E-07
0,00378;0,05832;0,1829;359,5522;121,1344;-2,134499E-07
0,00363;0,05875;0,18473;359,5467;121,1363;-4,00219E-08
0,00362;0,05924;0,18651;359,5463;121,1417;-4,936032E-07
0,0036;0,05981;0,18825;359,5452;121,1457;1,200657E-07
0,00359;0,0603;0,18999;359,5462;121,1516;2,267907E-07
0,00365;0,06087;0,19169;359,5467;121,1535;-8,271191E-07
0,00383;0,06155;0,19333;359,5469;121,1544;1,080591E-06
0,00375;0,06206;0,19503;359,55;121,1584;5,869874E-07
0,00398;0,0627;0,19666;359,5505;121,1627;-4,002187E-08
0,00431;0,06814;0,21;359,5503;121,1641;-6,270092E-07
0,00489;0,08102;0,24197;359,5522;121,1653;2,134499E-07
0,00446;0,07392;0,22478;359,5544;121,1664;1,867686E-07
0,00525;0,09344999;0,27122;359,5544;121,1664;1,867686E-07
0,00524;0,09426;0,27253;359,5544;121,164;-1,467468E-07
0,00558;0,10017;0,28585;359,5546;121,1637;-3,201748E-07
0,00549;0,09934;0,2834;359,5555;121,165;0
0,0053;0,09455001;0,27166;359,551;121,1629;4,002186E-08
0,00562;0,10377;0,29347;359,5544;121,1647;-8,537995E-07
0,00522;0,09448;0,27082;359,5496;121,1598;2,534719E-07
0,00479;0,08262;0,24191;359,554;121,1572;2,134499E-07
0,0043;0,07073;0,21293;359,5489;121,1524;-1,06725E-07
0,00392;0,06197;0,19149;359,5473;121,1498;-5,469659E-07
0,00382;0,06248;0,19319;359,5468;121,1482;-6,536908E-07
0,00382;0,06315;0,1948;359,5463;121,1488;-2,134501E-07
0,00378;0,06364;0,19647;359,5482;121,1468;9,338439E-08
0,00381;0,06442;0,198;359,5468;121,1453;-6,003284E-07
0,00364;0,06005;0,18725;359,549;121,1442;5,336251E-08
0,00366;0,06071;0,18887;359,5535;121,1434;6,403496E-07
0,00375;0,06542;0,20026;359,5531;121,1389;6,136685E-07
0,00453;0,08981;0,25819;359,5575;121,1353;-7,070524E-07
0,00518;0,10908;0,30446;359,5586;121,1358;-1,600873E-07
0,00537;0,11627;0,3224;359,5588;121,1351;2,934934E-07
0,00544;0,12371;0,34075;359,5603;121,1335;-2,134497E-07
0,00553;0,1285;0,35356;359,5586;121,1321;-2,668122E-07
0,00556;0,13271;0,36384;359,5571;121,1295;4,135589E-07
0,00561;0,13431;0,36735;359,554;121,1246;8,00437E-08
0,00552;0,12774;0,35132;359,5544;121,1207;5,469652E-07
0,00542;0,12521;0,34573;359,5577;121,1205;-1,200655E-07
0,00551;0,12764;0,35174;359,5579;121,1185;-9,338426E-08
0,00564;0,1253;0,34623;359,5598;121,119;2,001091E-07
0,00521;0,1102;0,30878;359,5621;121,123;-2,668121E-07
0,00518;0,10403;0,29261;359,562;121,126;-1,734278E-07
0,00509;0,0993;0,28097;359,5632;121,1296;5,33624E-08
0,00485;0,09369;0,26687;359,5646;121,1352;-3,068337E-07
0,00474;0,08978;0,25694;359,5646;121,1406;4,135586E-07
0,00464;0,08692;0,24984;359,5658;121,1466;-1,067248E-07
0,00474;0,08916;0,25445;359,5637;121,1546;1,467466E-07
0,00469;0,0868;0,2477;359,5773;121,168;6,670287E-08
0,00453;0,08268;0,23723;359,5789;121,1732;4,6692E-07
0,00446;0,08179;0,23502;359,5756;121,1819;6,67029E-08
0,00458;0,08763;0,24924;359,5772;121,1865;-4,002173E-08
0,00448;0,08887;0,2527;359,5814;121,1913;-5,336227E-08
0,0045;0,08918;0,25324;359,5795;121,1957;0
0,00449;0,08789;0,24956;359,5803;121,2025;-1,334057E-08
0,00451;0,08527;0,24313;359,5806;121,2054;2,668114E-07
0,00457;0,08585;0,2446;359,5782;121,2095;5,469636E-07
0,0044;0,0823;0,23636;359,5815;121,2113;-3,335142E-07
0,00427;0,07992;0,23088;359,58;121,2115;-2,668114E-07
0,00415;0,07724;0,22434;359,5798;121,2095;-2,668114E-07
0,00401;0,07454;0,21787;359,5752;121,2092;-3,335145E-07
0,00389;0,07093;0,20915;359,5783;121,2042;4,802607E-07
0,00388;0,06949;0,20543;359,5792;121,1996;6,670287E-08
0,00373;0,06623001;0,19749;359,5802;121,1954;1,200651E-07
0,00366;0,06467;0,19385;359,5815;121,1823;1,334057E-07
0,00372;0,06713;0,19956;359,582;121,1783;-2,134491E-07
0,00374;0,0706;0,20786;359,5796;121,1693;-4,268982E-07
0,00399;0,07833999;0,22711;359,5823;121,1667;-4,535793E-07
0,00408;0,08143;0,23463;359,5807;121,1585;3,068331E-07
0,00437;0,08813;0,25161;359,5794;121,1508;4,002172E-08
0,00444;0,091;0,25866;359,5749;121,1452;4,268986E-07
0,0043;0,0885;0,25264;359,5775;121,1394;5,202824E-07
0,0041;0,08594;0,24636;359,5651;121,1276;-2,401307E-07
0,00452;0,09442;0,26742;359,5661;121,1197;-5,336238E-08
0,00479;0,10213;0,28579;359,5541;121,1109;1,067249E-07
0,00477;0,09969001;0,27969;359,5505;121,1036;-6,536905E-07
0,00457;0,09327;0,26386;359,5444;121,0949;1,334064E-08
0,0043;0,08627;0,2461;359,5418;121,0873;-8,004383E-08
0,00434;0,08717;0,24858;359,5373;121,0772;1,467471E-07
0,00412;0,08041999;0,23188;359,5387;121,0684;5,869884E-07
0,00413;0,07883999;0,22808;359,5336;121,056;-2,801538E-07
0,0041;0,07739;0,22433;359,5291;121,0357;-2,80154E-07
0,00427;0,07808;0,22642;359,5271;121,0263;-7,470773E-07
0,00397;0,07318;0,21466;359,5264;121,0178;-3,468573E-07
0,00392;0,07212;0,2129;359,5263;121,0094;6,803741E-07
0,00363;0,06219;0,18882;359,5266;121,0011;-5,20286E-07
0,00376;0,06836;0,2041;359,5271;120,996;-6,136706E-07
0,00369;0,06648;0,19971;359,5269;120,9924;2,534726E-07
0,00354;0,06095;0,18655;359,526;120,9903;-2,134507E-07
0,00346;0,06022;0,1844;359,523;120,9875;6,670339E-08
0,00332;0,06115;0,18647;359,519;120,987;-1,334068E-07
0,0033;0,06181;0,18795;359,5191;120,9891;-4,66924E-07
0,00321;0,06146;0,18692;359,5163;120,9898;3,468579E-07
0,00326;0,06221;0,18922;359,5173;120,9915;-3,335171E-07
0,00328;0,06283;0,19079;359,517;120,992;-2,267917E-07
0,0032;0,06255;0,19016;359,5164;120,994;-5,336274E-08
0,00302;0,06007;0,18425;359,5159;120,9957;-5,336275E-08
0,00296;0,06446;0,1952;359,5181;120,9989;3,601985E-07
0,00288;0,06622;0,19942;359,5181;120,9989;3,601985E-07
0,00281;0,06421;0,19467;359,5201;121,0043;-1,334068E-08
0,00282;0,06488;0,19621;359,5214;121,0065;-2,534729E-07
0,00288;0,06513;0,19792;359,5234;121,0097;-8,004404E-08
0,00285;0,06572;0,19948;359,5257;121,011;-5,336269E-08
0,0028;0,06669001;0,20085;359,5282;121,0165;-2,668133E-08
0,00307;0,06807;0,20205;359,5292;121,0246;-2,534726E-07
0,00314;0,06839;0,20147;359,5286;121,0283;6,270112E-07
0,00315;0,06879;0,20194;359,5283;121,0325;0
0,00342;0,06928;0,20212;359,5283;121,0325;0
0,00352;0,06985;0,20366;359,5302;121,0433;-5,86989E-07
0,00345;0,06246;0,18677;359,5318;121,0479;2,401318E-07
0,00355;0,06275;0,18859;359,5295;121,0491;-4,802637E-07
0,00374;0,06358;0,19017;359,529;121,0508;-1,067253E-07
0,00399;0,06423;0,19182;359,5303;121,0526;-2,668133E-07
0,00419;0,06483001;0,19347;359,5327;121,0541;-4,002197E-08
0,00398;0,06552;0,19508;359,5338;121,0553;8,004393E-08
0,00383;0,06325;0,1897;359,5347;121,0551;8,004392E-07
0,00389;0,06665;0,1984;359,5375;121,0553;-5,869884E-07
0,00403;0,07326;0,21417;359,5394;121,0522;-5,336258E-08
0,00388;0,0718;0,21022;359,5391;121,0541;-1,867691E-07
0,00359;0,0644;0,19152;359,5397;121,0556;1,467471E-07
0,00356;0,06666;0,19609;359,5379;121,0564;-2,001097E-07
0,00364;0,07049;0,20502;359,5391;121,0577;1,334064E-07
0,00366;0,07543;0,21747;359,5358;121,057;-8,137798E-07
0,00374;0,08377;0,23726;359,5365;121,0569;2,401317E-07
0,00414;0,09704;0,26985;359,5355;121,0566;5,469666E-07
0,0046;0,10811;0,29753;359,5336;121,0581;-1,734285E-07
0,00487;0,11735;0,32;359,5331;121,0597;5,336262E-07
0,00545;0,1353;0,36432;359,5347;121,062;2,668131E-08
0,01073;0,25131;0,66457;359,5347;121,062;2,668131E-08
0,02593;0,2485;0,71852;359,5361;121,0644;-6,670326E-08
-0,03492;0,11948;0,75609;359,5373;121,0664;6,670324E-08
-0,00572;0,05891;0,76474;359,5381;121,067;-6,937136E-07
0,01838;0,04114;0,76542;359,5401;121,0694;3,73538E-07
0,02977;0,13922;1,00318;359,5429;121,0653;3,468566E-07
0,03237;0,15852;0,99831;359,5438;121,0642;4,669223E-07
0,03229;0,22309;0,98316;359,5448;121,0638;4,669223E-07
0,02281;0,29736;0,9617;359,5452;121,0646;7,070535E-07
0,01052;0,13262;0,40434;359,5448;121,0649;-1,867689E-07
0,02831;0,51086;1,3514;359,5433;121,0664;-8,004381E-08
0,03811;0,7657;1,94886;359,5432;121,0683;-1,334064E-07
0,04353;1,12357;2,82134;359,5442;121,0705;-1,334064E-07
0,05717;1,40756;3,50557;359,5462;121,0757;-2,001095E-07
0,03476;0,92535;2,29289;359,5474;121,0807;7,070533E-07
0,02926;0,78847;1,96063;359,549;121,0848;-1,334063E-08
0,02581;0,72382;1,80855;359,5506;121,0897;5,336249E-08
0,02478;0,63168;1,58548;359,5535;121,0941;-5,202841E-07
0,02597;0,63432;1,59103;359,5558;121,0966;-6,003276E-07
0,0283;0,65314;1,63752;359,5632;121,1065;-7,737548E-07
0,03345;0,77155;1,93433;359,5632;121,1065;-7,737548E-07
0,03342;0,78146;1,95915;359,5674;121,1136;3,868772E-07
0,03535;0,83688;2,09858;359,5706;121,1169;4,802613E-07
0,03541;0,82806;2,08029;359,5724;121,1195;1,267355E-06
0,03853;0,87572;2,20152;359,5737;121,1192;2,134493E-07
0,03924;0,84536;2,12212;359,5748;121,1185;-6,536885E-07
0,04197;0,9076501;2,27858;359,5751;121,1192;-5,06942E-07
0,04424;0,9489;2,37811;359,5745;121,1167;-3,335145E-07
0,04361;0,96836;2,43195;359,5756;121,1165;-8,004348E-08
0,04115;0,95281;2,39909;359,5752;121,117;-2,934927E-07
0,04009;0,9441;2,38246;359,5768;121,1177;5,202825E-07
0,03588;0,81095;2,04426;359,5784;121,1183;3,868766E-07
0,02778;0,63193;1,59475;359,5804;121,1213;7,203909E-07
0,02232;0,5029;1,27023;359,584;121,1193;-6,270064E-07
0,01839;0,41401;1,04629;359,5857;121,1192;-5,336225E-08
0,0176;0,38655;0,97859;359,5888;121,1199;1,20065E-07
0,0156;0,33897;0,86318;359,5909;121,1203;3,735355E-07
0,01296;0,28505;0,72886;359,589;121,1176;-7,870929E-07
0,01058;0,22869;0,58705;359,5952;121,1168;-1,334055E-07
0,00879;0,1819;0,47105;359,6027;121,1125;2,668107E-08
0,00708;0,13583;0,35875;359,5998;121,1075;0
0,00676;0,12935;0,34239;359,604;121,1046;1,600864E-07
0,00692;0,1272;0,33783;359,6056;121,0988;-3,601943E-07
0,00672;0,12271;0,3279;359,6065;121,094;9,871991E-07
0,00609;0,11066;0,3002;359,6094;121,0915;-4,535778E-07
0,00523;0,09803;0,26934;359,6075;121,0845;-3,601942E-07
0,00506;0,10319;0,28142;359,6124;121,0826;1,200647E-07
0,00486;0,10341;0,28225;359,6111;121,0757;-1,334052E-08
0,00529;0,11381;0,30712;359,6081;121,0704;2,001079E-07
0,00583;0,12344;0,3293;359,6143;121,0698;-2,534698E-07
0,00526;0,1076;0,29092;359,6084;121,0665;-4,135562E-07
0,00489;0,09355;0,25805;359,6055;121,0648;-4,802591E-07
0,00441;0,08384;0,23601;359,6053;121,0677;-2,934916E-07
0,0042;0,0704;0,20387;359,6021;121,0682;0
0,00446;0,08058;0,22844;359,6001;121,0702;1,867675E-07
0,00428;0,07002;0,20331;359,5934;121,0731;-2,401299E-07
0,00422;0,06357;0,18891;359,5928;121,076;-4,669193E-07
0,00438;0,0663;0,19538;359,5875;121,0751;-1,334056E-07
0,00431;0,06061;0,18293;359,5859;121,0766;-6,67028E-08
0,00453;0,06089;0,18479;359,5906;121,079;1,867677E-07
0,00484;0,06268;0,19099;359,5893;121,0811;-3,335139E-07
0,00456;0,06286;0,19283;359,5912;121,0817;-3,86876E-07
0,00473;0,06397;0,19424;359,5918;121,0815;-6,670275E-08
0,00529;0,06271;0,19442;359,5956;121,0874;2,93492E-07
0,0056;0,07045;0,21421;359,5886;121,0859;6,136656E-07
0,00598;0,07706;0,2316;359,5945;121,0877;-5,336219E-07
0,00548;0,0799;0,23714;359,5952;121,0874;-5,736435E-07
0,00538;0,06911;0,21044;359,5953;121,0883;9,338383E-08
0,00448;0,0619;0,19283;359,5941;121,0896;-5,60303E-07
0,00515;0,07694;0,23007;359,5941;121,0935;-1,46746E-07
0,00392;0,06266;0,19299;359,5895;121,1003;1,467461E-07
0,00371;0,06369;0,19447;359,5867;121,1053;-6,136659E-07
0,00345;0,06094;0,18812;359,5839;121,1059;-3,201735E-07
0,00342;0,06091;0,18821;359,5821;121,1075;6,003255E-07
0,00354;0,06822;0,20583;359,5785;121,1086;1,334058E-07
0,00356;0,06759;0,20426;359,5792;121,1122;-3,201738E-07
0,00409;0,08612;0,24946;359,5757;121,11;-1,200652E-06
0,00419;0,09675;0,27474;359,5771;121,1118;1,067246E-07
0,00427;0,10377;0,29105;359,5747;121,1114;-3,468551E-07
0,0042;0,10338;0,28964;359,5757;121,1123;-6,803696E-07
0,00413;0,10417;0,29148;359,5793;121,1167;-1,600869E-07
0,00429;0,11142;0,30841;359,5791;121,1156;-2,801521E-07
0,00423;0,11073;0,30642;359,5799;121,1172;8,004342E-08
0,00455;0,12545;0,34242;359,579;121,1157;4,135578E-07
0,00435;0,11929;0,32646;359,5798;121,1168;4,002172E-07
0,00417;0,11676;0,31971;359,5775;121,1154;-4,402389E-07
0,0039;0,11039;0,30461;359,5749;121,1132;-2,668116E-07
0,00394;0,11005;0,30416;359,572;121,1154;-1,334059E-08
0,00385;0,10872;0,30181;359,5734;121,1179;4,135581E-07
0,00391;0,10905;0,30346;359,5722;121,119;8,271163E-07
0,00482;0,12777;0,35154;359,5703;121,1198;-4,802612E-07
0,00568;0,14567;0,39834;359,5658;121,1231;-3,201743E-07
0,00534;0,13679;0,37588;359,5666;121,1256;3,468555E-07
0,00515;0,12983;0,35827;359,5691;121,1243;-2,668118E-08
0,00569;0,14016;0,3853;359,5708;121,1266;-2,134494E-07
0,00606;0,14757;0,40365;359,5677;121,1296;4,26899E-07
0,00601;0,14236;0,38913;359,5706;121,1266;2,801524E-07
0,00526;0,10736;0,29986;359,5689;121,126;3,068335E-07
0,0049;0,09827;0,27634;359,5651;121,1239;5,469644E-07
0,00537;0,11139;0,30915;359,5639;121,1244;4,402398E-07
0,00487;0,10001;0,28164;359,5638;121,123;-5,33624E-08
0,00454;0,0917;0,26133;359,5606;121,119;2,534715E-07
0,00483;0,09961;0,28212;359,5608;121,1171;1,867685E-07
0,00519;0,10176;0,28774;359,5588;121,11;8,137771E-07
0,005;0,09565;0,2717;359,5583;121,1075;-2,934934E-07
0,00511;0,09367;0,2665;359,5573;121,1048;-2,134498E-07
0,00531;0,09618;0,27382;359,5552;121,1033;3,868779E-07
0,00521;0,09244;0,26535;359,5526;121,1001;3,335155E-07
0,00544;0,09643;0,2751;359,5516;121,0978;-1,334062E-08
0,00566;0,09578;0,27375;359,5511;121,0959;3,068344E-07
0,00634;0,10727;0,30316;359,5494;121,0956;-4,669219E-07
0,00651;0,11028;0,31053;359,5503;121,0937;-2,934937E-07
0,00664;0,11215;0,31449;359,546;121,0915;5,46966E-07
0,00663;0,11191;0,3148;359,5461;121,0904;1,334063E-07
0,00666;0,11216;0,31656;359,5459;121,0901;4,269003E-07
0,00745;0,12853;0,35902;359,5432;121,0883;6,003285E-07
0,00789;0,13491;0,37513;359,5456;121,0907;-5,336253E-08
0,00975;0,17472;0,47538;359,5438;121,0876;-4,002191E-08
0,01103;0,19778;0,53539;359,544;121,0882;4,402409E-07
0,01196;0,21751;0,5863;359,5441;121,0831;6,670317E-08
0,01108;0,20479;0,55514;359,5448;121,0836;-6,136692E-07
0,01282;0,24154;0,64689;359,5449;121,0819;-1,334064E-08
0,01347;0,24731;0,66217;359,5445;121,0808;1,867689E-07
0,01622;0,3092;0,81303;359,5422;121,0804;2,001096E-07
0,02014;0,37854;0,99138;359,5429;121,0816;4,135597E-07
0,01911;0,37371;0,973;359,5407;121,0843;-1,334064E-07
0,01816;0,35326;0,92203;359,5403;121,0841;5,469664E-07
0,01826;0,34327;0,89707;359,5392;121,0847;6,00329E-07
0,01614;0,31167;0,81853;359,5388;121,0862;-2,668129E-08
0,01478;0,28775;0,75799;359,5386;121,0873;1,334065E-07
0,01331;0,26441;0,69888;359,5396;121,0874;-4,669224E-07
0,01263;0,24887;0,65979;359,54;121,0855;-1,86769E-07
0,01234;0,24514;0,6501;359,5422;121,089;6,136694E-07
0,01159;0,22852;0,60927;359,5417;121,0908;5,336255E-08
0,01109;0,21691;0,57983;359,5405;121,0893;4,135599E-07
0,01206;0,22809;0,61017;359,5414;121,0913;6,136694E-07
0,01179;0,2224;0,59686;359,5434;121,0926;-3,468566E-07
0,01341;0,2788;0,74049;359,5423;121,0922;6,67032E-08
0,01231;0,25034;0,66829;359,544;121,0938;3,068346E-07
0,01177;0,23808;0,63789;359,5457;121,0931;-1,200657E-07
0,01027;0,20487;0,55352;359,545;121,0916;1,46747E-07
0,00962;0,18901;0,51373;359,545;121,0923;5,069441E-07
0,00905;0,175;0,47885;359,5443;121,0917;8,00438E-08
0,01125;0,22614;0,6047;359,5432;121,0909;-9,338446E-08
0,00778;0,16084;0,44353;359,5447;121,0896;-2,668127E-07
0,00692;0,15003;0,41627;359,5433;121,0882;0
0,00603;0,13109;0,36917;359,5454;121,0865;-6,670316E-08
0,00569;0,11671;0,33342;359,548;121,0847;-4,802627E-07
0,00522;0,10087;0,29415;359,5478;121,082;-3,335157E-07
0,00533;0,10359;0,3007;359,5497;121,081;5,736469E-07
0,00513;0,0966;0,28292;359,5511;121,08;-1,467468E-07
0,00541;0,10771;0,31093;359,5527;121,0791;-2,668124E-07
0,00514;0,09942;0,29036;359,5586;121,0781;-1,334061E-08
0,00496;0,09589;0,28173;359,5621;121,0768;3,201744E-07
0,00501;0,09559;0,28107;359,5694;121,0743;-4,135582E-07
0,00474;0,08333001;0,24967;359,5712;121,0718;1,467464E-07
0,00486;0,08531;0,25442;359,5721;121,0695;-4,002176E-08
0,00494;0,08585;0,25508;359,5742;121,0676;8,004348E-08
0,0048;0,08258;0,24569;359,5726;121,0663;3,868769E-07
0,00515;0,09637;0,27944;359,5746;121,0654;1,200652E-07
0,00633;0,13096;0,3662;359,5729;121,0658;-1,334058E-08
0,00707;0,154;0,42295;359,5746;121,0664;1,067246E-07
0,00867;0,21549;0,57478;359,5749;121,0669;6,67029E-08
0,00883;0,22497;0,5974;359,5695;121,0678;0
0,00901;0,24459;0,64538;359,5704;121,0682;4,135582E-07
0,00923;0,26502;0,6981;359,5695;121,0692;6,8037E-07
0,008239999;0,24636;0,65351;359,5668;121,068;2,934931E-07
0,00754;0,23251;0,61991;359,5691;121,0668;3,468553E-07
0,00781;0,25955;0,6893;359,567;121,0642;6,403485E-07
0,00696;0,23275;0,62346;359,5664;121,0616;5,336237E-08
0,00561;0,17782;0,48749;359,5707;121,0602;4,5358E-07
0,00501;0,15273;0,42617;359,5723;121,0594;4,135581E-07
0,00471;0,14223;0,4007;359,5732;121,0587;0
0,00507;0,16164;0,45004;359,5762;121,0589;3,735362E-07
0,00551;0,1796;0,49576;359,5793;121,0591;-1,734274E-07
0,00575;0,17987;0,49669;359,582;121,0587;-9,071586E-07
0,00648;0,19961;0,54573;359,5868;121,0613;9,338391E-08
0,00732;0,23799;0,64343;359,5866;121,0639;-1,867679E-07
0,00798;0,25716;0,69233;359,5937;121,0641;4,402381E-07
0,00937;0,28773;0,76817;359,5951;121,0661;-3,735353E-07
0,00773;0,21;0,57349;359,5959;121,0668;4,535785E-07
0,00713;0,18113;0,50081;359,5972;121,0673;2,668108E-07
0,00675;0,16226;0,45102;359,5982;121,0678;3,068324E-07
0,01142;0,26797;0,71544;359,5989;121,0685;6,67027E-08
0,009319999;0,22014;0,59644;359,5999;121,0695;2,001081E-07
0,00744;0,17235;0,47357;359,6003;121,0709;-1,467459E-07
0,00689;0,14601;0,40745;359,6038;121,0732;4,268971E-07
0,00553;0,09734;0,28412;359,6041;121,0735;5,736429E-07
0,00508;0,08482;0,25287;359,607;121,0754;-4,669185E-07
0,00479;0,08076999;0,24153;359,6094;121,0766;4,002156E-08
0,00512;0,09455001;0,27511;359,6069;121,074;-1,200647E-07
0,00508;0,09722;0,2802;359,6092;121,0753;-9,338366E-08
0,00514;0,10114;0,29069;359,6118;121,076;4,002156E-08
0,00461;0,09029;0,26307;359,6157;121,079;-7,470687E-07
0,00456;0,09357;0,26965;359,6169;121,0767;-3,068317E-07
0,00456;0,1003;0,2858;359,6191;121,079;-2,534697E-07
0,00411;0,09978;0,28249;359,6193;121,0803;3,468531E-07
0,00385;0,10252;0,28857;359,6171;121,0827;-6,136635E-07
0,00353;0,09880999;0,27781;359,6174;121,083;1,467456E-07
0,0035;0,09963;0,27931;359,6172;121,0863;2,001076E-07
0,00337;0,0914;0,25824;359,6168;121,0888;-4,802584E-07
0,00382;0,09251;0,26122;359,6158;121,0928;6,670258E-08
0,00391;0,08745;0,24787;359,6162;121,093;3,335128E-07
0,00447;0,08826;0,25048;359,6167;121,0982;1,867671E-07
0,00487;0,08802;0,25057;359,6195;121,0998;7,33728E-07
0,00539;0,09074;0,2579;359,6209;121,1014;-1,734266E-07
0,0058;0,09516;0,27013;359,6214;121,1013;5,736417E-07
0,00602;0,09581;0,27221;359,6237;121,1023;-4,00215E-07
0,00629;0,09657;0,2756;359,625;121,1008;-5,469604E-07
0,00624;0,09614;0,27475;359,6278;121,1011;4,535768E-07
0,00568;0,08738;0,25376;359,6325;121,1008;5,336195E-08
0,00576;0,08865;0,25755;359,637;121,0954;8,271098E-07
0,00526;0,08735;0,25425;359,6402;121,093;4,535762E-07
0,00494;0,08627;0,25092;359,6419;121,0915;1,734261E-07
0,00473;0,09031;0,2615;359,6455;121,0901;-1,200642E-07
0,00444;0,0887;0,25736;359,6502;121,0926;1,067237E-07
0,00387;0,08091;0,23716;359,6501;121,0897;5,336184E-08
0,00369;0,08128;0,23725;359,6564;121,0914;5,202776E-07
0,00338;0,075;0,22162;359,6564;121,0914;5,202776E-07
0,00339;0,07245;0,21536;359,6611;121,0932;7,737459E-07
0,00366;0,07368;0,21877;359,6606;121,0907;-4,002134E-07
0,00372;0,06823;0,20602;359,6614;121,09;1,467449E-07
0,00387;0,06886;0,20755;359,6628;121,0909;2,534684E-07
0,00348;0,0607;0,18786;359,6634;121,09;-1,734258E-07
0,00342;0,06179;0,18967;359,6652;121,085;1,734258E-07
0,0036;0,06241;0,19134;359,6676;121,081;3,868727E-07
0,00389;0,06274;0,19313;359,6676;121,081;3,868727E-07
0,00356;0,06058;0,18789;359,67;121,0731;-5,20277E-07
0,00378;0,06697;0,20401;359,6806;121,0698;-6,003189E-07
0,0038;0,07145;0,21523;359,6784;121,0655;4,402339E-07
0,00382;0,07746;0,23028;359,6855;121,0666;5,869782E-07
0,00376;0,08081;0,23807;359,6871;121,0662;-2,134466E-07
0,00412;0,0965;0,27648;359,69;121,0671;-2,134465E-07
0,00422;0,09891;0,2825;359,6885;121,0683;-3,201698E-07
0,00424;0,09389;0,27052;359,683;121,0679;4,535742E-07
0,00432;0,09182;0,26679;359,682;121,0719;1,200638E-07
0,00423;0,08873;0,25981;359,6803;121,0799;4,669147E-07
0,00493;0,08679;0,25852;359,6776;121,0817;-9,338297E-08
0,00564;0,09842;0,29074;359,6753;121,0809;5,60298E-07
0,00511;0,09973;0,29247;359,675;121,0854;3,335107E-07
0,00512;0,10538;0,30607;359,6725;121,0852;-4,268938E-07
0,0043;0,10424;0,30222;359,6703;121,0867;-8,804685E-07
0,00471;0,10678;0,31145;359,6691;121,0874;2,401278E-07
0,0047;0,12104;0,34723;359,6735;121,0902;-1,734256E-07
0,00506;0,14355;0,40442;359,6714;121,0907;2,668087E-08
0,0058;0,17338;0,47954;359,6734;121,0926;-4,002129E-07
0,00632;0,19664;0,5389;359,672;121,0928;6,670215E-08
0,00629;0,21085;0,57489;359,6719;121,0951;-6,803619E-07
0,00604;0,21832;0,59308;359,669;121,1016;-4,935961E-07
0,00603;0,22067;0,59832;359,6687;121,1004;-4,802557E-07
0,00595;0,21733;0,58931;359,6656;121,1009;2,934897E-07
0,00638;0,22841;0,61631;359,6641;121,1038;-5,336177E-08
0,0064;0,22848;0,61471;359,6644;121,1058;-1,734257E-07
0,00667;0,23231;0,62247;359,6619;121,1087;-6,670223E-08
0,00708;0,24992;0,66612;359,6608;121,1104;7,47065E-07
0,00673;0,24274;0,64836;359,6579;121,1134;-4,669157E-07
0,00642;0,23279;0,62276;359,6582;121,1141;-2,267876E-07
0,00625;0,22102;0,59297;359,6485;121,1156;4,002139E-08
0,00625;0,21161;0,56829;359,6475;121,116;5,20278E-07
0,00593;0,19779;0,53293;359,6434;121,1161;2,534689E-07
0,00603;0,19935;0,53595;359,6421;121,1163;-8,004284E-08
0,00695;0,23872;0,6309;359,6403;121,1149;-4,002142E-08
0,00673;0,22252;0,59095;359,6377;121,1128;2,801501E-07
0,00664;0,21775;0,57992;359,6358;121,1109;2,934906E-07
0,00617;0,18789;0,5052;359,6346;121,1099;6,536836E-07
0,00647;0,18872;0,50587;359,6354;121,1109;3,868739E-07
0,00654;0,18007;0,48346;359,6346;121,114;6,670242E-08
0,00711;0,18875;0,5035;359,6316;121,1154;6,670246E-08
0,00771;0,20211;0,53569;359,6295;121,1187;7,203865E-07
0,00868;0,21971;0,57784;359,6242;121,1236;-3,335125E-07
0,00956;0,23554;0,61602;359,6189;121,1245;7,33728E-07
0,009819999;0,23956;0,62539;359,6182;121,1291;3,201722E-07
0,009670001;0,23299;0,60874;359,6163;121,1308;-4,002153E-08
0,00906;0,21305;0,55831;359,6142;121,1323;2,934913E-07
0,00754;0,18782;0,50019;359,6121;121,1326;4,002155E-07
0,00665;0,15193;0,41042;359,6116;121,134;-2,534699E-07
0,00828;0,23212;0,61045;359,6107;121,1364;2,668104E-07
0,00792;0,2897;0,77604;359,6058;121,1365;9,33837E-08
0,09477;0,61813;2,29015;359,604;121,1358;2,668106E-08
4E-05;0,37024;2,34568;359,6034;121,1334;7,604105E-07
-0,09057;0,32703;2,3545;359,6007;121,1299;2,00108E-07
-0,02095;0,3274;2,3537;359,6023;121,1297;8,004319E-08
0,00533;0,02024;0,21568;359,6006;121,1281;-6,670268E-08
0,01816;0,12244;0,58351;359,5997;121,1283;8,004322E-08
0,03114;0,31529;1,00832;359,5946;121,1255;5,33622E-08
0,07912999;1,16542;3,16017;359,5943;121,1246;-6,270056E-07
0,06825;1,03341;2,67032;359,5932;121,1233;-5,869841E-07
0,0172;0,2703;0,70539;359,5963;121,1244;-7,60411E-07
0,01161;0,18205;0,48509;359,597;121,1233;3,868757E-07
0,01041;0,13859;0,38296;359,599;121,1197;-4,002162E-08
0,00676;0,10848;0,30607;359,6005;121,1169;-4,268973E-07
0,0065;0,09945;0,28096;359,5995;121,1144;2,401297E-07
0,00571;0,11039;0,30314;359,5992;121,1092;1,334054E-08
0,00471;0,10505;0,28694;359,5981;121,1062;-7,737513E-07
0,00427;0,1178;0,31565;359,5964;121,1012;-1,334054E-08
0,00387;0,08708;0,24235;359,5982;121,1009;2,134487E-07
0,00359;0,08457;0,2368;359,5986;121,1012;8,938161E-07
0,00376;0,08723;0,24341;359,5981;121,0978;4,002162E-07
0,00469;0,10989;0,29915;359,5973;121,0973;-3,20173E-07
0,00535;0,12196;0,32968;359,598;121,0968;-2,267893E-07
0,00632;0,14485;0,38624;359,5993;121,0926;-8,004326E-08
0,00669;0,15005;0,40086;359,5988;121,0932;1,334054E-08
0,00746;0,16758;0,44505;359,5986;121,0963;-2,001081E-07
0,00805;0,18244;0,48413;359,5984;121,0977;-4,936E-07
-0,01716;0,17205;0,48949;359,5966;121,0957;-1,46746E-07
0,0095;0,19125;0,51138;359,5987;121,0966;-2,401297E-07
0,00805;0,16011;0,43304;359,5964;121,0955;8,938164E-07
0,0084;0,16583;0,44897;359,5952;121,0952;3,735353E-07
0,00549;0,10719;0,29917;359,5947;121,0943;9,338383E-08
0,00625;0,12611;0,34742;359,5953;121,0947;-9,605193E-07
0,00637;0,12734;0,35193;359,591;121,0946;-9,338387E-08
0,00622;0,12282;0,34049;359,5903;121,0932;-1,067244E-07
0,00609;0,11744;0,32715;359,5865;121,0928;-3,868763E-07
0,00576;0,10859;0,30424;359,5851;121,0927;0
0,00678;0,12228;0,34058;359,5828;121,0906;2,134491E-07
0,0061;0,11114;0,31145;359,5821;121,0888;1,334057E-08
0,00724;0,13572;0,37464;359,5848;121,0882;-3,335141E-07
0,00688;0,12916;0,35767;359,5801;121,0845;-1,334057E-08
0,00664;0,12539;0,34783;359,582;121,0831;-5,336227E-08
0,0065;0,12868;0,35479;359,5829;121,0791;3,735359E-07
0,00607;0,12179;0,33588;359,5831;121,0766;-8,004339E-07
0,00632;0,13385;0,3656;359,5848;121,0753;-6,003253E-07
0,00605;0,13314;0,36269;359,5874;121,0733;1,334056E-08
0,00598;0,13933;0,37806;359,5916;121,0728;1,867677E-07
0,00525;0,1324;0,35966;359,5945;121,0701;2,401299E-07
0,00535;0,13454;0,36554;359,5959;121,0667;9,605193E-07
0,00503;0,12615;0,34405;359,5969;121,0636;2,134487E-07
0,00504;0,12883;0,35037;359,5971;121,0588;2,401298E-07
0,00446;0,1196;0,32669;359,5953;121,0499;1,46746E-07
0,00409;0,11872;0,32502;359,5921;121,0453;-2,801515E-07
0,00344;0,1014;0,28215;359,5905;121,0416;-2,534705E-07
0,00325;0,09526;0,26809;359,5898;121,0369;-2,801517E-07
0,00317;0,08607;0,24677;359,5872;121,0305;-4,002167E-07
0,00318;0,08613;0,24788;359,5867;121,0278;3,068329E-07
0,00344;0,08128;0,23667;359,5861;121,0245;-5,736442E-07
0,00337;0,07736;0,22717;359,583;121,0188;-3,868764E-07
0,00379;0,09245;0,26632;359,5829;121,0171;-1,334057E-07
0,00356;0,10882;0,30653;359,5851;121,0171;2,401302E-07
0,00331;0,10246;0,2901;359,5852;121,0139;-3,201735E-07
0,00339;0,10516;0,29664;359,5866;121,014;1,867678E-07
0,00336;0,10378;0,29261;359,5876;121,0136;-1,20065E-07
0,00337;0,10684;0,29973;359,5884;121,015;0
0,00333;0,11076;0,30909;359,5893;121,0161;-2,001083E-07
0,00309;0,10877;0,30333;359,5921;121,0215;7,604115E-07
0,00285;0,10802;0,30123;359,5936;121,0218;-2,93492E-07
0,0028;0,12903;0,35373;359,5961;121,0244;1,46746E-07
0,00242;0,11606;0,32086;359,5945;121,0238;3,468543E-07
0,00228;0,10794;0,30072;359,5938;121,0238;6,136652E-07
0,00224;0,10526;0,29398;359,5952;121,0245;6,670274E-08
0,00226;0,10439;0,29178;359,5951;121,027;3,468542E-07
0,00325;0,11348;0,31715;359,5953;121,0281;-5,336218E-08
0,00342;0,11401;0,3187;359,5965;121,0289;2,668108E-07
0,00348;0,11923;0,33114;359,5989;121,0318;-3,20173E-07
0,00379;0,12191;0,3382;359,6005;121,0345;-6,003241E-07
0,00377;0,12208;0,33813;359,6018;121,0375;-4,002161E-08
0,00392;0,12554;0,34631;359,6031;121,042;2,934918E-07
0,00386;0,12011;0,33279;359,6041;121,0446;-5,202807E-07
0,00389;0,12114;0,33492;359,6067;121,048;-3,068322E-07
0,00402;0,1245;0,34297;359,6109;121,0541;4,669183E-07
0,00415;0,12944;0,35519;359,6186;121,0638;6,003228E-07
0,00405;0,13152;0,36026;359,6186;121,0638;6,003228E-07
0,00408;0,13582;0,37076;359,6206;121,0692;-3,335126E-07
0,00476;0,1466;0,39707;359,6221;121,0715;-7,070465E-07
0,00439;0,14432;0,39197;359,6243;121,0716;5,60301E-07
0,00393;0,14028;0,38275;359,6246;121,0717;5,3362E-08
0,00358;0,13584;0,37188;359,6264;121,0699;2,668099E-08
0,00341;0,13874;0,37957;359,6274;121,0687;3,335124E-07
0,00348;0,14018;0,38393;359,6285;121,0671;-2,801503E-07
0,00328;0,13381;0,36931;359,6305;121,0661;1,600859E-07
0,00317;0,12662;0,35211;359,6337;121,0662;1,867668E-07
0,00299;0,11554;0,32484;359,635;121,0658;-9,338338E-08
0,00315;0,10032;0,28758;359,6374;121,0689;-4,535763E-07
0,00287;0,08401;0,24774;359,6374;121,0689;-4,535763E-07
0,00272;0,07761;0,23188;359,6428;121,0738;-4,935974E-07
0,0026;0,07892;0,23617;359,6439;121,0757;-8,671307E-07
0,00278;0,07788;0,23443;359,6491;121,0789;-1,334046E-08
0,00258;0,07015;0,21523;359,6466;121,0771;4,669163E-07
0,00277;0,07803;0,23519;359,6549;121,0815;2,267877E-07
0,00284;0,08744;0,25872;359,6592;121,0826;-5,336181E-08
0,00318;0,10181;0,29344;359,6601;121,0826;-2,801494E-07
0,00328;0,10875;0,31027;359,6614;121,0816;-2,668089E-08
0,00323;0,10921;0,31185;359,6609;121,0797;-4,268942E-07
0,00315;0,11131;0,31772;359,6606;121,0798;1,600854E-07
0,00331;0,12096;0,34205;359,6601;121,0798;3,335112E-07
0,00322;0,12092;0,34237;359,6587;121,0818;3,86873E-07
0,00303;0,12529;0,3531;359,658;121,0844;1,867663E-07
0,00283;0,11909;0,33886;359,657;121,0863;-2,534686E-07
0,00303;0,12995;0,3657;359,6559;121,0856;1,734259E-07
0,00329;0,13951;0,38906;359,6603;121,0886;3,86873E-07
0,00327;0,13939;0,38891;359,6591;121,087;3,068304E-07
0,00308;0,13469;0,37837;359,6536;121,0846;4,669159E-07
0,00333;0,13774;0,38583;359,6531;121,0853;1,067237E-07
0,00397;0,15304;0,42291;359,6511;121,0847;0
0,00528;0,19247;0,51666;359,6478;121,0854;1,734261E-07
0,0051;0,18458;0,49861;359,644;121,0861;3,068308E-07
0,00545;0,18022;0,4878;359,6433;121,0847;5,069379E-07
0,00577;0,18626;0,50255;359,6398;121,0839;0
0,00609;0,18975;0,51033;359,6388;121,0817;-1,067238E-07
0,00625;0,18728;0,50376;359,6334;121,0792;4,135551E-07
0,00704;0,19739;0,52821;359,6317;121,0749;3,068313E-07
0,0075;0,20569;0,54817;359,6293;121,0723;4,002147E-08
0,00742;0,20555;0,5476;359,6274;121,0721;-9,338346E-08
0,00776;0,20914;0,55547;359,6233;121,0714;-1,60086E-07
0,008189999;0,22083;0,58404;359,6193;121,0705;-5,202797E-07
0,00869;0,23168;0,61079;359,6155;121,0707;-1,734267E-07
0,01257;0,32266;0,82937;359,61;121,0716;3,601941E-07
0,0132;0,33499;0,85844;359,6064;121,0748;2,934916E-07
0,01173;0,3171;0,8166;359,6048;121,078;-2,934917E-07
0,009819999;0,28928;0,74938;359,6019;121,0799;-8,004321E-08
0,00899;0,27349;0,71068;359,5985;121,0831;6,670271E-08
0,00875;0,26478;0,69019;359,5918;121,0911;-5,736437E-07
0,00855;0,26391;0,68804;359,5901;121,0949;4,402383E-07
0,00837;0,26938;0,70144;359,586;121,0991;2,267895E-07
0,00817;0,26808;0,69768;359,5857;121,1054;-5,336224E-07
0,00756;0,25372;0,66079;359,5807;121,1131;4,002171E-08
0,0069;0,23918;0,62417;359,5844;121,1179;1,600867E-07
0,00522;0,21179;0,55733;359,5787;121,12;-4,535796E-07
0,00548;0,22986;0,59933;359,5799;121,1245;-1,067246E-07
0,00601;0,24538;0,63514;359,5779;121,1292;9,872026E-07
0,00758;0,28964;0,74289;359,5699;121,1362;1,467465E-07
0,0069;0,26725;0,68846;359,5649;121,1381;-1,33406E-08
0,00732;0,26314;0,67879;359,5574;121,1422;1,734279E-07
0,00744;0,26205;0,67526;359,5539;121,1441;-1,73428E-07
0,01054;0,33549;0,84595;359,5352;121,1533;4,402415E-07
0,01138;0,3514;0,88251;359,5358;121,1578;-3,201756E-07
0,01152;0,35044;0,88041;359,5279;121,1604;1,334067E-08
0,01211;0,36192;0,90757;359,5155;121,1663;-5,20287E-07
0,01173;0,31537;0,80017;359,5104;121,1702;2,801547E-07
0,01123;0,31548;0,801;359,5052;121,1746;-2,267921E-07
0,01128;0,31671;0,80202;359,5021;121,1799;3,601993E-07
0,01169;0,32423;0,81839;359,4942;121,1814;2,934961E-07
0,01229;0,33338;0,83752;359,4897;121,1884;-5,202888E-07
0,01212;0,32498;0,8178;359,4816;121,1928;1,600891E-07
0,01374;0,34776;0,86969;359,4737;121,1986;4,269048E-07
0,01375;0,34765;0,86931;359,46;121,214;-6,136771E-07
0,01464;0,36207;0,89994;359,4555;121,2287;5,336327E-08
0,01452;0,35441;0,87927;359,4483;121,2477;2,40135E-07
0,01562;0,36675;0,90463;359,4493;121,269;0
0,01551;0,35559;0,87749;359,4511;121,2989;1,867715E-07
0,01576;0,39129;0,95458;359,4597;121,3303;1,867713E-07
0,01382;0,37493;0,91231;359,4829;121,4059;3,201781E-07
0,0108;0,35331;0,85933;359,4889;121,4435;-1,467482E-07
0,00651;0,2576;0,63185;359,5016;121,5247;1,200665E-07
0,00658;0,23762;0,58802;359,5043;121,5622;-3,468585E-07
0,00731;0,21538;0,54056;359,514;121,6007;5,336277E-08
0,00998;0,2482;0,62158;359,5195;121,6259;-2,668136E-08
0,01347;0,27316;0,68365;359,5253;121,6434;-4,402421E-07
0,01565;0,27973;0,70467;359,531;121,6592;4,402417E-07
0,01847;0,26437;0,67826;359,5386;121,6701;-3,068349E-07
0,02282;0,28915;0,74497;359,5472;121,6783;-6,270097E-07
0,02444;0,28695;0,7426;359,5674;121,6897;-1,093929E-06
0,02618;0,24722;0,65018;359,5659;121,6936;-3,335149E-07
0,02627;0,24867;0,65392;359,5629;121,6964;1,33406E-08
0,02858;0,2674;0,69844;359,5558;121,6937;6,93712E-07
0,03317;0,3003;0,78509;359,5551;121,687;-4,669216E-07
0,03277;0,29617;0,77726;359,5249;121,6552;-3,068354E-07
0,03339;0,30378;0,80179;359,542;121,668;2,668128E-07
0,0328;0,30945;0,81678;359,5308;121,658;8,004397E-08
0,03318;0,3325;0,88045;359,5069;121,6374;8,004425E-08
0,03029;0,32476;0,86067;359,4976;121,6204;-1,334073E-07
0,02423;0,30641;0,8159699;359,4936;121,6091;-1,467481E-07
0,01693;0,2478;0,65752;359,4877;121,6044;-5,069484E-07
0,01523;0,25146;0,66588;359,4831;121,6034;-9,205122E-07
0,01574;0,30975;0,80631;359,4789;121,5995;1,734299E-07
0,01547;0,38133;0,98642;359,4767;121,6024;3,068377E-07
0,01773;0,51973;1,32591;359,4698;121,6111;8,004471E-08
0,01918;0,63739;1,62112;359,4619;121,62;2,934977E-07
0,02024;0,67948;1,72013;359,4475;121,6406;3,2018E-07
0,01904;0,75481;1,90239;359,4329;121,6406;3,468625E-07
0,0189;0,73933;1,86366;359,4232;121,6486;0
0,01543;0,65342;1,64799;359,4158;121,6585;-4,802727E-07
0,01458;0,65862;1,66125;359,3954;121,663;-4,535925E-07
0,01375;0,6476;1,63282;359,3845;121,6672;-5,069573E-07
0,01239;0,62364;1,57198;359,3778;121,6684;9,071879E-07
0,01223;0,61468;1,54474;359,3721;121,6682;-1,600922E-07
0,01308;0,63915;1,59942;359,3714;121,6697;2,134563E-07
0,014;0,73483;1,82592;359,3707;121,6831;-4,802766E-07
0,0145;0,94826;2,33278;359,3707;121,6831;-4,802766E-07
0,01237;0,92979;2,28701;359,363;121,6927;1,067283E-07
0,00535;0,54;1,3358;359,3618;121,694;-4,535953E-07
0,00238;0,30603;0,76486;359,3566;121,6989;7,73781E-07
0,00174;0,26288;0,66097;359,3459;121,7016;-5,336433E-07
0,00157;0,24168;0,60609;359,3361;121,7095;1,334111E-07
0,00085;0,20249;0,50289;359,3175;121,7025;3,735524E-07
0,00246;0,27315;0,68181;359,2967;121,6965;-5,336488E-08
0,00166;0,26455;0,64001;359,2887;121,6913;-7,20427E-07
-0,00414;0,40521;0,97602;359,2902;121,6842;-4,536021E-07
-0,01568;0,73032;1,76259;359,292;121,6779;2,668246E-07
-0,02625;0,94896;2,29524;359,2916;121,6667;2,401422E-07
-0,01946;0,60449;1,45732;359,2939;121,6575;3,735543E-07
-0,01306;0,34399;0,83183;359,2953;121,6438;4,269191E-07
-0,01415;0,36802;0,88124;359,2929;121,6221;4,802843E-07
-0,01552;0,37512;0,8989;359,3029;121,6103;-5,603304E-07
-0,01892;0,44727;1,06533;359,3046;121,5972;3,201887E-07
-0,02163;0,51457;1,2217;359,3016;121,5878;6,136953E-07
-0,02573;0,62702;1,48403;359,2908;121,5752;5,870145E-07
-0,02864;0,68242;1,61656;359,2898;121,5676;-8,004743E-08
-0,04572;1,00254;2,37011;359,2928;121,5502;-5,336492E-08
-0,07065;1,35782;3,18661;359,2982;121,5406;0
-0,08586;1,55994;3,65312;359,305;121,5296;2,668239E-07
-0,09408;1,64188;3,84946;359,3138;121,5327;1,067293E-07
-0,10658;1,8165;4,25432;359,3138;121,5291;3,735528E-07
-0,11259;1,84218;4,32181;359,3158;121,532;-6,937406E-07
-0,11119;1,83422;4,30297;359,3236;121,5339;2,668229E-07
-0,1185;1,93693;4,54442;359,3221;121,5391;2,134583E-07
-0,1448;2,3047;5,41565;359,3268;121,5468;-8,00468E-08
-0,1363;2,16783;5,09157;359,3418;121,5655;-2,668219E-08
-0,14228;2,34258;5,49687;359,3471;121,5793;-3,735503E-07
-0,14463;2,40528;5,66126;359,3535;121,5933;-2,401392E-07
-0,14652;2,40568;5,68212;359,3621;121,6157;2,935029E-07
-0,13595;2,201;5,23363;359,3669;121,631;-5,336412E-08
-0,13422;2,14008;5,10143;359,3664;121,6454;-8,004618E-08
-0,14738;2,16793;5,21308;359,3664;121,6622;1,067282E-07
-0,15001;1,98578;4,77499;359,3705;121,6796;-5,336408E-08
-0,16982;2,03806;4,92129;359,3746;121,7047;-3,468662E-07
-0,16655;1,93544;4,67631;359,3868;121,7205;5,069571E-07
-0,16064;1,89304;4,61661;359,3994;121,7387;2,668189E-08
-0,10519;1,26644;3,12811;359,4096;121,7639;-3,735457E-07
-0,1047;1,1652;2,92121;359,4148;121,7873;3,201818E-07
-0,09648;1,05013;2,60232;359,4206;121,8121;-5,336358E-07
-0,06396;0,66893;1,6604;359,4352;121,8427;-6,403612E-07
-0,03168;0,34177;0,86643;359,4463;121,8704;1,867717E-07
-0,01875;0,20685;0,53895;359,4514;121,8973;-3,468614E-07
-0,01591;0,18125;0,47774;359,4837;121,9937;5,603118E-07
-0,0126;0,15526;0,41634;359,4966;122,023;4,402441E-07
-0,01017;0,13707;0,37324;359,5074;122,0541;-3,60199E-07
-0,0089;0,13896;0,38667;359,5205;122,0932;-2,668136E-07
-0,00667;0,11873;0,34088;359,5327;122,1368;9,33846E-08
-0,00652;0,14961;0,42905;359,5437;122,1728;-4,669223E-07
-0,00971;0,37857;1,03385;359,5484;122,1993;8,938222E-07
-0,00264;0,16729;0,47262;359,5701;122,2337;1,267356E-06
-0,00103;0,1775;0,50109;359,571;122,2846;1,60087E-07
0,00196;0,12326;0,35869;359,5707;122,3071;-6,670294E-08
0,0043;0,15961;0,46027;359,5701;122,3301;-5,202829E-07
0,00536;0,14222;0,41643;359,5706;122,3504;7,337324E-07
0,00554;0,12021;0,35943;359,5539;122,3663;6,670309E-07
0,00781;0,16554;0,4765;359,5536;122,377;-6,803717E-07
0,01179;0,24658;0,68731;359,5497;122,3801;-8,938219E-07
0,01293;0,25398;0,70927;359,5399;122,3841;1,254021E-06
0,0129;0,23912;0,67357;359,53;122,3908;2,134506E-07
0,01113;0,20481;0,58515;359,5186;122,4145;1,640904E-06
0,01059;0,19553;0,56101;359,4935;122,4249;-2,668147E-07
0,00949;0,17881;0,51731;359,473;122,4421;9,872175E-07
0,00928;0,16947;0,49422;359,4409;122,4357;-4,802706E-07
0,00834;0,14727;0,43846;359,4463;122,4855;-3,201801E-07
0,00887;0,15659;0,46552;359,43;122,5066;2,13454E-07
0,00823;0,14489;0,43421;359,4083;122,5243;-6,136825E-07
0,00855;0,15766;0,46741;359,3814;122,5396;5,069577E-07
0,00714;0,14639;0,43602;359,3421;122,5822;-2,93504E-07
0,00569;0,10561;0,3366;359,3093;122,6103;-8,00471E-08
0,00544;0,10903;0,3441;359,2843;122,6299;-1,60095E-07
0,00417;0,08548;0,27786;359,2594;122,6523;-6,670662E-07
0,00363;0,06388;0,21563;359,2448;122,6855;-3,735584E-07
0,00406;0,07218;0,23784;359,2365;122,7293;1,600968E-07
0,00437;0,08377;0,26965;359,1863;122,7405;1,334156E-07
0,00437;0,08537;0,27475;359,1868;122,8018;-9,872751E-07
0,00403;0,07691;0,25176;359,1639;122,8478;8,805478E-07
0,00417;0,07715;0,25214;359,1136;123,0276;-5,603561E-07
0,00463;0,08668;0,27984;359,0921;123,0928;-4,536241E-07
0,00519;0,09630001;0,30828;359,0468;123,136;5,336825E-08
0,00552;0,0902;0,29572;359,0504;123,2295;2,134727E-07
0,00712;0,10873;0,34798;359,0205;123,2903;1,094057E-06
0,00629;0,08928;0,29683;358,9838;123,3453;-1,867924E-07
0,00614;0,08378;0,28135;358,9587;123,4093;5,336966E-07
0,00582;0,07832;0,26626;358,9142;123,4591;1,067409E-07
0,00614;0,08714;0,28988;358,7923;123,576;1,014081E-06
0,00782;0,10838;0,3508;358,756;123,6115;5,337343E-08
0,01131;0,14291;0,44862;358,7274;123,6436;1,014106E-06
0,01075;0,13326;0,42357;358,6647;123,6502;1,601261E-07
0,01038;0,10977;0,35638;358,6688;123,7073;5,337526E-08
0,00773;0,07294;0,25025;358,6446;123,7234;2,668789E-07
0,00995;0,10115;0,33296;358,6033;123,7137;-1,227664E-06
0,00741;0,09712;0,3199;358,607;123,7528;-5,337662E-07
0,00527;0,07967;0,27321;358,555;123,766;-6,939117E-07
0,004;0,06104;0,21912;358,566;123,8597;1,601327E-07
0,00403;0,05952;0,21481;358,5221;123,9282;1,067572E-07
0,00558;0,07714;0,27112;358,537;124,0058;1,601348E-07
0,00625;0,08563;0,29961;358,5218;124,0647;-6,405434E-07
0,00621;0,09288;0,32431;358,488;124,1117;-2,135177E-07
0,00607;0,08597;0,30584;358,4696;124,1896;5,871789E-07
0,00504;0,07623;0,26986;358,4153;124,3571;5,338127E-08
0,00505;0,08949;0,30576;358,3959;124,451;-1,174399E-06
0,00721;0,10623;0,35744;358,3978;124,5726;2,135268E-07
0,00621;0,09801999;0,33673;358,3539;124,6541;0
0,00681;0,11283;0,38987;358,3275;124,7674;-8,541375E-07
0,0075;0,12453;0,43687;358,2978;124,8694;6,406129E-07
0,00899;0,1362;0,47758;358,278;124,9951;9,075445E-07
0,0101;0,13982;0,49639;358,2619;125,1169;-3,203125E-07
0,0109;0,14393;0,51577;358,261;125,2771;9,609378E-07
0,00989;0,12609;0,46003;358,2047;125,5535;-1,281289E-06
0,009930001;0,11306;0,42075;358,1451;125,6718;1,014388E-06
0,01131;0,11255;0,42289;358,1536;125,8561;-3,203315E-07
0,01382;0,12116;0,46;358,1036;125,977;1,067802E-06
0,0166;0,13125;0,50004;358,0606;126,1295;-3,203486E-07
0,0189;0,13911;0,53298;358,0367;126,2872;9,610595E-07
0,02036;0,14618;0,5604;357,9884;126,4481;5,873313E-07
0,02202;0,15331;0,58748;357,9517;126,6124;1,548454E-06
0,02505;0,16169;0,61707;357,8519;126,9531;-1,228163E-06
0,02948;0,16968;0,64892;357,7703;127,1154;-1,068026E-06
0,0313;0,16796;0,64576;357,7175;127,3043;-1,068065E-06
0,03344;0,16979;0,6572199;357,665;127,4898;-2,136208E-07
0,03509;0,15004;0,58095;357,5798;127,6825;-2,13634E-07
0,0419;0,16389;0,644;357,4362;128,0622;8,546291E-07
0,04557;0,16426;0,64187;357,3322;128,2514;-1,068375E-07
0,0442;0,15722;0,61608;357,2726;128,442;-7,478991E-07
0,04558;0,16034;0,6183;357,1818;128,6333;1,495913E-06
0,04766;0,16127;0,61461;357,0845;128,8295;-7,480202E-07
0,04931;0,15949;0,59758;356,9996;129,0177;-3,206046E-07
0,05046;0,15807;0,58462;356,9088;129,2185;-3,206317E-07
0,05113;0,15693;0,57593;356,7906;129,409;0
0,05123;0,15624;0,57143;356,6037;129,7722;1,069095E-06
0,05052;0,15425;0,56427;356,4954;129,9565;1,069216E-07
0,05555;0,16379;0,58122;356,3945;130,1367;4,277334E-07
0,05613;0,16353;0,57275;356,2121;130,4671;3,20866E-07
0,05662;0,1653;0,57336;356,0816;130,6435;1,711548E-06
0,05356;0,14796;0,51949;355,9983;130,8004;-8,558602E-07
0,05187;0,13921;0,48976;355,8781;130,9191;1,497979E-06
0,0541;0,1414;0,49246;355,7835;131,0805;-2,140227E-07
0,05948;0,15821;0,53196;355,7073;131,2656;8,561756E-07
0,05459;0,13768;0,47243;355,6403;131,414;1,070314E-06
0,05316;0,13161;0,44829;355,4388;131,6871;5,353039E-07
0,04969;0,12223;0,41356;355,2583;131,923;3,212647E-07
0,04709;0,11505;0,38641;355,1932;132,0173;2,141968E-07
0,04674;0,11373;0,37854;355,1142;132,1241;0
0,04688;0,11243;0,37263;354,9982;132,1814;1,285556E-06
0,0485;0,11656;0,38126;354,9932;132,3011;-4,285219E-07
0,04999;0,11945;0,38707;354,9305;132,398;2,142816E-07
0,05038;0,12098;0,39013;354,8624;132,4887;-8,572175E-07
0,05065;0,12085;0,39065;354,8352;132,6057;4,28627E-07
0,05126;0,12112;0,3921;354,7624;132,7102;8,573534E-07
0,05354;0,12671;0,40602;354,5526;133,024;-6,432352E-07
0,05798;0,13727;0,43036;354,4602;133,1191;2,14445E-06
0,06356;0,14922;0,46075;354,3789;133,2046;4,289494E-07
0,06496;0,15046;0,4663;354,3686;133,3793;-4,28957E-07
0,064;0,14659;0,45935;354,2;133,3368;8,581668E-07
0,05838;0,1351;0,43065;354,1447;133,5358;1,931066E-06
0,06442;0,14827;0,45682;354,0683;133,6248;2,145924E-07
0,06882;0,15441;0,46125;354,0888;133,691;-8,583377E-07
0,06668;0,14859;0,44212;353,9229;133,7912;0
0,06666;0,1481;0,43942;353,7896;133,9649;2,147035E-07
0,06741001;0,1499;0,44311;353,7798;133,9501;2,147074E-06
0,06911;0,15309;0,45097;354,1335;134,8247;0
0,0689;0,15189;0,44841;353,6759;134,0461;8,590009E-07
0,06887;0,1511;0,44829;353,5747;134,0819;1,288756E-06
0,06951001;0,15288;0,45413;353,527;134,1233;2,148128E-07
0,06963;0,1533;0,45603;353,4995;134,1677;4,296491E-07
0,06991;0,15387;0,45804;353,3966;134,3234;8,594756E-07
0,07003;0,15469;0,46048;353,2996;134,2852;4,298226E-07
0,06962001;0,15361;0,45639;353,2377;134,3331;-1,074694E-06
0,06711;0,14837;0,43894;353,1976;134,3286;4,299132E-07
0,06039;0,13406;0,39323;353,1922;134,3297;4,29918E-07
