-Infini;+Infini;+Infini;12,76032;115,9609;8,035836
-Infini;+Infini;+Infini;359,5391;121,8284;359,849
-Infini;+Infini;+Infini;359,2188;121,3449;359,8948
-Infini;+Infini;+Infini;359,1689;121,6061;359,9346
-Infini;+Infini;+Infini;359,1192;121,5693;359,9583
-Infini;+Infini;+Infini;359,134;121,6115;359,9611
0,09762;0,12357;0,5591;359,1491;121,5973;359,9743
-Infini;+Infini;+Infini;359,12;121,5946;359,9626
0,06138;0,27547;0,73452;359,1983;121,5342;0,01679918
-Infini;+Infini;+Infini;359,1268;121,5827;359,9829
0,03048;0,24934;0,58803;359,037;121,6288;359,9474
0,09987999;1,13343;2,48518;359,0787;121,5402;359,9881
0,19151;2,39772;5,16912;359,2574;121,5647;0,01100641
0,23355;3,11672;6,70196;359,0573;121,6714;359,965
0,21049;2,86531;6,16164;359,2197;121,5772;0,03500872
0,1438;1,96888;4,25575;359,0208;121,6784;359,9673
0,13202;1,81395;3,92512;359,133;121,6466;359,9924
0,11203;1,53021;3,32225;359,2215;121,6634;359,9917
0,08455;1,14863;2,50637;359,1104;121,655;0,02883202
0,06997;0,9447;2,06965;359,2089;121,6426;-0,0005628506
0,06866001;0,90933;1,99212;359,1653;121,6571;359,9845
0,08459;1,1155;2,43408;359,1924;121,677;359,9669
0,0976;1,29177;2,81313;359,09;121,6595;0,01419407
0,10506;1,37763;2,99871;359,1509;121,6884;359,9826
0,10564;1,38354;3,01129;359,0611;121,6712;0,01601361
0,09888;1,32949;2,89292;359,099;121,6753;0,004665382
0,10179;1,33036;2,89609;359,0773;121,6926;-0,003888003
0,12307;1,58652;3,4395;359,1224;121,6945;359,9892
0,13394;1,72977;3,74761;359,0416;121,6664;0,02394978
0,12629;1,63669;3,5442;359,0969;121,6952;0,01005892
0,11992;1,55982;3,38592;359,0921;121,709;-9,563466E-05
0,11869;1,53289;3,32894;359,1103;121,7138;359,989
0,11372;1,44696;3,13696;359,1171;121,7098;-0,004708881
0,10631;1,3249;2,8668;359,145;121,7094;359,9871
0,09602;1,16624;2,51933;359,1474;121,7112;359,9932
0,08509;0,99661;2,14785;359,1379;121,727;359,9732
0,07737999;0,8904099;1,9179;359,1285;121,724;359,9841
0,07867;0,89262;1,91994;359,1385;121,7258;0,001801853
0,07764;0,86525;1,85627;359,1281;121,7275;0,007579985
0,07867;0,86006;1,84004;359,1045;121,7282;0,004106273
0,07585;0,80916;1,72521;359,1905;121,7347;359,9835
0,08368;0,89281;1,89955;359,1204;121,7171;359,9942
0,09247;0,99009;2,10386;359,105;121,6961;0,008693115
0,09554;1,01773;2,16066;359,1537;121,7063;359,9879
0,10006;1,06316;2,25797;359,1766;121,6882;359,9878
0,10266;1,08762;2,30996;359,1224;121,6726;0,0003722889
0,10305;1,09206;2,31681;359,1066;121,6664;-0,00412116
0,10558;1,13655;2,40797;359,068;121,6569;-0,001072855
0,11276;1,22301;2,58876;359,1418;121,6772;-0,0008539495
0,12014;1,31845;2,787;359,0706;121,6577;0,01076171
0,12611;1,40525;2,95342;359,1551;121,6807;359,9913
0,12052;1,35482;2,83555;359,0672;121,6689;0,004701367
0,12243;1,3757;2,87674;359,1725;121,6898;0,0002574129
0,13102;1,49548;3,12683;359,1183;121,6859;0,004884377
0,12985;1,50046;3,13717;359,0633;121,6653;0,03017719
0,12757;1,49688;3,13183;359,1243;121,6849;0,01189795
0,12271;1,44581;3,02845;359,1497;121,694;0,001725426
0,11892;1,39689;2,92869;359,0808;121,688;0,0002375664
0,11131;1,30448;2,74135;359,1008;121,6592;-1,86786E-07
0,1076;1,26527;2,66418;359,0631;121,6848;359,9809
0,11477;1,33195;2,81914;359,0491;121,6466;0,00898918
0,11322;1,29279;2,74886;359,0844;121,6552;0,005343812
0,10563;1,17107;2,49772;359,1232;121,6639;-0,003893583
0,10239;1,11552;2,38293;359,1093;121,6451;-2,668365E-07
0,10282;1,09197;2,33292;359,0967;121,6405;-0,003097422
0,10068;1,05076;2,25093;359,0768;121,6354;-0,001059617
0,10114;1,03966;2,23187;359,1154;121,6425;1,867852E-07
0,10131;1,02934;2,21379;359,0903;121,6481;359,9885
0,10192;1,01897;2,19423;359,0926;121,6401;359,9866
0,10246;1,01098;2,18046;359,1062;121,6365;359,9871
0,10641;1,04264;2,25319;359,0433;121,6271;359,9873
0,11024;1,06427;2,30087;359,1498;121,6333;359,9592
0,1141;1,09081;2,3596;359,0474;121,5816;359,97
0,11858;1,11815;2,4204;358,9855;121,6898;359,9449
0,11901;1,10134;2,38512;359,1171;121,6121;0,1094773
0,12359;1,13131;2,44556;359,0794;121,6655;0,06410965
0,12917;1,17613;2,53796;358,9708;121,7026;-0,004453895
0,14022;1,26081;2,71392;358,9554;121,6708;0,07466976
0,14242;1,27576;2,74655;359,1743;121,6539;0,04571152
0,14614;1,29686;2,78606;359,4101;121,7286;0,03987502
0,15385;1,34579;2,88416;359,2336;121,6706;0,04473414
0,15863;1,37252;2,93336;359,3198;121,662;359,9932
0,16556;1,41756;3,02042;359,2854;121,6605;0,03086824
0,16451;1,39255;2,96171;359,3791;121,6821;0,01310761
0,15527;1,32258;2,82029;359,2538;121,6845;359,994
0,1498;1,26404;2,69883;359,1609;121,7032;359,9264
0,10983;0,91877;1,96947;359,3269;121,6739;0,003612779
0,09968;0,82604;1,7738;359,3448;121,6641;359,9461
0,08306;0,67954;1,46411;359,3693;121,6213;359,8893
0,08008;0,6479;1,39948;359,3636;121,6194;359,9322
0,08225;0,65592;1,4171;359,4797;121,6354;359,9793
0,08201;0,64547;1,39654;359,4426;121,6078;359,9942
0,08315;0,64756;1,40593;359,4834;121,6075;359,9658
0,08999;0,70005;1,51969;359,4708;121,605;0,003377699
0,10995;0,85161;1,83779;359,604;121,5996;-0,005554463
0,12265;0,94459;2,03491;359,6452;121,6085;0,01220992
0,16174;1,23543;2,65483;359,6963;121,6245;0,02425739
0,16087;1,22576;2,63847;359,6812;121,6136;0,01108922
0,17476;1,32249;2,84297;359,7577;121,6148;359,9915
0,16964;1,28491;2,76344;359,6755;121,6409;-0,0004142469
0,16371;1,26168;2,71813;359,6972;121,6147;0,01111563
0,15266;1,20581;2,60354;359,6991;121,6076;0,03847339
0,13518;1,09638;2,37682;359,6708;121,6015;0,02959978
0,13171;1,06819;2,31412;359,6725;121,589;0,01032978
0,12678;1,03207;2,23587;359,7027;121,5925;359,9917
0,11235;0,93412;2,0277;359,5726;121,5664;0,03072874
0,09937;0,83374;1,81221;359,6571;121,5935;0,001244811
0,0967;0,81144;1,76169;359,4943;121,5848;0,01585135
0,09381;0,78494;1,70529;359,6653;121,6014;359,979
0,10392;0,86928;1,87549;359,5327;121,6135;359,9834
0,11317;0,93986;2,01215;359,5764;121,6379;-0,001900939
0,11851;0,98855;2,10998;359,6147;121,6237;0,0008539531
0,11435;0,96193;2,05416;359,6203;121,6201;0,008380559
0,11026;0,93822;2,00437;359,618;121,6189;0,003911584
0,10715;0,92101;1,96847;359,61;121,6221;359,9884
0,10307;0,90272;1,9326;359,6419;121,613;0,02658368
0,10158;0,89794;1,92416;359,6327;121,6121;0,005055845
0,09734;0,87465;1,87814;359,6639;121,6016;0,03201869
0,0994;0,89266;1,91462;359,6292;121,5949;0,002573608
0,09146;0,8282;1,78206;359,6365;121,5999;0,008640788
0,08216;0,7473;1,61587;359,6259;121,5795;0,01332042
0,07368;0,67329;1,46154;359,6534;121,5947;0,01569167
0,07208;0,65949;1,43411;359,6457;121,595;0,01403655
0,06679;0,61195;1,33506;359,6431;121,5834;0,001451803
0,06537;0,60034;1,31357;359,6253;121,5693;0,0198866
0,07306;0,66356;1,44854;359,6458;121,5696;0,01291124
0,08137999;0,73275;1,59657;359,6301;121,5692;0,006593897
0,08633;0,75448;1,64443;359,624;121,5615;0,003899348
0,08293;0,71646;1,57323;359,6204;121,5577;359,9908
0,0959;0,81757;1,81306;359,6444;121,5535;359,9907
0,13058;1,09135;2,44384;359,627;121,5516;359,9869
0,13716;1,14048;2,57905;359,6334;121,5389;359,97
0,13273;1,09674;2,50343;359,6096;121,5483;359,9647
0,1243;1,01729;2,3447;359,5999;121,5336;-0,003704093
0,09734;0,79745;1,84177;359,6259;121,533;359,9911
0,07947;0,65246;1,52175;359,5518;121,5889;-0,0008033721
0,05347;0,43201;1,02341;359,5955;121,49;359,9821
0,04525;0,35765;0,8589;359,6559;121,4921;359,9832
0,03127;0,23733;0,58888;359,6188;121,4537;0,01381456
0,02489;0,18047;0,4606;359,6133;121,4338;0,01742545
0,02262;0,1636;0,42321;359,6775;121,4439;359,9843
0,01984;0,14011;0,37216;359,6331;121,4058;359,989
0,02018;0,14099;0,37986;359,653;121,4063;359,9788
0,01851;0,12731;0,34928;359,6277;121,3549;0,004275202
0,01936;0,1312;0,36041;359,6733;121,3797;-0,001812391
0,01913;0,12908;0,35675;359,6502;121,3738;-0,00512259
0,0185;0,12117;0,33937;359,639;121,3749;359,9919
0,01659;0,10715;0,30491;359,6432;121,3728;359,9895
0,01722;0,11133;0,31524;359,6585;121,3719;-0,004368224
0,01672;0,10871;0,30955;359,6501;121,3726;359,989
0,01634;0,10415;0,29919;359,6411;121,3808;0,003348846
0,01709;0,10887;0,31229;359,67;121,388;0,009197455
0,01821;0,11628;0,33102;359,6329;121,3798;359,975
0,01755;0,11153;0,32071;359,6137;121,4003;-0,001991779
0,01836;0,1181;0,33628;359,6476;121,384;-0,001973989
0,02015;0,1317;0,37121;359,642;121,387;359,9856
0,03728;0,26444;0,6895;359,606;121,3855;359,9869
0,08472;0,16898;0,719;359,637;121,3829;0,005598812
-Infini;+Infini;+Infini;359,6583;121,3886;359,9931
0,11973;0,09951;0,7247;359,6251;121,3668;0,006761685
0,04565;0,03481;0,74343;359,6656;121,3716;0,02051263
0,07448;0,09583;0,74676;359,6446;121,3595;0,002392079
0,02882;0,03995;0,28651;359,649;121,366;0,01047763
0,01816;0,04032;0,20539;359,6395;121,3603;0,002386784
0,05543;0,27535;0,82727;359,6384;121,3278;359,9937
0,06829;0,4488;1,18555;359,629;121,3359;0,003352453
0,02746;0,1876;0,50196;359,6284;121,3431;0,0001211717
0,02296;0,16884;0,45782;359,6373;121,3475;0,003387615
0,01908;0,13438;0,37456;359,646;121,3497;0,004496792
0,02338;0,16827;0,45751;359,6304;121,3521;-0,003724665
0,02986;0,21967;0,57897;359,6214;121,3677;-0,004690828
0,02527;0,18352;0,48904;359,6339;121,3658;0,003803186
0,02623;0,19228;0,50798;359,6393;121,3684;359,9929
0,02083;0,14874;0,403;359,6206;121,3666;0,007530942
0,01851;0,1296;0,35692;359,4329;121,2967;0,02553758
0,01502;0,10099;0,28765;359,6555;121,3776;-0,005107006
0,01454;0,09779;0,27881;359,5884;121,356;-0,001520023
0,0141;0,09405001;0,26918;359,6696;121,3526;359,9676
0,01493;0,10817;0,30313;359,61;121,3598;0,009219262
0,01789;0,13964;0,38282;359,6529;121,333;0,002699001
0,01884;0,15166;0,41309;359,6523;121,3272;0,0007211585
0,02104;0,17476;0,47166;359,6573;121,3305;359,9912
0,01869;0,15119;0,41192;359,8777;121,3961;359,9609
0,01698;0,13597;0,3736;359,6562;121,3178;-0,004488128
0,01722;0,1383;0,37926;359,6705;121,2993;359,9938
0,01932;0,16263;0,4394;359,6421;121,3077;359,9911
0,01965;0,1664;0,4494;359,6321;121,3231;359,9875
0,02209;0,19356;0,51894;359,6457;121,3051;-0,001293011
0,02361;0,20888;0,55848;359,6524;121,3054;0,003025109
0,01986;0,17662;0,47736;359,6659;121,3022;0,009036254
0,01763;0,15528;0,42346;359,6447;121,3029;359,9919
0,01528;0,13206;0,36527;359,6577;121,3017;-0,002000561
0,01445;0,12462;0,34698;359,6476;121,302;-0,003904141
0,01468;0,12834;0,35706;359,6395;121,2953;0,0062611
0,01438;0,128;0,35653;359,6781;121,2832;0,00753287
0,01372;0,12306;0,34569;359,6451;121,3136;0,01711154
0,01299;0,11618;0,32894;359,6562;121,2788;0,01152176
0,01125;0,09801;0,28365;359,6645;121,2723;0,009196687
0,0116;0,10715;0,307;359,6552;121,2666;-0,001519718
0,01317;0,12629;0,35669;359,6425;121,2503;359,9792
0,01303;0,12555;0,35572;359,6435;121,2668;3,868737E-07
0,01326;0,12923;0,36561;359,6546;121,2521;359,9871
0,01356;0,13256;0,37443;359,6516;121,2559;359,9919
0,01357;0,13474;0,3799;359,6736;121,2424;359,9801
0,01292;0,12929;0,36657;359,6486;121,2578;359,986
0,01255;0,12491;0,35602;359,6259;121,257;-0,001559317
0,01247;0,12383;0,35336;359,6401;121,261;-0,002217307
0,01239;0,12442;0,35453;359,628;121,2617;0,003997892
0,0115;0,11311;0,32572;359,6319;121,2578;0,001607582
0,01064;0,10386;0,30198;359,6409;121,2504;359,9927
0,01056;0,10365;0,30096;359,6365;121,2492;359,9814
0,01007;0,09869999;0,28787;359,6285;121,2353;359,978
0,00878;0,08246;0,24738;359,6465;121,2308;359,9819
0,00781;0,06963;0,21502;359,6798;121,2443;359,9716
0,00784;0,06853;0,21203;359,647;121,2329;359,9875
0,00767;0,06678;0,20732;359,627;121,24;359,9854
0,008649999;0,07545;0,22677;359,6544;121,2322;0,005171108
0,00765;0,06229;0,19452;359,6403;121,2317;0,002870644
0,00731;0,05866;0,1857;359,6339;121,2246;0,005843439
0,0073;0,05946;0,18732;359,6591;121,2272;359,9906
0,00734;0,06025;0,18893;359,6519;121,222;-0,0002112061
0,00741;0,06094;0,19055;359,6538;121,2207;0,003076789
0,00752;0,06178;0,19209;359,6438;121,2181;0,001484995
0,0076;0,06254;0,19365;359,6571;121,2193;0,0005294292
0,00754;0,06325;0,19521;359,6338;121,2175;0,0006979474
0,00763;0,06392;0,19677;359,6706;121,2251;0,001445996
0,00764;0,0646;0,19831;359,6464;121,2181;359,9859
0,00771;0,06534;0,19982;359,6376;121,2243;359,9911
0,00774;0,06597;0,20136;359,6598;121,2525;0,008515514
0,00777;0,06657;0,2029;359,6687;121,2525;0,01143511
0,00785;0,0672;0,20441;359,6722;121,2562;0,005729982
0,00792;0,06774;0,20596;359,6656;121,2596;0,01354103
0,00797;0,06832;0,20747;359,6613;121,2622;0,006846851
0,00807;0,06889;0,20898;359,6556;121,2618;0,01068125
0,00821;0,06945;0,21048;359,652;121,2587;-0,000519344
0,00828;0,07007;0,21194;359,6224;121,2508;0,002789486
0,00837;0,07067;0,2134;359,6512;121,2607;0,004762997
0,00844;0,07115;0,21489;359,6534;121,2576;0,007121949
0,00849;0,07187;0,21627;359,6646;121,2625;0,00257201
0,0086;0,0724;0,21772;359,6653;121,26;0,01230211
0,00872;0,07277;0,21923;359,667;121,2607;359,9933
0,008760001;0,07344;0,2206;359,6542;121,263;0,01161425
0,00873;0,07405;0,22198;359,6464;121,2655;0,00210079
0,00863;0,07466;0,22335;359,6665;121,2652;0,01056167
0,00854;0,07541;0,22466;359,6632;121,274;359,9833
-Infini;+Infini;+Infini;359,6458;121,2655;359,993
0,00845;0,07594001;0,22604;359,639;121,2527;359,9802
0,00837;0,07662001;0,22735;359,6236;121,239;-0,005201007
0,00826;0,07699;0,22877;359,6286;121,2613;359,9853
0,00833;0,07713;0,23029;359,6366;121,2594;-0,002800861
0,00831;0,07757;0,2317;359,6363;121,2605;359,9851
0,00822;0,07844999;0,2329;359,6476;121,254;359,9863
0,00682;0,0569;0,18099;359,6555;121,2571;0,005033273
0,00747;0,06527;0,20253;359,6497;121,267;0,005616989
0,00781;0,0683;0,21128;359,6702;121,2515;0,007151793
0,00882;0,08035;0,24263;359,6498;121,2515;-1,200642E-06
0,008640001;0,07836;0,23756;359,6576;121,2489;0,00728933
0,00833;0,07441001;0,2282;359,6372;121,2466;-0,003903572
0,00757;0,06508999;0,20454;359,6536;121,2517;0,004608341
0,00682;0,05677;0,18338;359,6388;121,2495;0,01087468
0,00678;0,05752;0,1851;359,6479;121,2513;-0,002548456
0,00677;0,0581;0,18687;359,6329;121,2551;359,994
0,00675;0,05897;0,18851;359,6769;121,2581;0,01898843
0,00664;0,0599;0,19009;359,6537;121,263;0,01732286
0,00655;0,06094;0,1916;359,6457;121,2623;0,01108126
0,00641;0,06182;0,19316;359,676;121,2568;0,01922504
0,00643;0,06239;0,19481;359,6241;121,2588;0,008827608
0,00643;0,06289;0,19649;359,6838;121,2686;0,01240516
0,00642;0,06344;0,19813;359,5968;121,259;359,9886
0,0064;0,06406;0,19972;359,6354;121,2626;-0,002537827
0,00642;0,0647;0,20129;359,6204;121,2614;-0,0002893689
0,00646;0,06530999;0,20286;359,6112;121,2602;359,9918
0,00647;0,06594;0,20441;359,6266;121,268;-1,467455E-07
0,00653;0,06661;0,20592;359,6338;121,2603;0,01359054
0,00662;0,06715;0,20748;359,6371;121,2792;359,9876
0,00675;0,06777;0,20899;359,6103;121,2641;0,01238378
0,00679;0,06818;0,21058;359,6199;121,2783;0,002970344
0,0069;0,06866001;0,21212;359,6284;121,2705;0,0009526044
0,00702;0,06915;0,21365;359,4474;121,195;0,02884045
0,00719;0,06965;0,21516;359,8228;121,3342;359,9743
0,00728;0,0702;0,21664;359,6213;121,2696;359,9764
0,00734;0,071;0,21801;359,6286;121,2586;-0,002254891
0,00743;0,07157;0,21946;359,6443;121,2714;359,9749
0,00753;0,07212999;0,22089;359,6311;121,2591;359,993
0,00757;0,07282;0,22225;359,5931;121,2502;359,9821
0,00757;0,07354;0,22359;359,6179;121,2626;0,008168274
0,0076;0,07395;0,22504;359,6412;121,2778;0,002588092
0,00764;0,07457;0,2264;359,6225;121,2925;0,00205313
0,00766;0,07526;0,2277;359,5994;121,2825;0,01564464
0,00774;0,07592;0,22901;359,604;121,2838;4,53578E-07
0,00776;0,07661;0,23028;359,6443;121,2805;359,9904
0,00779;0,07724;0,23158;359,5808;121,2773;0,01863771
0,00775;0,07799;0,23281;359,5926;121,295;-0,001058359
0,00779;0,07867;0,23406;359,6198;121,2726;-0,002415298
0,00788;0,07922;0,23534;359,6091;121,2823;0,007312074
0,00796;0,0798;0,23661;359,5655;121,2961;359,9928
0,00798;0,08071;0,23772;359,5934;121,2804;-0,001113069
0,00807;0,08142;0,23891;359,6267;121,275;359,9771
0,008140001;0,08193;0,24017;359,5995;121,3107;359,984
0,00816;0,0825;0,24139;359,6522;121,2666;0,03180395
0,00822;0,08309;0,24259;359,6393;121,296;0,01975493
0,0084;0,08347;0,24386;359,5836;121,3171;0,005077966
0,008470001;0,08394;0,2451;359,5883;121,2882;359,992
0,00861;0,08415;0,24644;359,5865;121,3003;0,004949375
0,00866;0,08451;0,24771;359,5893;121,2958;359,986
0,00883;0,08462001;0,24909;359,6013;121,297;0,006611196
0,009029999;0,08487;0,25041;359,5719;121,2892;359,9839
0,009149999;0,08538;0,25162;359,5589;121,283;0,01503672
0,00922;0,0858;0,25286;359,5977;121,2696;-0,0009315568
0,00925;0,08632;0,25405;359,595;121,2655;0,01219065
0,009409999;0,08661;0,25533;359,5736;121,2892;359,9886
0,00947;0,0868;0,25666;359,5916;121,2647;-0,005198841
0,009529999;0,08719;0,25789;359,5644;121,2797;-0,0008842149
0,009520001;0,08792;0,25899;359,5559;121,2561;-0,005462621
0,0096;0,08845;0,26016;359,5688;121,2849;-0,001846284
0,009640001;0,08928;0,2612;359,5856;121,2605;359,9879
0,00958;0,09006;0,26224;359,5526;121,2655;0,002686814
0,009550001;0,09061;0,26337;359,5836;121,254;359,976
0,009649999;0,09124;0,26445;359,5585;121,2729;0,004508445
0,0077;0,06224;0,1936;359,5921;121,2585;0,004476929
0,00788;0,0639;0,19755;359,3543;121,1706;0,02465273
0,00825;0,06896;0,2094;359,5849;121,2699;0,006458153
0,00842;0,06943;0,21104;359,7206;121,2933;0,004035583
0,008479999;0,06917;0,21061;359,5474;121,2745;0,001610107
0,008649999;0,07151;0,21654;359,5687;121,2534;0,007347357
0,00801;0,06384;0,19794;359,5505;121,2434;0,007783773
0,00765;0,05878;0,18611;359,5265;121,2366;0,01665266
0,00784;0,06067;0,19085;359,4146;121,1958;359,9941
0,00759;0,05694;0,18184;359,5634;121,246;0,002969564
0,00767;0,0577;0,18352;359,5401;121,243;-0,0001267495
0,00766;0,05812;0,18533;359,5468;121,2411;-0,001008045
0,0077;0,05873;0,18704;359,5732;121,2512;359,9841
0,00773;0,05951;0,18867;359,5184;121,2374;-0,001661342
0,00775;0,06051;0,19018;359,5789;121,2565;-0,004290448
0,00762;0,06175;0,19157;359,534;121,2397;0,01599765
0,00776;0,06251;0,19313;359,5497;121,2476;0,009620938
0,00784;0,06324;0,19469;359,5555;121,2492;0,009498477
0,00751;0,05867;0,18361;359,5731;121,2733;359,9883
0,00773;0,06282;0,1932;359,5125;121,2456;0,01142941
0,00772;0,06375;0,19513;359,5312;121,2599;-0,001996163
0,00771;0,06423;0,19575;359,7623;121,3196;359,9681
0,00787;0,06656;0,20108;359,5206;121,268;0,006383542
0,00788;0,06657;0,2009;359,5536;121,2429;0,005806236
0,00762;0,06299;0,19301;359,5223;121,2715;0,01027986
0,007900001;0,06329;0,19474;359,5494;121,2663;0,004443428
0,00769;0,06044;0,18807;359,5462;121,2673;0,002642312
0,00785;0,06082;0,18934;359,5675;121,281;0,001575191
0,0086;0,06940001;0,20951;359,5356;121,2788;0,006698501
0,008859999;0,07208;0,21611;359,5362;121,2784;-0,003774431
0,00875;0,06914;0,20883;359,5711;121,2831;0,001261459
0,00897;0,07083999;0,21268;359,5471;121,2913;0,0003891595
0,008939999;0,07056;0,21124;359,5347;121,2896;359,9888
0,00872;0,06829;0,20554;359,5544;121,2984;359,9911
0,00937;0,07621;0,22436;359,5273;121,2894;359,9889
0,009670001;0,08063;0,23478;359,5452;121,2823;-0,001418109
0,01;0,08493;0,24504;359,534;121,3003;-0,005541788
0,00988;0,08412001;0,24313;359,5597;121,2872;-0,002095356
0,00945;0,08033;0,23376;359,5527;121,2879;-0,003654529
0,00878;0,07177;0,2129;359,5304;121,292;359,9881
0,008880001;0,07364;0,21737;359,5656;121,2809;0,009829498
0,00851;0,06914;0,20653;359,5381;121,2899;0,01113121
0,00878;0,07279;0,21579;359,5355;121,2974;0,01471731
0,00884;0,07369;0,21791;359,5619;121,3069;0,00226338
0,0084;0,06964;0,20746;359,5531;121,2999;0,01505295
0,00825;0,06815;0,20339;359,5245;121,3005;0,0240079
0,00772;0,06297;0,1909;359,5473;121,2974;8,538002E-07
0,00777;0,06341;0,19222;359,5209;121,3038;0,006408342
0,00738;0,0588;0,18165;359,5259;121,2915;359,9821
0,00725;0,0594;0,18339;359,5407;121,2899;359,9849
0,00715;0,06009;0,18507;359,5617;121,2882;-0,001237448
0,00692;0,05886;0,18169;359,5706;121,2829;359,9897
0,00688;0,05971;0,18331;359,5593;121,2792;0,006336349
0,00684;0,06054;0,18493;359,5644;121,2932;0,001579047
0,00684;0,06106;0,18667;359,5508;121,2925;0,002896463
0,0068;0,0617;0,18834;359,5751;121,295;0,01076298
0,00678;0,06237;0,18998;359,5556;121,3055;0,006677485
0,00664;0,06324;0,19152;359,5463;121,2956;0,002639831
0,00655;0,06399;0,1931;359,5353;121,2997;0,009292885
0,00667;0,06481;0,19462;359,5703;121,3051;-0,005497722
0,00676;0,06546;0,19621;359,5547;121,2952;0,007964548
0,00682;0,06597;0,19784;359,5424;121,2875;-0,002620995
0,00687;0,06655;0,19943;359,5547;121,2904;-0,003427258
0,00697;0,06718;0,20099;359,5736;121,2919;8,71407E-05
0,00708;0,06778;0,20254;359,5425;121,2803;-0,0005367473
0,0073;0,06832;0,20411;359,5333;121,2869;0,009632072
0,00745;0,06897;0,20563;359,571;121,3019;359,9899
0,00768;0,06948;0,20719;359,5503;121,3133;359,9895
0,00787;0,07015;0,20867;359,5662;121,2907;-0,005377046
0,007929999;0,07064;0,21022;359,5325;121,3187;0,002907863
0,00808;0,07132;0,21167;359,5413;121,3069;359,9857
0,00822;0,072;0,21311;359,5559;121,3038;-0,0009860449
0,00828;0,07254;0,2146;359,5788;121,2989;-0,001467183
0,00838;0,07298;0,21611;359,5651;121,2855;-0,0004356372
0,00844;0,07356;0,21756;359,5695;121,2861;0,0001070583
0,00844;0,07412;0,21899;359,5282;121,2698;0,003495282
0,008529999;0,07459;0,22045;359,5891;121,2879;-0,003196677
0,00867;0,07524;0,22184;359,5597;121,2761;0,008594979
0,0088;0,07578;0,22325;359,5861;121,2825;359,9941
0,00892;0,07627;0,22467;359,5284;121,2979;0,0012864
0,00892;0,07667;0,22612;359,5687;121,2964;-0,001127747
0,00893;0,07707;0,22757;359,5372;121,2865;0,009783777
0,00899;0,07759999;0,22896;359,5974;121,2927;359,9921
0,00906;0,07809;0,23034;359,5094;121,3055;-0,0002996455
0,00918;0,0786;0,23171;359,5685;121,2902;359,9797
0,00936;0,07915;0,23305;359,5864;121,3041;359,9942
0,00948;0,07964;0,23439;359,5342;121,313;0,006618165
0,009550001;0,0801;0,23574;359,5846;121,2911;-0,001969001
0,00963;0,08065;0,23705;359,5789;121,3129;0,02355673
0,009729999;0,08128;0,2383;359,5881;121,289;-0,001429814
0,00989;0,08189;0,23955;359,5454;121,3057;0,006528319
0,0101;0,08246;0,2408;359,5488;121,3082;0,01131927
0,01024;0,0828;0,24214;359,603;121,3024;359,9839
0,0104;0,0832;0,24346;359,5106;121,2878;0,02621602
0,01046;0,08369999;0,24474;359,6028;121,3016;359,9861
0,01053;0,08419999;0,24603;359,5478;121,3125;0,01183988
0,01059;0,08473001;0,24729;359,5899;121,2966;-0,00270429
0,01064;0,08527;0,24855;359,5417;121,3097;-0,002660671
0,01074;0,08582;0,2498;359,5701;121,3057;0,006507259
0,01086;0,0864;0,25103;359,5853;121,3069;-0,001226865
0,01085;0,08698;0,25227;359,5612;121,3245;0,0113279
0,01085;0,08763;0,25347;359,5873;121,3187;0,01485747
0,01091;0,08808;0,25475;359,5869;121,3122;359,9846
0,01093;0,08867;0,25597;359,5514;121,3435;0,002723248
0,01102;0,08936;0,25713;359,5709;121,3158;-0,002616703
0,01105;0,09009;0,25826;359,5674;121,3215;-0,00156189
0,01101;0,09058;0,25949;359,5555;121,3069;0,006128545
0,01096;0,09102;0,26073;359,5989;121,3372;359,9943
0,01095;0,09128;0,26204;359,5846;121,2912;359,9943
0,01099;0,09146;0,26337;359,5329;121,3173;0,003725672
0,01107;0,09166;0,26469;359,5734;121,2914;359,9934
0,01117;0,09196;0,26597;359,5542;121,3092;0,01088845
0,01134;0,09243;0,26716;359,5603;121,2797;359,9922
0,01148;0,09304;0,2683;359,5599;121,2854;359,9935
0,01165;0,09366;0,26944;359,5631;121,2796;359,9921
0,01173;0,094;0,27069;359,5915;121,2779;0,0109953
0,01033;0,08023001;0,23709;359,557;121,268;359,9872
0,009260001;0,0653;0,20056;359,6021;121,2666;0,006265595
0,01093;0,08508001;0,24869;359,5418;121,2635;359,9936
0,01049;0,07892;0,23374;359,5841;121,2567;-0,001766451
0,01028;0,07504;0,224;359,5551;121,2659;359,9744
0,009529999;0,06623001;0,20275;359,5624;121,2485;0,008115461
0,0095;0,06671;0,2044;359,596;121,2595;0,003037335
0,00949;0,06712;0,20606;359,5887;121,2535;-0,001424932
0,00954;0,06738;0,20776;359,5818;121,2523;0,02865941
0,00958;0,06796;0,20932;359,5922;121,2643;359,9926
0,009640001;0,06865;0,21082;359,5671;121,2753;-0,0005400807
0,009699999;0,06937;0,21229;359,5672;121,2337;359,9871
0,00966;0,06996;0,21381;359,5806;121,2547;359,9867
0,00968;0,07063;0,21528;359,3708;121,1612;0,0382308
0,00975;0,0713;0,21674;359,5562;121,2496;359,993
0,009810001;0,0721;0,21813;359,8017;121,304;359,9764
0,009939999;0,07289;0,21951;359,385;121,1492;0,02306973
0,01002;0,07356;0,22094;359,5947;121,2205;0,004594739
0,01009;0,07439;0,2223;359,5465;121,2049;-0,005421178
0,01016;0,07507;0,2237;359,7501;121,2745;359,9725
0,01024;0,07553;0,22518;359,5887;121,2166;359,9904
0,01029;0,07601;0,22664;359,5931;121,2128;0,006178502
0,01037;0,07658999;0,22806;359,5935;121,2089;-0,001499518
0,01037;0,0771;0,22948;359,5933;121,2018;359,9908
0,01031;0,07761;0,2309;359,5717;121,2052;359,9826
0,01023;0,07808;0,23232;359,5933;121,2022;0,00959387
0,01011;0,07855;0,23373;359,6115;121,1923;-0,005275709
0,00999;0,0792;0,23504;359,5653;121,2088;359,9918
0,009729999;0,07969;0,23641;359,5631;121,2098;-0,0003098888
0,00947;0,08015;0,23779;359,6093;121,1879;359,9924
0,00904;0,08087;0,23907;359,5739;121,1918;7,448048E-05
0,00872;0,08142;0,2404;359,5746;121,1915;0,005006226
0,00861;0,08179;0,24178;359,5241;121,2156;0,03142745
0,00843;0,08231;0,24311;359,568;121,189;359,9916
0,00822;0,08274;0,24445;359,5333;121,2123;0,007354009
0,0081;0,08308;0,24583;359,6022;121,1999;359,9909
0,00796;0,08353;0,24715;359,5298;121,1834;0,01085017
0,00767;0,08395;0,24848;359,5855;121,1768;359,9926
0,00762;0,08458;0,24972;359,5585;121,1859;359,9919
0,00753;0,08528;0,25092;359,5611;121,1937;0,008758921
0,0076;0,08604;0,25207;359,6422;121,1731;-0,002941868
0,00765;0,08661;0,2533;359,5781;121,1737;-0,001474774
0,0077;0,08796;0,25417;359,53;121,1768;0,001837983
0,0147;0,16493;0,43789;359,5588;121,1719;-0,0008679931
0,01396;0,07616001;0,27655;359,5649;121,1894;359,9863
-Infini;+Infini;+Infini;359,584;121,1645;359,9807
-Infini;+Infini;+Infini;359,5899;121,1886;359,9935
-0,03269;0,01205;0,29371;359,4754;121,1459;-0,001803859
-0,00121;0,05873;0,28103;359,6037;121,1624;359,992
0,0363;0,23657;1,03405;359,5337;121,171;0,004255228
0,03821;0,21418;0,79557;359,5698;121,1548;-0,001531686
0,08596;0,97415;2,68295;359,5869;121,1528;-0,004073513
0,01834;0,23537;0,62377;359,5357;121,1698;0,009902631
0,01209;0,17657;0,47714;359,5626;121,1656;0,004494169
0,00701;0,09084;0,26159;359,5535;121,1482;0,002960963
0,00652;0,09293;0,26217;359,5801;121,1539;359,9883
0,00626;0,09351;0,26334;359,6003;121,1377;0,002792428
0,00582;0,09418;0,26446;359,5338;121,1335;0,001218469
0,00592;0,09502;0,26548;359,5562;121,1513;0,0004125718
0,00595;0,096;0,26643;359,5641;121,1251;359,9828
0,00576;0,0968;0,26744;359,5477;121,1366;0,001959818
0,00564;0,09709;0,26865;359,5396;121,1347;0,009179258
0,00701;0,09926999;0,269;359,5638;121,1403;359,9913
0,00741;0,09989;0,27003;359,5365;121,1323;-0,00102196
0,00757;0,1001;0,27125;359,5466;121,1454;359,9931
0,00788;0,1003;0,27247;359,5384;121,1354;0,003458228
0,00816;0,101;0,27346;359,5466;121,1349;0,005799225
0,008119999;0,10151;0,27452;359,5371;121,1373;0,003329385
0,00829;0,10199;0,27559;359,5212;121,133;359,9864
0,00827;0,10243;0,27667;359,5601;121,1333;-0,001729703
0,00832;0,10289;0,27773;359,5589;121,1309;0,004230613
0,00841;0,10356;0,2787;359,5255;121,1244;0,01300589
0,00829;0,10374;0,2799;359,5486;121,1197;359,9932
0,00805;0,10394;0,28108;359,3725;121,0612;0,01379191
0,00792;0,10361;0,2825;359,5503;121,1452;-0,002612735
0,00786;0,10379;0,28371;359,6886;121,1825;0,005853719
0,00784;0,10414;0,28484;359,3939;121,0819;0,02584646
0,00795;0,10415;0,28611;359,6847;121,1768;0,01011189
0,00795;0,1043;0,28733;359,355;121,0703;0,009352003
0,0063;0,07128;0,20873;359,5029;121,1235;0,005848343
0,00715;0,0865;0,2456;359,5024;121,1264;-0,0006447302
0,00784;0,09779;0,27318;359,5001;121,1207;-0,005431314
0,00779;0,0953;0,26785;359,697;121,2112;-0,0001957704
0,00707;0,08251;0,23803;359,5119;121,1441;0,006062013
0,00721;0,08539;0,24521;359,4919;121,153;359,9863
0,00716;0,0866;0,24825;359,5336;121,1478;0,01279232
0,00702;0,08691;0,2492;359,5106;121,1588;0,003301303
0,00708;0,09073;0,25847;359,3524;121,1042;0,01495328
0,0071;0,09456;0,2674;359,6725;121,2162;0,004472607
0,00626;0,08348;0,24116;359,362;121,1251;0,02759496
0,00562;0,07739;0,2267;359,5262;121,1657;359,9911
0,00501;0,06998999;0,209;359,5186;121,1416;0,008739174
0,00499;0,07718;0,22618;359,5359;121,1663;359,9771
0,00519;0,08739;0,2506;359,5347;121,1437;0,0006943542
0,0051;0,08981;0,25633;359,5201;121,1432;-0,004660633
0,00497;0,09005;0,25708;359,5064;121,1395;0,01182167
0,00489;0,0918;0,26122;359,5043;121,1401;359,9884
0,00467;0,08808;0,25222;359,5146;121,1301;359,9634
0,00462;0,08965001;0,25607;359,4956;121,1241;0,001546324
0,00474;0,09529;0,26929;359,4973;121,1239;-0,004956147
0,00462;0,09124;0,25931;359,4957;121,1192;-0,003411958
0,00468;0,09417;0,26597;359,5181;121,1261;359,9913
0,00483;0,09762999;0,27325;359,4686;121,11;0,006191752
0,00455;0,09139;0,25799;359,4833;121,1129;0,004897978
0,00452;0,09321;0,26239;359,6042;121,1517;359,9866
0,00418;0,08481;0,24214;359,4102;121,0876;0,01799044
0,00432;0,0931;0,26175;359,5171;121,1059;359,9859
0,00401;0,08865;0,2509;359,4861;121,0872;359,993
0,0034;0,07045;0,20797;359,5288;121,0894;0,00214698
0,00319;0,0651;0,19496;359,5211;121,095;359,991
0,0031;0,06254;0,18857;359,5183;121,0794;0,004980197
0,00305;0,06328;0,19023;359,5212;121,076;0,001774831
0,00293;0,064;0,19188;359,5106;121,0735;-0,001150582
0,00289;0,06475;0,19349;359,5024;121,0762;2,401329E-07
0,00288;0,06556;0,19506;359,4815;121,0712;359,9896
0,0029;0,06634;0,19663;359,4953;121,0709;0,001250066
0,00306;0,06694999;0,19825;359,5032;121,0723;0,007736654
0,00319;0,06764;0,19982;359,4992;121,0758;-0,005510693
0,00326;0,06847;0,20132;359,5011;121,0744;-0,004161758
0,00343;0,06762;0,1987;359,527;121,0708;359,9859
0,00353;0,06832;0,20024;359,4786;121,0555;0,004415154
0,00413;0,08058999;0,22961;359,4994;121,061;0,003810484
0,00469;0,09226;0,25781;359,515;121,0591;0,002983459
0,00499;0,09528;0,26451;359,5146;121,0575;-0,004984563
0,00549;0,10521;0,28727;359,519;121,0712;359,9921
0,00601;0,11579;0,3126;359,5099;121,0668;-0,0009492441
0,00599;0,11583;0,31199;359,5003;121,0712;-0,00524493
0,00573;0,1101;0,29792;359,4876;121,0638;0,004387546
0,00486;0,08954;0,24647;359,5229;121,0917;359,9937
0,00553;0,10667;0,2884;359,5082;121,0723;0,0003931105
0,00623;0,12701;0,33622;359,5192;121,0826;-0,002463117
0,00554;0,11171;0,29896;359,5471;121,0868;359,9915
0,00509;0,09947;0,26945;359,5017;121,077;-0,0001813404
0,00493;0,09491999;0,25985;359,4961;121,0733;359,9915
0,00454;0,08414;0,23501;359,5103;121,0728;359,9939
0,00402;0,06773;0,19683;359,4909;121,0684;-0,00101539
0,00408;0,06836;0,19846;359,5213;121,0783;359,9821
0,00414;0,06901;0,20006;359,5001;121,0652;0,001927814
0,00424;0,06923001;0,20184;359,468;121,0599;-0,001203499
0,00425;0,07011;0,20331;359,4734;121,0776;0,005269234
0,00436;0,07048;0,205;359,5338;121,0531;0,004049996
0,0044;0,07099;0,20661;359,5294;121,0776;359,9892
0,00444;0,07154;0,2082;359,4998;121,0789;359,9906
0,00438;0,07195;0,20983;359,524;121,0841;2,534728E-07
0,00454;0,07245;0,21141;359,5422;121,0911;0,01403179
0,00455;0,07342;0,21277;359,5397;121,0813;0,02754579
0,00458;0,07397;0,21431;359,5468;121,0853;0,02213991
0,00447;0,07457;0,2158;359,5128;121,0813;0,003309573
0,00447;0,07515;0,2173;359,537;121,1062;-0,0008973854
0,00455;0,07566001;0,2188;359,5103;121,0969;0,004391185
0,00451;0,07645;0,22018;359,5017;121,0845;-0,005162965
0,00449;0,07711;0,22159;359,4972;121,1041;359,9849
0,00449;0,07773;0,223;359,5227;121,1158;0,004719278
0,0044;0,0787;0,22425;359,498;121,0968;359,9926
0,00442;0,07896;0,22578;359,5041;121,0894;0,007237856
0,0044;0,07923999;0,22731;359,5249;121,1053;359,993
0,00456;0,07948;0,22885;359,5169;121,1059;0,006592087
0,00471;0,07988;0,23032;359,6827;121,1613;359,9891
0,00491;0,08082;0,23155;359,5111;121,1129;359,9929
0,00473;0,08139;0,23292;359,5318;121,1123;0,009749247
0,00475;0,08212;0,23422;359,5227;121,1105;-0,0008907169
0,00482;0,0827;0,23557;359,5376;121,1186;0,003539833
0,00495;0,08315;0,23698;359,519;121,123;-0,00418812
0,00507;0,08362;0,23836;359,5268;121,1315;0,006425146
0,00506;0,08461;0,23951;359,5507;121,1444;359,9866
0,00497;0,08544;0,2407;359,5264;121,1378;359,9888
0,00501;0,08605999;0,24198;359,5369;121,1412;359,9836
0,00494;0,08668;0,24324;359,5364;121,1175;359,9887
0,00508;0,08696;0,24465;359,5347;121,1313;359,9876
0,00507;0,08731;0,24603;359,545;121,1231;359,9905
0,00509;0,08777;0,24736;359,5324;121,1262;359,9729
0,00502;0,08814;0,24872;359,6092;121,1446;-0,001017188
0,00499;0,0885;0,25007;359,4766;121,0765;359,9782
0,00491;0,08889;0,2514;359,3782;121,0545;0,01410304
0,00483;0,08951;0,25263;359,5733;121,1118;-0,003252501
0,00473;0,08998001;0,2539;359,5681;121,1105;-0,0009233557
0,0047;0,09089;0,25498;359,5748;121,0947;359,9929
0,00464;0,09134;0,25625;359,5741;121,1106;359,9917
0,0046;0,09228;0,25729;359,6805;121,1865;359,9868
0,00455;0,09289;0,25846;359,4717;121,049;0,04675777
0,00468;0,09358;0,25956;359,6256;121,1062;0,02249918
0,00489;0,09428;0,26065;359,614;121,1031;0,01546105
0,00503;0,09525;0,26163;359,6009;121,1019;0,002227256
0,00509;0,09603;0,26268;359,574;121,1013;-0,005533807
0,00521;0,09643;0,26389;359,6266;121,1133;0,001502273
0,00536;0,097;0,26503;359,5429;121,0825;-0,0009703178
0,00551;0,09771;0,26609;359,6217;121,1206;0,00579865
0,00524;0,09823;0,26721;359,6074;121,0941;0,01264966
0,00527;0,09857;0,26839;359,5949;121,0883;-0,002426926
0,00522;0,09867;0,26966;359,5786;121,0864;359,9929
0,00512;0,09875;0,27095;359,602;121,0789;0,004407219
0,00513;0,09894;0,27216;359,5776;121,0851;359,9903
0,00515;0,09903;0,27342;359,5641;121,058;-0,003979741
0,00521;0,09916;0,27465;359,5819;121,0778;0,003181525
0,0051;0,09934;0,27586;359,5781;121,0875;0,011906
0,00505;0,09935;0,27713;359,5919;121,0944;-0,004312412
0,00479;0,0991;0,27851;359,5644;121,0981;-0,003551534
0,00477;0,09917;0,27976;359,565;121,1122;0,002854328
0,00472;0,09932;0,28096;359,5994;121,1155;-0,001487177
0,00471;0,09968;0,28207;359,5623;121,1083;0,00792014
0,00485;0,10015;0,28314;359,5914;121,1153;-0,0004748703
0,00472;0,10028;0,28435;359,7628;121,1736;-0,003385041
0,0046;0,10053;0,28551;359,5664;121,1093;0,01410635
0,00451;0,10078;0,28667;359,617;121,1136;359,9879
0,00458;0,10108;0,2878;359,5823;121,1199;0,002402944
0,00457;0,1014;0,28892;359,5688;121,1343;0,017888
0,00378;0,05832;0,1829;359,5781;121,1327;0,011253
0,00363;0,05875;0,18473;359,5499;121,1222;0,02152183
0,00362;0,05924;0,18651;359,5631;121,1348;0,006894183
0,0036;0,05981;0,18825;359,5499;121,1433;-0,001826144
0,00359;0,0603;0,18999;359,5289;121,1356;359,9939
0,00365;0,06087;0,19169;359,5559;121,1473;-0,00448386
0,00383;0,06155;0,19333;359,5117;121,1458;0,002424751
0,00375;0,06206;0,19503;359,5403;121,1648;0,006824699
0,00398;0,0627;0,19666;359,5681;121,1427;0,01085324
0,00431;0,06814;0,21;359,5708;121,1609;0,009203086
0,00489;0,08102;0,24197;359,5364;121,1584;0,006080081
0,00446;0,07392;0,22478;359,5319;121,1632;359,9784
0,00525;0,09344999;0,27122;359,5544;121,1664;1,867686E-07
0,00524;0,09426;0,27253;359,5479;121,1688;359,9915
0,00558;0,10017;0,28585;359,5262;121,1696;0,01157262
0,00549;0,09934;0,2834;359,4404;121,1049;0,004804039
0,0053;0,09455001;0,27166;359,6948;121,2111;0,002118482
0,00562;0,10377;0,29347;359,4028;121,1108;0,01753608
0,00522;0,09448;0,27082;359,7029;121,2343;0,002010997
0,00479;0,08262;0,24191;359,3834;121,1164;0,006619369
0,0043;0,07073;0,21293;359,7;121,2158;359,9915
0,00392;0,06197;0,19149;359,5236;121,1468;0,002042697
0,00382;0,06248;0,19319;359,5463;121,1474;-0,001145867
0,00382;0,06315;0,1948;359,5943;121,1329;359,9815
0,00378;0,06364;0,19647;359,5367;121,1443;359,993
0,00381;0,06442;0,198;359,5367;121,1317;359,9899
0,00364;0,06005;0,18725;359,5403;121,1291;0,002890277
0,00366;0,06071;0,18887;359,5341;121,1634;359,9889
0,00375;0,06542;0,20026;359,5356;121,1478;0,008537655
0,00453;0,08981;0,25819;359,5419;121,1639;359,9719
0,00518;0,10908;0,30446;359,5663;121,1334;359,9812
0,00537;0,11627;0,3224;359,5606;121,144;0,01381001
0,00544;0,12371;0,34075;359,5296;121,1523;0,005053403
0,00553;0,1285;0,35356;359,5883;121,1346;-0,001620424
0,00556;0,13271;0,36384;359,5667;121,145;359,988
0,00561;0,13431;0,36735;359,5536;121,1452;359,9845
0,00552;0,12774;0,35132;359,5555;121,1553;359,9865
0,00542;0,12521;0,34573;359,4311;121,0815;359,9845
0,00551;0,12764;0,35174;359,521;121,1501;359,9793
0,00564;0,1253;0,34623;359,5344;121,1235;0,0005407367
0,00521;0,1102;0,30878;359,5713;121,124;359,9922
0,00518;0,10403;0,29261;359,5627;121,109;-0,001131723
0,00509;0,0993;0,28097;359,5451;121,1311;0,007699345
0,00485;0,09369;0,26687;359,5846;121,1215;0,01454556
0,00474;0,08978;0,25694;359,5804;121,128;0,01346456
0,00464;0,08692;0,24984;359,5565;121,1319;0,01892859
0,00474;0,08916;0,25445;359,683;121,1951;359,9926
0,00469;0,0868;0,2477;359,3764;121,0753;0,03722426
0,00453;0,08268;0,23723;359,5691;121,1545;0,01005506
0,00446;0,08179;0,23502;359,7035;121,219;359,9739
0,00458;0,08763;0,24924;359,5518;121,1556;0,0127508
0,00448;0,08887;0,2527;359,4556;121,1194;0,03029001
0,0045;0,08918;0,25324;359,5605;121,1632;0,02311675
0,00449;0,08789;0,24956;359,56;121,1786;0,01665479
0,00451;0,08527;0,24313;359,5841;121,1939;0,006783756
0,00457;0,08585;0,2446;359,8386;121,2843;0,01243792
0,0044;0,0823;0,23636;359,3199;121,1258;0,01233688
0,00427;0,07992;0,23088;359,5671;121,2196;-0,0008083198
0,00415;0,07724;0,22434;359,5963;121,219;0,02081533
0,00401;0,07454;0,21787;359,686;121,2665;359,976
0,00389;0,07093;0,20915;359,4635;121,1731;0,01466781
0,00388;0,06949;0,20543;359,5731;121,2158;-0,004468148
0,00373;0,06623001;0,19749;359,5847;121,2158;-0,003263863
0,00366;0,06467;0,19385;359,8906;121,3016;0,004218659
0,00372;0,06713;0,19956;359,6101;121,1971;359,9889
0,00374;0,0706;0,20786;359,5202;121,1692;-7,510803E-06
0,00399;0,07833999;0,22711;359,6418;121,1942;359,9883
0,00408;0,08143;0,23463;359,5293;121,1617;-0,003301934
0,00437;0,08813;0,25161;359,5825;121,1611;359,9883
0,00444;0,091;0,25866;359,4901;121,1327;359,9656
0,0043;0,0885;0,25264;359,3933;121,0798;0,0004924149
0,0041;0,08594;0,24636;359,7397;121,1887;359,9586
0,00452;0,09442;0,26742;359,4339;121,07;0,02059384
0,00479;0,10213;0,28579;359,7646;121,1716;359,9756
0,00477;0,09969001;0,27969;359,5756;121,1324;0,001470932
0,00457;0,09327;0,26386;359,5829;121,0894;0,003753582
0,0043;0,08627;0,2461;359,5566;121,0986;359,9872
0,00434;0,08717;0,24858;359,5598;121,1068;359,9863
0,00412;0,08041999;0,23188;359,3974;121,0205;0,02740941
0,00413;0,07883999;0,22808;359,5514;121,0999;-0,0009989991
0,0041;0,07739;0,22433;359,5537;121,0802;0,01248965
0,00427;0,07808;0,22642;359,5612;121,0656;359,989
0,00397;0,07318;0,21466;359,5361;121,0384;359,9942
0,00392;0,07212;0,2129;359,5222;121,0258;359,9849
0,00363;0,06219;0,18882;359,5114;121,0139;359,9875
0,00376;0,06836;0,2041;359,5118;121,0056;359,9884
0,00369;0,06648;0,19971;359,5237;120,9981;359,9851
0,00354;0,06095;0,18655;359,531;120,991;-0,003767095
0,00346;0,06022;0,1844;359,5321;120,9883;-0,0008053753
0,00332;0,06115;0,18647;359,5675;120,9976;0,0002532978
0,0033;0,06181;0,18795;359,5144;120,987;0,009510699
0,00321;0,06146;0,18692;359,5427;120,9964;-0,003225593
0,00326;0,06221;0,18922;359,5086;120,993;-0,001475268
0,00328;0,06283;0,19079;359,5085;120,9924;0,004116421
0,0032;0,06255;0,19016;359,5305;120,9992;-0,001181489
0,00302;0,06007;0,18425;359,5185;120,9942;0,001565703
0,00296;0,06446;0,1952;359,5113;120,9936;-0,002512427
0,00288;0,06622;0,19942;359,5181;120,9989;3,601985E-07
0,00281;0,06421;0,19467;359,5209;120,9887;359,9888
0,00282;0,06488;0,19621;359,5151;121,002;-0,0001527909
0,00288;0,06513;0,19792;359,5133;121,0114;359,9898
0,00285;0,06572;0,19948;359,501;121,0076;0,005014243
0,0028;0,06669001;0,20085;359,5333;121,0174;359,992
0,00307;0,06807;0,20205;359,5054;121,0078;0,01108896
0,00314;0,06839;0,20147;359,5347;121,0219;0,007018237
0,00315;0,06879;0,20194;359,5284;121,0257;0,001827351
0,00342;0,06928;0,20212;359,5283;121,0325;0
0,00352;0,06985;0,20366;359,5074;121,0188;0,02358128
0,00345;0,06246;0,18677;359,5493;121,0485;359,9919
0,00355;0,06275;0,18859;359,4989;121,0476;0,01239333
0,00374;0,06358;0,19017;359,5464;121,031;-0,000919503
0,00399;0,06423;0,19182;359,5238;121,0782;0,003593711
0,00419;0,06483001;0,19347;359,5083;121,0519;0,006628222
0,00398;0,06552;0,19508;359,5315;121,0564;-0,00058871
0,00383;0,06325;0,1897;359,517;121,0619;-0,0008974947
0,00389;0,06665;0,1984;359,5247;121,0525;359,9816
0,00403;0,07326;0,21417;359,5137;121,0572;0,005016514
0,00388;0,0718;0,21022;359,5634;121,0688;0,005983313
0,00359;0,0644;0,19152;359,5472;121,0509;0,02009673
0,00356;0,06666;0,19609;359,5498;121,0742;0,01344924
0,00364;0,07049;0,20502;359,5384;121,0564;0,008504302
0,00366;0,07543;0,21747;359,5638;121,0532;359,9906
0,00374;0,08377;0,23726;359,5192;121,0724;-0,003550542
0,00414;0,09704;0,26985;359,5361;121,0549;0,004616173
0,0046;0,10811;0,29753;359,5713;121,0508;0,002904712
0,00487;0,11735;0,32;359,5295;121,0524;-0,0001746026
0,00545;0,1353;0,36432;359,5146;121,0584;0,01735221
0,01073;0,25131;0,66457;359,5347;121,062;2,668131E-08
0,02593;0,2485;0,71852;359,5398;121,0532;0,006013069
-0,03492;0,11948;0,75609;359,5359;121,0594;0,002177261
-0,00572;0,05891;0,76474;359,5271;121,0722;-0,003943142
0,01838;0,04114;0,76542;359,5438;121,0514;-0,003311252
0,02977;0,13922;1,00318;359,5038;121,0751;359,982
0,03237;0,15852;0,99831;359,5494;121,0687;359,9891
0,03229;0,22309;0,98316;359,533;121,0605;359,9828
0,02281;0,29736;0,9617;359,5449;121,0637;359,9834
0,01052;0,13262;0,40434;359,5535;121,0586;359,9907
0,02831;0,51086;1,3514;359,5797;121,0519;359,9862
0,03811;0,7657;1,94886;359,5569;121,0664;359,9941
0,04353;1,12357;2,82134;359,5178;121,0748;0,0007831382
0,05717;1,40756;3,50557;359,5573;121,0862;-0,005356614
0,03476;0,92535;2,29289;359,549;121,0634;-0,00303195
0,02926;0,78847;1,96063;359,5547;121,0987;-0,001775115
0,02581;0,72382;1,80855;359,5394;121,0831;0,005980532
0,02478;0,63168;1,58548;359,5296;121,0793;0,01032626
0,02597;0,63432;1,59103;359,5433;121,1067;0,004000964
0,0283;0,65314;1,63752;359,5179;121,0762;0,008191033
0,03345;0,77155;1,93433;359,5632;121,1065;-7,737548E-07
0,03342;0,78146;1,95915;359,5493;121,0904;0,005068744
0,03535;0,83688;2,09858;359,5807;121,1135;-0,003184514
0,03541;0,82806;2,08029;359,5528;121,1173;359,9937
0,03853;0,87572;2,20152;359,5723;121,1195;359,9928
0,03924;0,84536;2,12212;359,5612;121,1196;359,988
0,04197;0,9076501;2,27858;359,5768;121,1243;0,002200688
0,04424;0,9489;2,37811;359,8268;121,2034;0,01865477
0,04361;0,96836;2,43195;359,5794;121,1195;0,0142617
0,04115;0,95281;2,39909;359,5932;121,1184;0,011514
0,04009;0,9441;2,38246;359,5802;121,111;0,00235385
0,03588;0,81095;2,04426;359,5735;121,1145;-0,005717427
0,02778;0,63193;1,59475;359,3395;121,0418;359,989
0,02232;0,5029;1,27023;359,7762;121,1774;0,01285899
0,01839;0,41401;1,04629;359,57;121,1135;-0,001823405
0,0176;0,38655;0,97859;359,5681;121,1133;0,0005306354
0,0156;0,33897;0,86318;359,6304;121,1255;0,002397953
0,01296;0,28505;0,72886;359,4678;121,088;359,9779
0,01058;0,22869;0,58705;359,705;121,1493;0,01754504
0,00879;0,1819;0,47105;359,5631;121,1182;359,9754
0,00708;0,13583;0,35875;359,4844;121,0816;359,97
0,00676;0,12935;0,34239;359,6288;121,1416;7,573399E-05
0,00692;0,1272;0,33783;359,5493;121,0854;359,9785
0,00672;0,12271;0,3279;359,6062;121,1064;359,9827
0,00609;0,11066;0,3002;359,6487;121,1062;-0,004137398
0,00523;0,09803;0,26934;359,5782;121,0869;359,9718
0,00506;0,10319;0,28142;359,463;121,0294;0,006504679
0,00486;0,10341;0,28225;359,7325;121,1345;359,9767
0,00529;0,11381;0,30712;359,6484;121,0809;359,9892
0,00583;0,12344;0,3293;359,4215;121,0201;0,01587457
0,00526;0,1076;0,29092;359,79;121,1319;359,9748
0,00489;0,09355;0,25805;359,597;121,0578;0,01080921
0,00441;0,08384;0,23601;359,6847;121,0632;359,9878
0,0042;0,0704;0,20387;359,5964;121,0552;0,004767283
0,00446;0,08058;0,22844;359,5781;121,0719;359,9914
0,00428;0,07002;0,20331;359,6415;121,0603;0,003201394
0,00422;0,06357;0,18891;359,6285;121,0703;0,01220328
0,00438;0,0663;0,19538;359,5634;121,077;0,008270679
0,00431;0,06061;0,18293;359,5896;121,0735;0,00664317
0,00453;0,06089;0,18479;359,646;121,0855;0,0247627
0,00484;0,06268;0,19099;359,4991;121,0829;359,9828
0,00456;0,06286;0,19283;359,66;121,0861;0,0323016
0,00473;0,06397;0,19424;359,5537;121,0869;0,02624471
0,00529;0,06271;0,19442;359,6296;121,0962;0,005818669
0,0056;0,07045;0,21421;359,5275;121,0825;-0,005096163
0,00598;0,07706;0,2316;359,643;121,0984;0,02199189
0,00548;0,0799;0,23714;359,5857;121,0969;359,9916
0,00538;0,06911;0,21044;359,5813;121,0864;-0,001760088
0,00448;0,0619;0,19283;359,5954;121,085;7,920283E-05
0,00515;0,07694;0,23007;359,588;121,0832;0,01156247
0,00392;0,06266;0,19299;359,6067;121,0712;0,02013366
0,00371;0,06369;0,19447;359,6728;121,1022;-0,000358444
0,00345;0,06094;0,18812;359,5379;121,0927;0,02258062
0,00342;0,06091;0,18821;359,5975;121,0995;0,007727335
0,00354;0,06822;0,20583;359,5764;121,1068;0,01324268
0,00356;0,06759;0,20426;359,631;121,1268;-0,003059962
0,00409;0,08612;0,24946;359,5371;121,0922;0,01446313
0,00419;0,09675;0,27474;359,5838;121,1155;-0,003858438
0,00427;0,10377;0,29105;359,5624;121,1023;-0,001920006
0,0042;0,10338;0,28964;359,5922;121,1025;0,002081233
0,00413;0,10417;0,29148;359,6266;121,1199;359,9886
0,00429;0,11142;0,30841;359,5301;121,0962;0,002053781
0,00423;0,11073;0,30642;359,5611;121,1095;359,9942
0,00455;0,12545;0,34242;359,5811;121,1209;359,993
0,00435;0,11929;0,32646;359,6405;121,1403;-0,00255342
0,00417;0,11676;0,31971;359,5405;121,106;0,000955897
0,0039;0,11039;0,30461;359,5728;121,1302;0,01141256
0,00394;0,11005;0,30416;359,347;121,0568;359,987
0,00385;0,10872;0,30181;359,5717;121,1219;0,002144339
0,00391;0,10905;0,30346;359,5749;121,1199;0,002073273
0,00482;0,12777;0,35154;359,5828;121,1192;359,994
0,00568;0,14567;0,39834;359,671;121,158;359,9749
0,00534;0,13679;0,37588;359,5719;121,1205;359,993
0,00515;0,12983;0,35827;359,4303;121,0588;0,02594843
0,00569;0,14016;0,3853;359,5699;121,1161;359,9925
0,00606;0,14757;0,40365;359,6951;121,1711;359,9755
0,00601;0,14236;0,38913;359,4276;121,0757;0,02630223
0,00526;0,10736;0,29986;359,584;121,1321;0,001813223
0,0049;0,09827;0,27634;359,5932;121,1331;0,01614254
0,00537;0,11139;0,30915;359,5807;121,1292;0,004186284
0,00487;0,10001;0,28164;359,5736;121,1317;0,01359094
0,00454;0,0917;0,26133;359,5813;121,1305;0,009554315
0,00483;0,09961;0,28212;359,5225;121,1171;359,9883
0,00519;0,10176;0,28774;359,5676;121,139;0,0001042301
0,005;0,09565;0,2717;359,5604;121,1175;-0,001747139
0,00511;0,09367;0,2665;359,5624;121,1078;0,002043473
0,00531;0,09618;0,27382;359,5868;121,1012;359,9872
0,00521;0,09244;0,26535;359,5484;121,1171;-0,005224764
0,00544;0,09643;0,2751;359,5558;121,0899;0,01215883
0,00566;0,09578;0,27375;359,5526;121,0972;-0,004712027
0,00634;0,10727;0,30316;359,5779;121,0968;359,9724
0,00651;0,11028;0,31053;359,5166;121,0939;0,01110741
0,00664;0,11215;0,31449;359,5927;121,0757;359,9788
0,00663;0,11191;0,3148;359,5375;121,0923;-0,002532348
0,00666;0,11216;0,31656;359,55;121,0846;359,9883
0,00745;0,12853;0,35902;359,5768;121,0719;359,9772
0,00789;0,13491;0,37513;359,521;121,0762;359,9885
0,00975;0,17472;0,47538;359,5739;121,1009;-0,00268786
0,01103;0,19778;0,53539;359,5346;121,0878;0,01090095
0,01196;0,21751;0,5863;359,5237;121,1109;0,02454028
0,01108;0,20479;0,55514;359,5533;121,0859;359,9839
0,01282;0,24154;0,64689;359,5334;121,0982;-0,002300422
0,01347;0,24731;0,66217;359,5507;121,094;0,001567523
0,01622;0,3092;0,81303;359,5554;121,0761;0,01905475
0,02014;0,37854;0,99138;359,5173;121,0881;0,01256539
0,01911;0,37371;0,973;359,568;121,0692;-0,0003106491
0,01816;0,35326;0,92203;359,5309;121,0954;0,002761824
0,01826;0,34327;0,89707;359,5474;121,0916;0,0001810723
0,01614;0,31167;0,81853;359,5477;121,0882;0,00754474
0,01478;0,28775;0,75799;359,5219;121,1047;0,01924884
0,01331;0,26441;0,69888;359,5198;121,0881;0,001417754
0,01263;0,24887;0,65979;359,5425;121,0947;359,9923
0,01234;0,24514;0,6501;359,5032;121,0635;0,002190492
0,01159;0,22852;0,60927;359,5769;121,0886;359,9804
0,01109;0,21691;0,57983;359,5368;121,0998;0,02969087
0,01206;0,22809;0,61017;359,5459;121,0737;0,002319362
0,01179;0,2224;0,59686;359,5315;121,0881;0,00804291
0,01341;0,2788;0,74049;359,5635;121,1048;0,001184232
0,01231;0,25034;0,66829;359,5493;121,0621;359,9783
0,01177;0,23808;0,63789;359,515;121,1011;0,0005880842
0,01027;0,20487;0,55352;359,5337;121,0948;0,002348449
0,00962;0,18901;0,51373;359,5467;121,0922;-0,002627825
0,00905;0,175;0,47885;359,549;121,0929;0,007456783
0,01125;0,22614;0,6047;359,5668;121,0965;0,01004065
0,00778;0,16084;0,44353;359,5452;121,0979;0,02291779
0,00692;0,15003;0,41627;359,5379;121,1035;0,008206565
0,00603;0,13109;0,36917;359,5473;121,105;0,01281873
0,00569;0,11671;0,33342;359,512;121,1109;0,004173383
0,00522;0,10087;0,29415;359,5493;121,0936;0,00387768
0,00533;0,10359;0,3007;359,5407;121,0855;-0,004282666
0,00513;0,0966;0,28292;359,541;121,0813;-0,000920064
0,00541;0,10771;0,31093;359,5544;121,0785;-0,002113527
0,00514;0,09942;0,29036;359,5275;121,0698;359,9811
0,00496;0,09589;0,28173;359,5401;121,0804;359,9935
0,00501;0,09559;0,28107;359,5193;121,0837;359,9855
0,00474;0,08333001;0,24967;359,5547;121,0818;359,9911
0,00486;0,08531;0,25442;359,598;121,0771;-0,001120258
0,00494;0,08585;0,25508;359,5428;121,0838;0,003739247
0,0048;0,08258;0,24569;359,5824;121,0663;359,9813
0,00515;0,09637;0,27944;359,5591;121,0748;0,0124998
0,00633;0,13096;0,3662;359,6034;121,056;-0,005593965
0,00707;0,154;0,42295;359,558;121,0663;0,0136818
0,00867;0,21549;0,57478;359,7825;121,1215;0,005293788
0,00883;0,22497;0,5974;359,5175;121,0395;359,9651
0,00901;0,24459;0,64538;359,5629;121,0715;0,01962141
0,00923;0,26502;0,6981;359,5689;121,072;0,01481629
0,008239999;0,24636;0,65351;359,5837;121,0631;0,02565671
0,00754;0,23251;0,61991;359,5511;121,087;0,0191141
0,00781;0,25955;0,6893;359,5746;121,0754;0,003937258
0,00696;0,23275;0,62346;359,5681;121,0767;0,007634807
0,00561;0,17782;0,48749;359,4422;121,0295;0,01757744
0,00501;0,15273;0,42617;359,5498;121,0657;0,01621119
0,00471;0,14223;0,4007;359,5973;121,0557;0,0001301904
0,00507;0,16164;0,45004;359,551;121,0586;359,9917
0,00551;0,1796;0,49576;359,5531;121,0495;359,9902
0,00575;0,17987;0,49669;359,5693;121,0549;359,9905
0,00648;0,19961;0,54573;359,5504;121,0523;359,9843
0,00732;0,23799;0,64343;359,6826;121,0994;359,9839
0,00798;0,25716;0,69233;359,449;121,0123;0,009314219
0,00937;0,28773;0,76817;359,5939;121,0622;0,003179119
0,00773;0,21;0,57349;359,6076;121,0736;0,0131965
0,00713;0,18113;0,50081;359,5965;121,0563;0,0007271396
0,00675;0,16226;0,45102;359,6011;121,0682;0,001529399
0,01142;0,26797;0,71544;359,5793;121,0727;359,9928
0,009319999;0,22014;0,59644;359,5998;121,0665;0,007570901
0,00744;0,17235;0,47357;359,6045;121,0707;-0,002811196
0,00689;0,14601;0,40745;359,5823;121,0587;-0,002799358
0,00553;0,09734;0,28412;359,5991;121,0685;359,9891
0,00508;0,08482;0,25287;359,5959;121,0608;0,007780299
0,00479;0,08076999;0,24153;359,5876;121,0703;359,9894
0,00512;0,09455001;0,27511;359,7504;121,143;359,9895
0,00508;0,09722;0,2802;359,6059;121,0629;359,9875
0,00514;0,10114;0,29069;359,5977;121,0816;359,9899
0,00461;0,09029;0,26307;359,6224;121,0832;359,9908
0,00456;0,09357;0,26965;359,5826;121,0882;0,007663421
0,00456;0,1003;0,2858;359,6309;121,0824;359,987
0,00411;0,09978;0,28249;359,6152;121,0822;359,9854
0,00385;0,10252;0,28857;359,6268;121,0593;0,0009405449
0,00353;0,09880999;0,27781;359,6037;121,0929;0,001528892
0,0035;0,09963;0,27931;359,654;121,0774;359,9918
0,00337;0,0914;0,25824;359,6198;121,0817;-0,003156137
0,00382;0,09251;0,26122;359,6418;121,0692;-0,004569752
0,00391;0,08745;0,24787;359,6003;121,0874;0,02935623
0,00447;0,08826;0,25048;359,6146;121,0891;359,9714
0,00487;0,08802;0,25057;359,5914;121,0822;-0,0008889611
0,00539;0,09074;0,2579;359,6432;121,0861;-0,002305833
0,0058;0,09516;0,27013;359,5945;121,1109;359,9923
0,00602;0,09581;0,27221;359,6396;121,1017;0,002882517
0,00629;0,09657;0,2756;359,6275;121,1037;0,01031929
0,00624;0,09614;0,27475;359,6363;121,0991;0,0103762
0,00568;0,08738;0,25376;359,64;121,1104;-0,003341949
0,00576;0,08865;0,25755;359,5991;121,1273;0,01415445
0,00526;0,08735;0,25425;359,6155;121,0998;0,0002177172
0,00494;0,08627;0,25092;359,6065;121,0952;-0,0006398383
0,00473;0,09031;0,2615;359,6261;121,0965;0,0115873
0,00444;0,0887;0,25736;359,6502;121,1021;359,9822
0,00387;0,08091;0,23716;359,6299;121,0879;0,01700821
0,00369;0,08128;0,23725;359,6456;121,0883;359,9937
0,00338;0,075;0,22162;359,6564;121,0914;5,202776E-07
0,00339;0,07245;0,21536;359,6399;121,0712;359,9895
0,00366;0,07368;0,21877;359,6452;121,0842;359,9892
0,00372;0,06823;0,20602;359,6613;121,0809;359,9818
0,00387;0,06886;0,20755;359,682;121,0803;359,9726
0,00348;0,0607;0,18786;359,6627;121,0828;359,9836
0,00342;0,06179;0,18967;359,6756;121,0819;359,9735
0,0036;0,06241;0,19134;359,6438;121,08;359,9898
0,00389;0,06274;0,19313;359,6676;121,081;3,868727E-07
0,00356;0,06058;0,18789;359,665;121,0953;359,9738
0,00378;0,06697;0,20401;359,4789;121,0273;-0,005133833
0,0038;0,07145;0,21523;359,8245;121,134;359,9821
0,00382;0,07746;0,23028;359,5049;121,0156;0,01098154
0,00376;0,08081;0,23807;359,6712;121,0709;0,01204493
0,00412;0,0965;0,27648;359,6723;121,0684;0,008092519
0,00422;0,09891;0,2825;359,6922;121,076;-0,0010814
0,00424;0,09389;0,27052;359,8782;121,1327;359,993
0,00432;0,09182;0,26679;359,6841;121,068;0,01141984
0,00423;0,08873;0,25981;359,6762;121,0521;0,02107218
0,00493;0,08679;0,25852;359,6975;121,0787;0,004289445
0,00564;0,09842;0,29074;359,6335;121,0653;0,0200053
0,00511;0,09973;0,29247;359,7104;121,0916;359,9921
0,00512;0,10538;0,30607;359,6851;121,0821;0,02068369
0,0043;0,10424;0,30222;359,6907;121,0998;0,004042251
0,00471;0,10678;0,31145;359,6756;121,0761;0,02665954
0,0047;0,12104;0,34723;359,4925;121,019;0,02889417
0,00506;0,14355;0,40442;359,7031;121,1021;-0,002607673
0,0058;0,17338;0,47954;359,6419;121,0752;359,9901
0,00632;0,19664;0,5389;359,645;121,0754;0,0007345396
0,00629;0,21085;0,57489;359,6666;121,0789;0,001918488
0,00604;0,21832;0,59308;359,8362;121,1456;359,9617
0,00603;0,22067;0,59832;359,6971;121,0914;0,008918471
0,00595;0,21733;0,58931;359,6458;121,079;0,01443409
0,00638;0,22841;0,61631;359,6829;121,0986;0,004032382
0,0064;0,22848;0,61471;359,6575;121,0934;0,01330222
0,00667;0,23231;0,62247;359,6734;121,1125;-0,004925208
0,00708;0,24992;0,66612;359,6816;121,1171;0,001567633
0,00673;0,24274;0,64836;359,6762;121,1196;359,9927
0,00642;0,23279;0,62276;359,6472;121,0994;0,01918767
0,00625;0,22102;0,59297;359,6572;121,1085;0,005531204
0,00625;0,21161;0,56829;359,6821;121,1137;0,005940581
0,00593;0,19779;0,53293;359,6558;121,1207;359,99
0,00603;0,19935;0,53595;359,6462;121,1184;-0,002027844
0,00695;0,23872;0,6309;359,6835;121,1369;359,992
0,00673;0,22252;0,59095;359,6204;121,1169;0,006664584
0,00664;0,21775;0,57992;359,6453;121,1198;-0,005606346
0,00617;0,18789;0,5052;359,6396;121,1138;0,0004038162
0,00647;0,18872;0,50587;359,6613;121,1161;-0,002441048
0,00654;0,18007;0,48346;359,6449;121,101;0,00434467
0,00711;0,18875;0,5035;359,6408;121,1161;-0,002456675
0,00771;0,20211;0,53569;359,6367;121,1071;0,0002235998
0,00868;0,21971;0,57784;359,6422;121,0991;0,002239879
0,00956;0,23554;0,61602;359,6129;121,1137;0,006867886
0,009819999;0,23956;0,62539;359,6492;121,134;-0,004749752
0,009670001;0,23299;0,60874;359,62;121,1261;-0,005009387
0,00906;0,21305;0,55831;359,6352;121,1192;-0,00356898
0,00754;0,18782;0,50019;359,6111;121,1408;359,9943
0,00665;0,15193;0,41042;359,4434;121,078;0,01885843
0,00828;0,23212;0,61045;359,647;121,149;-0,005416603
0,00792;0,2897;0,77604;359,6515;121,1518;0,03817855
0,09477;0,61813;2,29015;359,6266;121,1425;0,01587296
4E-05;0,37024;2,34568;359,5912;121,1584;0,01300172
-0,09057;0,32703;2,3545;359,5763;121,1332;0,001324919
-0,02095;0,3274;2,3537;359,6317;121,1417;359,9884
0,00533;0,02024;0,21568;359,598;121,135;0,001740393
0,01816;0,12244;0,58351;359,6137;121,1287;359,9939
0,03114;0,31529;1,00832;359,5898;121,1094;0,007183074
0,07912999;1,16542;3,16017;359,5975;121,1141;0,008729239
0,06825;1,03341;2,67032;359,6176;121,1064;0,003117784
0,0172;0,2703;0,70539;359,5712;121,1306;-0,005205497
0,01161;0,18205;0,48509;359,5804;121,115;359,9791
0,01041;0,13859;0,38296;359,5868;121,1202;-0,001207027
0,00676;0,10848;0,30607;359,5603;121,1227;0,0005303024
0,0065;0,09945;0,28096;359,6229;121,1048;359,9907
0,00571;0,11039;0,30314;359,5767;121,1356;-0,00507757
0,00471;0,10505;0,28694;359,635;121,1085;359,9717
0,00427;0,1178;0,31565;359,6086;121,1156;0,01118646
0,00387;0,08708;0,24235;359,5555;121,1021;-0,0003523923
0,00359;0,08457;0,2368;359,6135;121,1127;0,004552531
0,00376;0,08723;0,24341;359,6027;121,1042;0,01069399
0,00469;0,10989;0,29915;359,6178;121,1157;359,9882
0,00535;0,12196;0,32968;359,5937;121,0977;-0,005604244
0,00632;0,14485;0,38624;359,5707;121,1115;-0,0009178323
0,00669;0,15005;0,40086;359,6319;121,0778;359,9916
0,00746;0,16758;0,44505;359,598;121,0969;0,001173888
0,00805;0,18244;0,48413;359,5865;121,0852;0,002131048
-0,01716;0,17205;0,48949;359,6279;121,1065;-0,000194878
0,0095;0,19125;0,51138;359,5808;121,0968;0,00461489
0,00805;0,16011;0,43304;359,6097;121,1061;359,994
0,0084;0,16583;0,44897;359,6012;121,0914;-0,00196394
0,00549;0,10719;0,29917;359,6014;121,0941;-0,0008061286
0,00625;0,12611;0,34742;359,605;121,1026;-0,003918514
0,00637;0,12734;0,35193;359,5886;121,0854;-0,0006174945
0,00622;0,12282;0,34049;359,5882;121,0856;0,009052543
0,00609;0,11744;0,32715;359,6073;121,1021;0,01209453
0,00576;0,10859;0,30424;359,6148;121,0876;0,01601201
0,00678;0,12228;0,34058;359,5911;121,0935;0,01561705
0,0061;0,11114;0,31145;359,5757;121,1005;-0,003100457
0,00724;0,13572;0,37464;359,5555;121,0971;0,0004186284
0,00688;0,12916;0,35767;359,5964;121,089;-0,002210675
0,00664;0,12539;0,34783;359,5921;121,0888;359,9872
0,0065;0,12868;0,35479;359,5626;121,0954;0,003405522
0,00607;0,12179;0,33588;359,6068;121,0653;0,007381313
0,00632;0,13385;0,3656;359,5708;121,0739;359,9892
0,00605;0,13314;0,36269;359,5751;121,0719;0,0207652
0,00598;0,13933;0,37806;359,5525;121,0658;359,9772
0,00525;0,1324;0,35966;359,5843;121,07;0,002924278
0,00535;0,13454;0,36554;359,5594;121,0847;359,9903
0,00503;0,12615;0,34405;359,5908;121,0683;0,004544619
0,00504;0,12883;0,35037;359,6129;121,0729;0,002889289
0,00446;0,1196;0,32669;359,5963;121,0558;-0,003304119
0,00409;0,11872;0,32502;359,6149;121,0567;359,9736
0,00344;0,1014;0,28215;359,6098;121,0419;359,9808
0,00325;0,09526;0,26809;359,5984;121,0412;359,9805
0,00317;0,08607;0,24677;359,6133;121,0317;0,001465149
0,00318;0,08613;0,24788;359,5869;121,0301;359,988
0,00344;0,08128;0,23667;359,5927;121,0262;359,9898
0,00337;0,07736;0,22717;359,5962;121,0271;0,004105259
0,00379;0,09245;0,26632;359,5886;121,0236;-0,004695263
0,00356;0,10882;0,30653;359,567;121,0302;359,9894
0,00331;0,10246;0,2901;359,5883;121,0218;0,01583687
0,00339;0,10516;0,29664;359,5637;121,0197;359,994
0,00336;0,10378;0,29261;359,5862;121,0177;0,002757681
0,00337;0,10684;0,29973;359,5783;121,0148;-0,0008931914
0,00333;0,11076;0,30909;359,589;121,0121;0,006858019
0,00309;0,10877;0,30333;359,5659;121,0128;0,009138961
0,00285;0,10802;0,30123;359,5912;121,0175;359,9911
0,0028;0,12903;0,35373;359,5841;121,0226;359,9902
0,00242;0,11606;0,32086;359,6018;121,0223;0,006807114
0,00228;0,10794;0,30072;359,591;121,0253;0,004474235
0,00224;0,10526;0,29398;359,6173;121,0369;359,9884
0,00226;0,10439;0,29178;359,5947;121,0229;0,01026786
0,00325;0,11348;0,31715;359,6127;121,031;0,007671477
0,00342;0,11401;0,3187;359,6003;121,0355;-0,003578039
0,00348;0,11923;0,33114;359,5736;121,0222;0,01004408
0,00379;0,12191;0,3382;359,5959;121,0282;0,005666463
0,00377;0,12208;0,33813;359,59;121,0348;-0,00152684
0,00392;0,12554;0,34631;359,5917;121,0382;359,9911
0,00386;0,12011;0,33279;359,5967;121,0338;0,006775301
0,00389;0,12114;0,33492;359,5672;121,0468;0,01083627
0,00402;0,1245;0,34297;359,5839;121,0336;359,9942
0,00415;0,12944;0,35519;359,6036;121,0259;0,002615678
0,00405;0,13152;0,36026;359,6186;121,0638;6,003228E-07
0,00408;0,13582;0,37076;359,7587;121,0862;359,9648
0,00476;0,1466;0,39707;359,6339;121,0503;359,9848
0,00439;0,14432;0,39197;359,601;121,0738;0,00383271
0,00393;0,14028;0,38275;359,6323;121,0589;-0,002684413
0,00358;0,13584;0,37188;359,6326;121,0746;359,9917
0,00341;0,13874;0,37957;359,6261;121,0727;359,9893
0,00348;0,14018;0,38393;359,6213;121,0729;-0,003023532
0,00328;0,13381;0,36931;359,6217;121,0782;359,9865
0,00317;0,12662;0,35211;359,6253;121,0813;359,9931
0,00299;0,11554;0,32484;359,63;121,0719;0,009271908
0,00315;0,10032;0,28758;359,6286;121,068;359,9911
0,00287;0,08401;0,24774;359,6374;121,0689;-4,535763E-07
0,00272;0,07761;0,23188;359,6089;121,0472;359,9841
0,0026;0,07892;0,23617;359,6461;121,0728;-0,001153403
0,00278;0,07788;0,23443;359,6407;121,0706;359,9789
0,00258;0,07015;0,21523;359,6378;121,0742;0,02290126
0,00277;0,07803;0,23519;359,6627;121,0778;359,9659
0,00284;0,08744;0,25872;359,6191;121,0754;0,009840919
0,00318;0,10181;0,29344;359,6519;121,089;-0,001491584
0,00328;0,10875;0,31027;359,6537;121,0901;0,001720919
0,00323;0,10921;0,31185;359,6569;121,0895;359,993
0,00315;0,11131;0,31772;359,6731;121,0775;0,008869571
0,00331;0,12096;0,34205;359,6647;121,0812;359,9919
0,00322;0,12092;0,34237;359,6801;121,0741;0,0002508133
0,00303;0,12529;0,3531;359,6837;121,0696;0,01457938
0,00283;0,11909;0,33886;359,6541;121,061;0,02696539
0,00303;0,12995;0,3657;359,645;121,0971;359,9932
0,00329;0,13951;0,38906;359,4887;121,0391;0,01544633
0,00327;0,13939;0,38891;359,6616;121,1005;0,007852106
0,00308;0,13469;0,37837;359,8173;121,151;359,9939
0,00333;0,13774;0,38583;359,6596;121,0887;0,009288114
0,00397;0,15304;0,42291;359,6729;121,0861;0,01373184
0,00528;0,19247;0,51666;359,6428;121,0851;0,007281483
0,0051;0,18458;0,49861;359,6684;121,0775;3,882067E-06
0,00545;0,18022;0,4878;359,6248;121,0782;-0,0008639309
0,00577;0,18626;0,50255;359,6669;121,0991;-0,002762218
0,00609;0,18975;0,51033;359,6483;121,0707;359,9916
0,00625;0,18728;0,50376;359,6461;121,0953;0,01611486
0,00704;0,19739;0,52821;359,6251;121,0752;-0,004900872
0,0075;0,20569;0,54817;359,6474;121,0801;359,9921
0,00742;0,20555;0,5476;359,6422;121,0748;359,9925
0,00776;0,20914;0,55547;359,6497;121,0638;0,001730591
0,008189999;0,22083;0,58404;359,6269;121,0723;-0,004773149
0,00869;0,23168;0,61079;359,6341;121,0659;0,007950409
0,01257;0,32266;0,82937;359,6337;121,0769;0,01496777
0,0132;0,33499;0,85844;359,6548;121,0767;0,01038469
0,01173;0,3171;0,8166;359,4512;121,0259;0,02766533
0,009819999;0,28928;0,74938;359,6293;121,0903;0,02353604
0,00899;0,27349;0,71068;359,6031;121,0888;0,01798144
0,00875;0,26478;0,69019;359,6294;121,1049;0,02752232
0,00855;0,26391;0,68804;359,5906;121,104;0,01189118
0,00837;0,26938;0,70144;359,6003;121,0817;0,01958441
0,00817;0,26808;0,69768;359,557;121,0761;0,01510468
0,00756;0,25372;0,66079;359,7074;121,1412;359,9757
0,0069;0,23918;0,62417;359,4702;121,0595;0,01740284
0,00522;0,21179;0,55733;359,7503;121,1628;359,9926
0,00548;0,22986;0,59933;359,6681;121,134;0,02812738
0,00601;0,24538;0,63514;359,5916;121,1236;0,01805948
0,00758;0,28964;0,74289;359,4069;121,0779;0,009189606
0,0069;0,26725;0,68846;359,5656;121,1315;0,01313949
0,00732;0,26314;0,67879;359,6933;121,2052;359,9924
0,00744;0,26205;0,67526;359,5554;121,1488;0,001304138
0,01054;0,33549;0,84595;359,5608;121,1351;0,03717375
0,01138;0,3514;0,88251;359,4486;121,0909;0,0344039
0,01152;0,35044;0,88041;359,5482;121,1588;-0,002003162
0,01211;0,36192;0,90757;359,5692;121,1662;0,006968537
0,01173;0,31537;0,80017;359,5535;121,164;0,004967286
0,01123;0,31548;0,801;359,51;121,1645;-0,004043032
0,01128;0,31671;0,80202;359,5055;121,1611;0,01029946
0,01169;0,32423;0,81839;359,5334;121,1855;0,00452399
0,01229;0,33338;0,83752;359,4832;121,163;359,9887
0,01212;0,32498;0,8178;359,5324;121,1899;359,9901
0,01374;0,34776;0,86969;359,4779;121,2001;-0,003779933
0,01375;0,34765;0,86931;359,5387;121,1696;359,9838
0,01464;0,36207;0,89994;359,5125;121,1918;0,004284124
0,01452;0,35441;0,87927;359,6274;121,2439;0,00355683
0,01562;0,36675;0,90463;359,3491;121,159;0,09683302
0,01551;0,35559;0,87749;359,5412;121,2548;0,08745764
0,01576;0,39129;0,95458;359,3752;121,2084;0,07070288
0,01382;0,37493;0,91231;359,3075;121,1067;0,1096972
0,0108;0,35331;0,85933;359,6297;121,3595;0,04638492
0,00651;0,2576;0,63185;359,3724;121,2884;0,08075818
0,00658;0,23762;0,58802;359,3792;121,3942;0,1036985
0,00731;0,21538;0,54056;359,5;121,4989;0,03451193
0,00998;0,2482;0,62158;359,492;121,5554;0,02471277
0,01347;0,27316;0,68365;359,4589;121,6519;0,0367085
0,01565;0,27973;0,70467;359,4848;121,6787;0,01710711
0,01847;0,26437;0,67826;359,5273;121,7313;0,03197888
0,02282;0,28915;0,74497;359,4488;121,7214;0,01385205
0,02444;0,28695;0,7426;359,3889;121,843;0,06122991
0,02618;0,24722;0,65018;359,5739;121,8069;0,1128039
0,02627;0,24867;0,65392;359,5157;121,814;0,1205973
0,02858;0,2674;0,69844;359,6375;121,8943;0,1156233
0,03317;0,3003;0,78509;359,5272;121,7823;0,03611041
0,03277;0,29617;0,77726;359,7407;121,7939;0,2595133
0,03339;0,30378;0,80179;359,2509;121,8041;359,8202
0,0328;0,30945;0,81678;359,6221;121,8266;0,05952944
0,03318;0,3325;0,88045;359,6341;121,9713;0,1648171
0,03029;0,32476;0,86067;359,5757;121,7575;359,9782
0,02423;0,30641;0,8159699;359,4985;121,7041;359,9792
0,01693;0,2478;0,65752;359,4998;121,6779;0,02729658
0,01523;0,25146;0,66588;359,5101;121,6464;0,01963651
0,01574;0,30975;0,80631;359,5284;121,6029;359,9164
0,01547;0,38133;0,98642;359,4307;121,6125;0,00845403
0,01773;0,51973;1,32591;359,544;121,6026;0,07649969
0,01918;0,63739;1,62112;359,5126;121,6105;0,03973411
0,02024;0,67948;1,72013;359,5511;121,6122;0,0004698834
0,01904;0,75481;1,90239;359,4616;121,6151;0,0234098
0,0189;0,73933;1,86366;359,4639;121,6609;0,02436292
0,01543;0,65342;1,64799;359,5406;121,6938;0,03125142
0,01458;0,65862;1,66125;359,4823;121,721;0,02579405
0,01375;0,6476;1,63282;359,3893;121,6769;0,006597803
0,01239;0,62364;1,57198;359,4589;121,6736;359,9785
0,01223;0,61468;1,54474;359,3662;121,7248;359,9806
0,01308;0,63915;1,59942;359,3198;121,6848;0,01241528
0,014;0,73483;1,82592;359,3336;121,7304;0,02971627
0,0145;0,94826;2,33278;359,3707;121,6831;-4,802766E-07
0,01237;0,92979;2,28701;359,4485;121,7816;359,9547
0,00535;0,54;1,3358;359,2583;121,6412;0,005200984
0,00238;0,30603;0,76486;359,3701;121,7233;0,01288052
0,00174;0,26288;0,66097;359,403;121,8204;0,05912578
0,00157;0,24168;0,60609;359,4669;121,7846;0,06579169
0,00085;0,20249;0,50289;359,4312;122,0187;0,08053419
0,00246;0,27315;0,68181;359,4647;121,8485;0,03535457
0,00166;0,26455;0,64001;359,3459;121,7572;0,05327554
-0,00414;0,40521;0,97602;359,2025;121,7011;0,02190224
-0,01568;0,73032;1,76259;359,2493;121,7461;0,01304035
-0,02625;0,94896;2,29524;359,3599;121,7075;359,9844
-0,01946;0,60449;1,45732;359,2405;121,7112;359,9777
-0,01306;0,34399;0,83183;359,2929;121,6891;0,0007391041
-0,01415;0,36802;0,88124;359,3545;121,7471;359,8878
-0,01552;0,37512;0,8989;359,1526;121,6056;359,9532
-0,01892;0,44727;1,06533;359,2299;121,6434;359,9813
-0,02163;0,51457;1,2217;359,3862;121,7182;359,9917
-0,02573;0,62702;1,48403;359,4694;121,6682;0,01530487
-0,02864;0,68242;1,61656;359,2288;121,6891;0,03776506
-0,04572;1,00254;2,37011;359,2471;121,5567;359,9557
-0,07065;1,35782;3,18661;359,236;121,5567;359,9758
-0,08586;1,55994;3,65312;359,2719;121,5307;359,9359
-0,09408;1,64188;3,84946;359,3327;121,5313;359,9445
-0,10658;1,8165;4,25432;359,3962;121,573;359,9061
-0,11259;1,84218;4,32181;359,2969;121,5403;0,02284102
-0,11119;1,83422;4,30297;359,1718;121,4837;0,05584461
-0,1185;1,93693;4,54442;359,283;121,536;0,06490569
-0,1448;2,3047;5,41565;359,2994;121,5599;0,07468166
-0,1363;2,16783;5,09157;359,1518;121,6319;0,1920272
-0,14228;2,34258;5,49687;359,2483;121,6204;0,1561809
-0,14463;2,40528;5,66126;359,2408;121,5675;0,130645
-0,14652;2,40568;5,68212;359,3905;121,6479;0,1114522
-0,13595;2,201;5,23363;359,2483;121,6247;0,07165838
-0,13422;2,14008;5,10143;359,3006;121,6415;0,1379339
-0,14738;2,16793;5,21308;359,3054;121,6632;0,1045323
-0,15001;1,98578;4,77499;359,2725;121,6606;0,1051707
-0,16982;2,03806;4,92129;359,3577;121,6866;0,0442499
-0,16655;1,93544;4,67631;359,3058;121,6732;359,8783
-0,16064;1,89304;4,61661;359,3531;121,6262;359,9134
-0,10519;1,26644;3,12811;359,31;121,6421;0,001869846
-0,1047;1,1652;2,92121;359,224;121,6349;0,0489265
-0,09648;1,05013;2,60232;359,4112;121,7054;359,9715
-0,06396;0,66893;1,6604;359,3996;121,7496;359,9803
-0,03168;0,34177;0,86643;359,2776;121,7608;359,9866
-0,01875;0,20685;0,53895;359,4171;121,7906;-0,0002002469
-0,01591;0,18125;0,47774;359,2185;121,626;0,178248
-0,0126;0,15526;0,41634;359,3344;121,8924;0,01942672
-0,01017;0,13707;0,37324;359,3594;121,9044;0,06847104
-0,0089;0,13896;0,38667;359,4418;121,8908;0,1757609
-0,00667;0,11873;0,34088;359,5167;121,982;0,2874202
-0,00652;0,14961;0,42905;359,4554;122,1261;0,1284061
-0,00971;0,37857;1,03385;359,5516;122,1757;0,08569244
-0,00264;0,16729;0,47262;359,2186;121,9698;0,211758
-0,00103;0,1775;0,50109;359,6808;122,2366;0,06756458
0,00196;0,12326;0,35869;359,5391;122,3142;0,04086988
0,0043;0,15961;0,46027;359,5869;122,2598;0,1015048
0,00536;0,14222;0,41643;359,3871;122,218;0,08098026
0,00554;0,12021;0,35943;359,813;122,4258;359,9641
0,00781;0,16554;0,4765;359,4986;122,4233;0,007920202
0,01179;0,24658;0,68731;359,5005;122,4481;0,009858591
0,01293;0,25398;0,70927;359,526;122,4429;359,9702
0,0129;0,23912;0,67357;359,4908;122,4166;359,9717
0,01113;0,20481;0,58515;359,1815;122,346;0,04507168
0,01059;0,19553;0,56101;359,713;122,4968;359,9356
0,00949;0,17881;0,51731;359,4554;122,4637;359,9705
0,00928;0,16947;0,49422;359,3707;122,3187;0,2434155
0,00834;0,14727;0,43846;359,3967;122,5514;359,7069
0,00887;0,15659;0,46552;359,4832;122,5693;359,9343
0,00823;0,14489;0,43421;359,4321;122,5641;359,9233
0,00855;0,15766;0,46741;359,4009;122,5508;359,8752
0,00714;0,14639;0,43602;358,988;122,4797;359,7342
0,00569;0,10561;0,3366;359,6375;122,7204;359,7769
0,00544;0,10903;0,3441;359,1797;122,6097;359,9218
0,00417;0,08548;0,27786;359,2285;122,6518;359,9899
0,00363;0,06388;0,21563;358,9844;122,6456;0,05944483
0,00406;0,07218;0,23784;359,2019;122,7636;359,9924
0,00437;0,08377;0,26965;359,4954;122,8322;0,1792944
0,00437;0,08537;0,27475;358,8058;122,7597;359,7665
0,00403;0,07691;0,25176;359,2658;122,829;359,9767
0,00417;0,07715;0,25214;358,7497;122,9028;0,1519676
0,00463;0,08668;0,27984;359,0417;123,0611;0,1068601
0,00519;0,09630001;0,30828;359,0292;123,0755;0,3236326
0,00552;0,0902;0,29572;358,9279;123,2487;359,8465
0,00712;0,10873;0,34798;359,046;123,3036;0,1160766
0,00629;0,08928;0,29683;358,8355;123,3079;0,1570028
0,00614;0,08378;0,28135;359,0217;123,4184;0,04703411
0,00582;0,07832;0,26626;358,9819;123,4409;359,9096
0,00614;0,08714;0,28988;358,6658;123,2777;359,4858
0,00782;0,10838;0,3508;358,7758;123,5502;359,7984
0,01131;0,14291;0,44862;358,7462;123,5924;359,8888
0,01075;0,13326;0,42357;358,9015;123,6702;0,04892159
0,01038;0,10977;0,35638;358,4342;123,7051;359,5892
0,00773;0,07294;0,25025;358,622;123,7269;359,8794
0,00995;0,10115;0,33296;358,7422;123,7584;0,0155278
0,00741;0,09712;0,3199;358,2617;123,7383;359,6317
0,00527;0,07967;0,27321;358,4811;123,7808;359,9279
0,004;0,06104;0,21912;358,0305;123,88;359,772
0,00403;0,05952;0,21481;358,5653;123,9673;0,1892577
0,00558;0,07714;0,27112;358,2572;124,0481;359,9279
0,00625;0,08563;0,29961;358,4268;124,12;0,1673185
0,00621;0,09288;0,32431;358,5098;124,1372;0,4299361
0,00607;0,08597;0,30584;358,2739;124,1809;0,1939891
0,00504;0,07623;0,26986;358,4062;124,3092;0,2064961
0,00505;0,08949;0,30576;358,2307;124,4166;0,1565549
0,00721;0,10623;0,35744;358,1658;124,5666;359,9412
0,00621;0,09801999;0,33673;358,4145;124,6088;0,3258196
0,00681;0,11283;0,38987;358,1937;124,6775;0,07354002
0,0075;0,12453;0,43687;358,1725;124,7712;0,1364037
0,00899;0,1362;0,47758;358,2204;124,9161;359,9902
0,0101;0,13982;0,49639;358,0051;124,9504;0,06169332
0,0109;0,14393;0,51577;357,9647;125,1801;359,8163
0,00989;0,12609;0,46003;357,9938;125,3156;0,1266588
0,009930001;0,11306;0,42075;358,1154;125,5069;0,2865992
0,01131;0,11255;0,42289;357,8263;125,6748;359,8768
0,01382;0,12116;0,46;358,0425;125,8293;0,3107549
0,0166;0,13125;0,50004;358,0462;126,0389;359,9689
0,0189;0,13911;0,53298;357,8181;126,1287;0,02315298
0,02036;0,14618;0,5604;357,9397;126,34;359,9819
0,02202;0,15331;0,58748;357,8005;126,4798;0,02724115
0,02505;0,16169;0,61707;357,6712;126,7651;0,1109613
0,02948;0,16968;0,64892;357,8163;127,0157;0,1078875
0,0313;0,16796;0,64576;357,6094;127,1663;0,1546463
0,03344;0,16979;0,6572199;357,5159;127,3171;0,2269238
0,03509;0,15004;0,58095;357,6847;127,6513;0,07245132
0,0419;0,16389;0,644;357,2566;127,7787;0,2542
0,04557;0,16426;0,64187;357,5458;128,2092;0,0002838199
0,0442;0,15722;0,61608;356,9402;128,2637;0,1479058
0,04558;0,16034;0,6183;357,2362;128,5363;0,05360656
0,04766;0,16127;0,61461;357,2612;128,7314;0,02153585
0,04931;0,15949;0,59758;356,8642;128,8333;0,1256829
0,05046;0,15807;0,58462;357,0075;129,0783;0,1191019
0,05113;0,15693;0,57593;357,1759;129,3809;0,03547363
0,05123;0,15624;0,57143;356,362;129,4716;0,2060603
0,05052;0,15425;0,56427;356,6865;129,8559;0,1148228
0,05555;0,16379;0,58122;356,5984;130,0497;0,09703749
0,05613;0,16353;0,57275;355,911;130,386;0,005370351
0,05662;0,1653;0,57336;356,8984;130,5085;0,2099125
0,05356;0,14796;0,51949;355,9076;130,6405;0,07255889
0,05187;0,13921;0,48976;355,8661;130,8586;0,1144687
0,0541;0,1414;0,49246;355,8929;130,9694;0,02143332
0,05948;0,15821;0,53196;356,0615;131,1573;359,9003
0,05459;0,13768;0,47243;355,3439;131,3612;359,7936
0,05316;0,13161;0,44829;356,1215;131,3813;0,04058637
0,04969;0,12223;0,41356;356,0786;131,9517;359,8811
0,04709;0,11505;0,38641;354,598;131,7792;0,006677566
0,04674;0,11373;0,37854;355,7196;132,224;359,9372
0,04688;0,11243;0,37263;355,1077;132,1705;-0,001497853
0,0485;0,11656;0,38126;354,3556;132,0691;359,9101
0,04999;0,11945;0,38707;355,4691;132,4596;359,946
0,05038;0,12098;0,39013;354,4872;132,3172;359,9497
0,05065;0,12085;0,39065;354,5137;132,4018;0,02207191
0,05126;0,12112;0,3921;355,3707;132,7719;359,9687
0,05354;0,12671;0,40602;353,9696;132,3745;359,9818
0,05798;0,13727;0,43036;354,698;133,1429;0,04950829
0,06356;0,14922;0,46075;354,4215;133,188;0,08331008
0,06496;0,15046;0,4663;354,4146;133,3241;359,7907
0,064;0,14659;0,45935;354,0305;133,2974;0,6936573
0,05838;0,1351;0,43065;24,10673;313,8925;355,8076
0,06442;0,14827;0,45682;357,451;132,5885;0,8027465
0,06882;0,15441;0,46125;348,4449;144,9964;356,2296
0,06668;0,14859;0,44212;12,80888;142,2944;0,6691183
0,06666;0,1481;0,43942;340,1874;118,0834;3,164178
0,06741001;0,1499;0,44311;21,88512;308,7643;354,1779
0,06911;0,15309;0,45097;30,21201;299,5337;352,4322
0,0689;0,15189;0,44841;31,20912;328,1377;1,933955
0,06887;0,1511;0,44829;354,8353;134,1599;0,1923781
0,06951001;0,15288;0,45413;353,6297;134,1248;0,02070207
0,06963;0,1533;0,45603;352,9446;133,984;0,01000214
0,06991;0,15387;0,45804;25,08594;326,0559;359,0453
0,07003;0,15469;0,46048;23,27426;301,3798;352,6671
0,06962001;0,15361;0,45639;352,8279;134,1619;359,8843
0,06711;0,14837;0,43894;353,8551;134,5305;0,01034077
0,06039;0,13406;0,39323;353,1359;134,401;0,02721659
